date,code,open,high,low,close,preclose,volume,amount,pctChg,turn,peTTM,pbMRQ
2020-01-02,sh.600117,3.59,3.62,3.56,3.58,3.57,11665344.0,41800631.0,0.2801,1.1162,-2.704495,3.139675
2020-01-03,sh.600117,3.57,3.61,3.55,3.59,3.58,7812784.0,28005814.0,0.2793,0.7476,-2.712049,3.148445
2020-01-06,sh.600117,3.56,3.64,3.54,3.6,3.59,9777872.0,35189037.0,0.2786,0.9356,-2.719604,3.157215
2020-01-07,sh.600117,3.58,3.8,3.58,3.75,3.6,27035318.0,101040355.0,4.1667,2.5868,-2.832921,3.288766
2020-01-08,sh.600117,3.71,3.77,3.64,3.65,3.75,14463800.0,53397324.0,-2.6667,1.3839,-2.757376,3.201066
2020-01-09,sh.600117,3.69,3.73,3.65,3.66,3.65,8066900.0,29620564.0,0.274,0.7719,-2.764931,3.209836
2020-01-10,sh.600117,3.68,3.68,3.57,3.6,3.66,6916700.0,24963701.0,-1.6393,0.6618,-2.719604,3.157215
2020-01-13,sh.600117,3.61,3.62,3.54,3.61,3.6,6874844.0,24587975.0,0.2778,0.6578,-2.727158,3.165985
2020-01-14,sh.600117,3.62,3.63,3.55,3.57,3.61,8957236.0,32258442.0,-1.108,0.8571,-2.69694,3.130905
2020-01-15,sh.600117,3.58,3.58,3.51,3.52,3.57,6705325.0,23699841.0,-1.4006,0.6416,-2.659168,3.087055
2020-01-16,sh.600117,3.53,3.55,3.52,3.54,3.52,3817501.0,13502497.0,0.5682,0.3653,-2.674277,3.104595
2020-01-17,sh.600117,3.54,3.57,3.52,3.52,3.54,4407331.0,15591804.0,-0.565,0.4217,-2.659168,3.087055
2020-01-20,sh.600117,3.53,3.56,3.49,3.56,3.52,5112200.0,18065423.0,1.1364,0.4892,-2.689386,3.122135
2020-01-21,sh.600117,3.57,3.6,3.52,3.52,3.56,5789134.0,20623295.0,-1.1236,0.5539,-2.659168,3.087055
2020-01-22,sh.600117,3.5,3.55,3.42,3.5,3.52,4417562.0,15368343.0,-0.5682,0.4227,-2.644059,3.069515
2020-01-23,sh.600117,3.5,3.51,3.3,3.37,3.5,6376700.0,21799854.0,-3.7143,0.6101,-2.545851,2.955504
2020-02-03,sh.600117,3.03,3.03,3.03,3.03,3.37,3045400.0,9227562.0,-10.089,0.2914,-2.289,2.657323
2020-02-04,sh.600117,2.76,3.03,2.76,2.98,3.03,11653965.0,34512222.0,-1.6502,1.1151,-2.251228,2.613473
2020-02-05,sh.600117,3.0,3.09,2.99,3.03,2.98,8445300.0,25739557.0,1.6779,0.8081,-2.289,2.657323
2020-02-06,sh.600117,3.04,3.06,3.0,3.05,3.03,8121963.0,24637115.0,0.6601,0.7771,-2.304109,2.674863
2020-02-07,sh.600117,3.05,3.07,3.0,3.05,3.05,6794500.0,20613944.0,0.0,0.6501,-2.304109,2.674863
2020-02-10,sh.600117,3.03,3.19,3.01,3.16,3.05,11193288.0,34965563.0,3.6066,1.071,-2.387208,2.771334
2020-02-11,sh.600117,3.16,3.44,3.15,3.29,3.16,20218000.0,67286848.0,4.1139,1.9345,-2.485416,2.885344
2020-02-12,sh.600117,3.19,3.26,3.17,3.25,3.29,11244638.0,36108819.0,-1.2158,1.0759,-2.455198,2.850264
2020-02-13,sh.600117,3.3,3.3,3.2,3.21,3.25,6794666.0,21975499.0,-1.2308,0.6501,-2.42498,2.815184
2020-02-14,sh.600117,3.17,3.28,3.16,3.24,3.21,7020600.0,22719398.0,0.9346,0.6718,-2.447643,2.841494
2020-02-17,sh.600117,3.21,3.31,3.2,3.3,3.24,8475211.0,27690396.0,1.8518,0.8109,-2.49297,2.894114
2020-02-18,sh.600117,3.31,3.42,3.27,3.36,3.3,13695126.0,45746702.0,1.8182,1.3104,-2.538297,2.946734
2020-02-19,sh.600117,3.32,3.34,3.27,3.29,3.36,9017056.0,29774260.0,-2.0833,0.8628,-2.538297,2.946734
2020-02-20,sh.600117,3.27,3.34,3.27,3.34,3.29,8430361.0,27884876.0,1.5198,0.8066,-2.523188,2.929194
2020-02-21,sh.600117,3.31,3.37,3.3,3.35,3.34,10846436.0,36158851.0,0.2994,1.0378,-2.530742,2.937964
2020-02-24,sh.600117,3.34,3.34,3.3,3.33,3.35,8863987.0,29426033.0,-0.597,0.8481,-2.515634,2.920424
2020-02-25,sh.600117,3.26,3.28,3.19,3.27,3.33,10384174.0,33698047.0,-1.8018,0.9936,-2.470307,2.867804
2020-02-26,sh.600117,3.25,3.45,3.21,3.36,3.27,16703569.0,56004170.0,2.7523,1.5982,-2.538297,2.946734
2020-02-27,sh.600117,3.35,3.41,3.31,3.33,3.36,8855600.0,29661111.0,-0.8929,0.8473,-2.515634,2.920424
2020-02-28,sh.600117,3.26,3.26,3.14,3.15,3.33,10285335.0,32921079.0,-5.4054,0.9841,-2.379653,2.762564
2020-03-02,sh.600117,3.17,3.33,3.16,3.31,3.15,10849773.0,35634321.0,5.0794,1.0381,-2.500525,2.902884
2020-03-03,sh.600117,3.36,3.4,3.29,3.32,3.31,11992964.0,40021900.0,0.3021,1.1475,-2.508079,2.911654
2020-03-04,sh.600117,3.29,3.4,3.27,3.39,3.32,13813475.0,46440352.0,2.1084,1.3217,-2.56096,2.973045
2020-03-05,sh.600117,3.42,3.49,3.41,3.46,3.39,19352134.0,66850750.0,2.0649,1.8517,-2.613841,3.034435
2020-03-06,sh.600117,3.43,3.44,3.39,3.39,3.46,12778960.0,43577461.0,-2.0231,1.2227,-2.56096,2.973045
2020-03-09,sh.600117,3.39,3.4,3.27,3.28,3.39,11825715.0,39118414.0,-3.2448,1.1315,-2.477861,2.876574
2020-03-10,sh.600117,3.24,3.35,3.18,3.35,3.28,11418448.0,37391449.0,2.1341,1.0926,-2.530742,2.937964
2020-03-11,sh.600117,3.34,3.53,3.32,3.39,3.35,18562825.0,63586912.0,1.194,1.7761,-2.56096,2.973045
2020-03-12,sh.600117,3.31,3.55,3.3,3.5,3.39,26973967.0,93319949.0,3.2448,2.5809,-2.644059,3.069515
2020-03-13,sh.600117,3.33,3.6,3.3,3.54,3.5,30717864.0,107475543.0,1.1429,2.9392,-2.674277,3.104595
2020-03-16,sh.600117,3.56,3.63,3.44,3.48,3.54,25531048.0,89872104.0,-1.6949,2.4429,-2.62895,3.051975
2020-03-17,sh.600117,3.46,3.51,3.27,3.35,3.48,17770421.0,59915322.0,-3.7356,1.7003,-2.530742,2.937964
2020-03-18,sh.600117,3.38,3.43,3.2,3.21,3.35,18870043.0,62412953.0,-4.1791,1.8055,-2.42498,2.815184
2020-03-19,sh.600117,3.19,3.2,3.04,3.14,3.21,13493002.0,42115721.0,-2.1807,1.2911,-2.372099,2.753793
2020-03-20,sh.600117,3.17,3.21,3.12,3.17,3.14,6985626.0,22043236.0,0.9554,0.6684,-2.394762,2.780104
2020-03-23,sh.600117,3.1,3.13,3.05,3.07,3.17,6303574.0,19426783.0,-3.1546,0.6031,-2.319218,2.692403
2020-03-24,sh.600117,3.11,3.16,3.07,3.14,3.07,5683676.0,17740024.0,2.2801,0.5438,-2.372099,2.753793
2020-03-25,sh.600117,3.2,3.2,3.15,3.17,3.14,6155074.0,19512668.0,0.9554,0.5889,-2.394762,2.780104
2020-03-26,sh.600117,3.16,3.17,3.1,3.11,3.17,5860486.0,18335163.0,-1.8928,0.5607,-2.349436,2.727483
2020-03-27,sh.600117,3.18,3.18,3.11,3.12,3.11,4770800.0,15018938.0,0.3215,0.4565,-2.35699,2.736253
2020-03-30,sh.600117,3.08,3.18,3.03,3.12,3.12,8258897.0,25513768.0,0.0,0.7902,-2.35699,2.736253
2020-03-31,sh.600117,3.12,3.15,3.08,3.09,3.12,4192563.0,13058688.0,-0.9615,0.4012,-2.334327,2.709943
2020-04-01,sh.600117,3.09,3.13,3.06,3.07,3.09,4296400.0,13289540.0,-0.6472,0.4111,-2.319218,2.692403
2020-04-02,sh.600117,3.05,3.11,3.04,3.11,3.07,3845394.0,11885009.0,1.3029,0.3679,-2.349436,2.727483
2020-04-03,sh.600117,3.11,3.12,3.06,3.08,3.11,3101900.0,9556875.0,-0.9646,0.2968,-2.326772,2.701173
2020-04-07,sh.600117,3.1,3.17,3.1,3.15,3.08,6548225.0,20559359.0,2.2727,0.6266,-2.379653,2.762564
2020-04-08,sh.600117,3.13,3.18,3.12,3.17,3.15,6045499.0,19070026.0,0.6349,0.5785,-2.394762,2.780104
2020-04-09,sh.600117,3.17,3.19,3.15,3.17,3.17,4741401.0,15036255.0,0.0,0.4537,-2.394762,2.780104
2020-04-10,sh.600117,3.15,3.17,3.1,3.1,3.17,4099400.0,12831341.0,-2.2082,0.3922,-2.341881,2.718713
2020-04-13,sh.600117,3.08,3.14,3.08,3.11,3.1,3327259.0,10336394.0,0.3226,0.3184,-2.349436,2.727483
2020-04-14,sh.600117,3.1,3.14,3.09,3.12,3.11,3203831.0,9990507.0,0.3215,0.3066,-2.35699,2.736253
2020-04-15,sh.600117,3.14,3.14,3.09,3.1,3.12,3145801.0,9794589.0,-0.641,0.301,-2.341881,2.718713
2020-04-16,sh.600117,3.08,3.13,3.08,3.11,3.1,2827600.0,8777440.0,0.3226,0.2706,-2.349436,2.727483
2020-04-17,sh.600117,3.12,3.15,3.11,3.12,3.11,4245044.0,13263529.0,0.3215,0.4062,-2.35699,2.736253
2020-04-20,sh.600117,3.11,3.17,3.08,3.14,3.12,4835101.0,15111856.0,0.641,0.4626,-2.372099,2.753793
2020-04-21,sh.600117,3.15,3.15,3.08,3.11,3.14,4518972.0,14050611.0,-0.9554,0.4324,-2.349436,2.727483
2020-04-22,sh.600117,3.08,3.11,3.08,3.1,3.11,3216201.0,9963553.0,-0.3215,0.3077,-2.341881,2.718713
2020-04-23,sh.600117,3.1,3.11,3.08,3.08,3.1,2959300.0,9166274.0,-0.6452,0.2832,-2.326772,2.701173
2020-04-24,sh.600117,3.08,3.09,3.05,3.06,3.08,5537601.0,16960181.0,-0.6494,0.5299,-2.311663,2.683633
2020-04-27,sh.600117,3.06,3.1,3.05,3.08,3.06,3965702.0,12206031.0,0.6536,0.3795,-2.326772,2.701173
2020-04-28,sh.600117,3.06,3.07,2.92,3.0,3.08,5124890.0,15335756.0,-2.5974,0.4904,-2.266337,2.631013
2020-04-29,sh.600117,3.02,3.08,2.99,3.0,3.0,3732200.0,11285866.0,0.0,0.3571,32.767401,2.289133
2020-04-30,sh.600117,2.92,3.02,2.91,3.0,3.0,6844773.0,20392150.0,0.0,0.6549,-170.685331,2.456207
2020-05-06,sh.600117,2.97,3.0,2.93,2.98,3.0,6616060.0,19605001.0,-0.6667,0.633,-169.547428,2.439833
2020-05-07,sh.600117,2.97,2.98,2.95,2.96,2.98,3365160.0,9970033.0,-0.6711,0.322,-168.409526,2.423458
2020-05-08,sh.600117,2.97,3.0,2.96,2.98,2.96,3762452.0,11223859.0,0.6757,0.36,-169.547428,2.439833
2020-05-11,sh.600117,2.99,3.07,2.98,3.02,2.98,6649430.0,20072170.0,1.3423,0.6362,-171.823233,2.472582
2020-05-12,sh.600117,3.02,3.02,2.96,2.99,3.02,3248552.0,9662688.0,-0.9934,0.3108,-170.11638,2.44802
2020-05-13,sh.600117,3.0,3.0,2.96,2.98,2.99,2452668.0,7293711.0,-0.3344,0.2347,-169.547428,2.439833
2020-05-14,sh.600117,2.98,2.98,2.94,2.95,2.98,2005500.0,5938462.0,-1.0067,0.1919,-167.840575,2.415271
2020-05-15,sh.600117,2.95,2.97,2.93,2.94,2.95,1963345.0,5787726.0,-0.339,0.1879,-167.271624,2.407083
2020-05-18,sh.600117,3.0,3.02,2.97,2.97,2.94,5288745.0,15862876.0,1.0204,0.506,-168.978477,2.431645
2020-05-19,sh.600117,2.98,3.0,2.95,2.97,2.97,3166645.0,9393879.0,0.0,0.303,-168.978477,2.431645
2020-05-20,sh.600117,2.97,2.98,2.95,2.95,2.97,2036800.0,6025118.0,-0.6734,0.1949,-167.840575,2.415271
2020-05-21,sh.600117,2.97,3.0,2.95,2.97,2.95,3251780.0,9661329.0,0.678,0.3111,-168.978477,2.431645
2020-05-22,sh.600117,2.97,2.99,2.92,2.92,2.97,3827204.0,11307108.0,-1.6835,0.3662,-166.133722,2.390708
2020-05-25,sh.600117,2.91,2.95,2.89,2.92,2.92,2658810.0,7754303.0,0.0,0.2544,-166.133722,2.390708
2020-05-26,sh.600117,2.94,2.96,2.91,2.94,2.92,1883112.0,5526834.0,0.6849,0.1802,-167.271624,2.407083
2020-05-27,sh.600117,2.95,2.99,2.93,2.99,2.94,4389128.0,13037386.0,1.7007,0.42,-170.11638,2.44802
2020-05-28,sh.600117,2.98,2.98,2.92,2.95,2.99,4026767.0,11851869.0,-1.3378,0.3853,-167.840575,2.415271
2020-05-29,sh.600117,2.95,2.95,2.92,2.94,2.95,1706251.0,5007663.0,-0.339,0.1633,-167.271624,2.407083
2020-06-01,sh.600117,2.95,2.98,2.93,2.97,2.94,4212001.0,12464519.0,1.0204,0.403,-168.978477,2.431645
2020-06-02,sh.600117,2.97,2.99,2.95,2.99,2.97,4230076.0,12563180.0,0.6734,0.4047,-170.11638,2.44802
2020-06-03,sh.600117,2.99,3.0,2.97,2.98,2.99,2674000.0,7972073.0,-0.3344,0.2559,-169.547428,2.439833
2020-06-04,sh.600117,2.98,2.99,2.95,2.97,2.98,3043455.0,9019606.0,-0.3356,0.2912,-168.978477,2.431645
2020-06-05,sh.600117,2.97,2.97,2.95,2.96,2.97,3201442.0,9456280.0,-0.3367,0.3063,-168.409526,2.423458
2020-06-08,sh.600117,2.97,3.1,2.96,3.03,2.96,9998379.0,30311952.0,2.3649,0.9567,-172.392184,2.480769
2020-06-09,sh.600117,3.03,3.03,2.96,2.98,3.03,6410029.0,19164458.0,-1.6502,0.6133,-169.547428,2.439833
2020-06-10,sh.600117,2.97,2.99,2.94,2.95,2.98,5221001.0,15433024.0,-1.0067,0.4996,-167.840575,2.415271
2020-06-11,sh.600117,2.93,2.95,2.92,2.92,2.95,3105800.0,9109019.0,-1.0169,0.2972,-166.133722,2.390708
2020-06-12,sh.600117,2.88,2.94,2.88,2.93,2.92,2739340.0,7990208.0,0.3425,0.2621,-166.702673,2.398896
2020-06-15,sh.600117,2.92,2.95,2.9,2.9,2.93,2758740.0,8050041.0,-1.0239,0.264,-164.99582,2.374334
2020-06-16,sh.600117,2.9,3.0,2.9,2.97,2.9,7444901.0,22059566.0,2.4138,0.7124,-168.978477,2.431645
2020-06-17,sh.600117,2.95,3.06,2.94,3.01,2.97,9712706.0,29373753.0,1.3468,0.9293,-171.254282,2.464395
2020-06-18,sh.600117,3.01,3.31,2.98,3.31,3.01,45905708.0,149919218.0,9.9668,4.3924,-188.322815,2.710015
2020-06-19,sh.600117,3.19,3.32,3.07,3.25,3.31,38698965.0,122398186.0,-1.8127,3.7028,-184.909108,2.660891
2020-06-22,sh.600117,3.18,3.21,3.1,3.12,3.25,16527602.0,51908327.0,-4.0,1.5814,-177.512744,2.554456
2020-06-23,sh.600117,3.11,3.15,3.05,3.11,3.12,13726897.0,42558456.0,-0.3205,1.3134,-176.943793,2.546268
2020-06-24,sh.600117,3.09,3.11,3.06,3.06,3.11,9054259.0,27900561.0,-1.6077,0.8663,-174.099037,2.505331
2020-06-29,sh.600117,3.04,3.04,2.96,2.98,3.06,13579790.0,40573035.0,-2.6144,1.2994,-169.547428,2.439833
2020-06-30,sh.600117,3.0,3.01,2.96,2.98,2.98,8074778.0,24046573.0,0.0,0.7726,-169.547428,2.439833
2020-07-01,sh.600117,2.96,3.01,2.96,3.0,2.98,8011831.0,23887405.0,0.6711,0.7666,-170.685331,2.456207
2020-07-02,sh.600117,2.99,3.09,2.98,3.07,3.0,12074671.0,36638694.0,2.3333,1.1553,-174.667988,2.513519
2020-07-03,sh.600117,3.07,3.15,3.05,3.13,3.07,16082922.0,49997914.0,1.9544,1.5389,-178.081695,2.562643
2020-07-06,sh.600117,3.15,3.28,3.13,3.27,3.13,25267408.0,81346239.0,4.4728,2.4177,-186.04701,2.677266
2020-07-07,sh.600117,3.29,3.37,3.16,3.17,3.27,24341855.0,79218891.0,-3.0581,2.3291,-180.357499,2.595392
2020-07-08,sh.600117,3.17,3.4,3.16,3.37,3.17,31594996.0,104108196.0,6.3091,3.0231,-191.736521,2.75914
2020-07-09,sh.600117,3.35,3.71,3.29,3.71,3.37,57361063.0,204616044.0,10.089,5.4885,-211.080859,3.03751
2020-07-10,sh.600117,3.72,3.98,3.57,3.61,3.71,68583801.0,261406131.0,-2.6954,6.5623,-205.391348,2.955636
2020-07-13,sh.600117,3.6,3.92,3.52,3.84,3.61,47166928.0,174947279.0,6.3712,4.5131,-218.477223,3.143945
2020-07-14,sh.600117,3.78,3.88,3.66,3.73,3.84,29842396.0,111767069.0,-2.8646,2.8554,-212.218761,3.053884
2020-07-15,sh.600117,3.71,3.72,3.52,3.54,3.73,23896462.0,86150676.0,-5.0938,2.2865,-201.40869,2.898325
2020-07-16,sh.600117,3.54,3.6,3.33,3.37,3.54,15386701.0,53550867.0,-4.8023,1.4722,-191.736521,2.75914
2020-07-17,sh.600117,3.38,3.46,3.33,3.4,3.37,11792922.0,39980796.0,0.8902,1.1284,-193.443375,2.783702
2020-07-20,sh.600117,3.46,3.62,3.42,3.6,3.4,17834441.0,62979374.0,5.8823,1.7065,-204.822397,2.947449
2020-07-21,sh.600117,3.57,3.61,3.48,3.51,3.6,12188148.0,42912519.97,-2.5,1.1662,-199.701837,2.873763
2020-07-22,sh.600117,3.5,3.57,3.47,3.48,3.51,10998205.0,38697593.2,-0.8547,1.0523,-197.994984,2.8492
2020-07-23,sh.600117,3.47,3.5,3.38,3.49,3.48,10815012.0,37215556.7,0.2874,1.0348,-198.563935,2.857388
2020-07-24,sh.600117,3.48,3.52,3.33,3.36,3.49,10869703.0,37096082.13,-3.7249,1.04,-191.16757,2.750952
2020-07-27,sh.600117,3.34,3.39,3.31,3.36,3.36,5554625.0,18629134.61,0.0,0.5315,-191.16757,2.750952
2020-07-28,sh.600117,3.37,3.44,3.33,3.37,3.36,6843936.0,23188101.7,0.2976,0.6548,-191.736521,2.75914
2020-07-29,sh.600117,3.34,3.42,3.27,3.42,3.37,8722712.0,29374330.58,1.4837,0.8346,-194.581277,2.800076
2020-07-30,sh.600117,3.41,3.46,3.37,3.38,3.42,7007384.0,23883053.56,-1.1696,0.6705,-192.305473,2.767327
2020-07-31,sh.600117,3.36,3.43,3.35,3.4,3.38,6395866.0,21641343.74,0.5917,0.612,-193.443375,2.783702
2020-08-03,sh.600117,3.42,3.49,3.41,3.49,3.4,11751701.0,40576289.46,2.6471,1.1244,-198.563935,2.857388
2020-08-04,sh.600117,3.5,3.5,3.43,3.44,3.49,9094138.0,31398491.15,-1.4327,0.8702,-195.719179,2.816451
2020-08-05,sh.600117,3.44,3.46,3.37,3.45,3.44,7684601.0,26272421.4,0.2907,0.7353,-196.28813,2.824638
2020-08-06,sh.600117,3.49,3.49,3.41,3.46,3.45,8652903.0,29898573.86,0.2899,0.8279,-196.857081,2.832826
2020-08-07,sh.600117,3.44,3.45,3.36,3.4,3.46,8909300.0,30347014.0,-1.7341,0.8525,-193.443375,2.783702
2020-08-10,sh.600117,3.4,3.44,3.36,3.42,3.4,6967841.0,23734956.22,0.5882,0.6667,-194.581277,2.800076
2020-08-11,sh.600117,3.42,3.45,3.33,3.35,3.42,8423300.0,28584289.66,-2.0468,0.806,-190.598619,2.742765
2020-08-12,sh.600117,3.31,3.35,3.26,3.35,3.35,7601049.0,25130898.23,0.0,0.7273,-190.598619,2.742765
2020-08-13,sh.600117,3.36,3.43,3.35,3.39,3.35,7444284.0,25247433.09,1.194,0.7123,-192.874424,2.775514
2020-08-14,sh.600117,3.37,3.4,3.33,3.39,3.39,4683901.0,15761465.38,0.0,0.4482,-192.874424,2.775514
2020-08-17,sh.600117,3.39,3.45,3.38,3.45,3.39,10598941.0,36312183.43,1.7699,1.0141,-196.28813,2.824638
2020-08-18,sh.600117,3.47,3.54,3.46,3.5,3.45,17190300.0,60214995.68,1.4493,1.6448,60.115896,2.620866
2020-08-19,sh.600117,3.47,3.49,3.42,3.44,3.5,9674400.0,33394760.99,-1.7143,0.9257,59.085338,2.575936
2020-08-20,sh.600117,3.44,3.64,3.4,3.51,3.44,20344606.0,71780725.31,2.0349,1.9466,60.287655,2.628354
2020-08-21,sh.600117,3.47,3.5,3.43,3.49,3.51,11495934.0,39746523.35,-0.5698,1.1,59.944136,2.613377
2020-08-24,sh.600117,3.48,3.49,3.4,3.41,3.49,7591600.0,25978524.33,-2.2923,0.7264,58.570058,2.553472
2020-08-25,sh.600117,3.41,3.43,3.35,3.36,3.41,6442622.0,21800531.92,-1.4663,0.6164,57.71126,2.516031
2020-08-26,sh.600117,3.35,3.37,3.31,3.32,3.36,5153701.0,17202039.31,-1.1905,0.4931,57.024221,2.486078
2020-08-27,sh.600117,3.32,3.37,3.3,3.36,3.32,4957589.0,16544501.43,1.2048,0.4744,57.71126,2.516031
2020-08-28,sh.600117,3.36,3.41,3.31,3.38,3.36,6525946.0,22026927.54,0.5952,0.6244,58.054779,2.531007
2020-08-31,sh.600117,3.39,3.41,3.35,3.35,3.38,5621400.0,19019883.26,-0.8876,0.5379,57.5395,2.508543
2020-09-01,sh.600117,3.35,3.4,3.35,3.38,3.35,3929346.0,13265399.28,0.8955,0.376,58.054779,2.531007
2020-09-02,sh.600117,3.38,3.38,3.32,3.34,3.38,5090719.0,17039047.46,-1.1834,0.4871,57.36774,2.501055
2020-09-03,sh.600117,3.33,3.43,3.32,3.37,3.34,6816489.0,23066691.82,0.8982,0.6522,57.88302,2.523519
2020-09-04,sh.600117,3.33,3.34,3.28,3.33,3.37,5873000.0,19456907.0,-1.1869,0.5619,57.195981,2.493566
2020-09-07,sh.600117,3.31,3.37,3.31,3.32,3.33,4634409.0,15484068.2,-0.3003,0.4434,57.024221,2.486078
2020-09-08,sh.600117,3.34,3.42,3.31,3.42,3.32,8239920.0,27867799.3,3.012,0.7884,58.741818,2.56096
2020-09-09,sh.600117,3.4,3.75,3.37,3.68,3.42,39595690.0,141480732.76,7.6023,3.7886,63.20757,2.755653
2020-09-10,sh.600117,3.66,3.66,3.37,3.41,3.68,23853582.0,83416274.46,-7.337,2.2824,58.570058,2.553472
2020-09-11,sh.600117,3.34,3.6,3.34,3.49,3.41,17661056.0,61650171.57,2.346,1.6899,59.944136,2.613377
2020-09-14,sh.600117,3.52,3.64,3.41,3.43,3.49,12362200.0,43057989.0,-1.7192,1.1829,58.913578,2.568448
2020-09-15,sh.600117,3.44,3.46,3.4,3.45,3.43,6747141.0,23116592.81,0.5831,0.6456,59.257097,2.583425
2020-09-16,sh.600117,3.42,3.48,3.4,3.42,3.45,6314700.0,21672338.0,-0.8696,0.6042,58.741818,2.56096
2020-09-17,sh.600117,3.42,3.42,3.35,3.36,3.42,6410255.0,21652391.45,-1.7544,0.6134,57.71126,2.516031
2020-09-18,sh.600117,3.37,3.45,3.34,3.44,3.36,6360055.0,21583610.34,2.381,0.6085,59.085338,2.575936
2020-09-21,sh.600117,3.43,3.47,3.4,3.43,3.44,6046600.0,20786620.0,-0.2907,0.5786,58.913578,2.568448
2020-09-22,sh.600117,3.38,3.43,3.35,3.35,3.43,5947600.0,20099681.0,-2.3324,0.5691,57.5395,2.508543
2020-09-23,sh.600117,3.37,3.38,3.33,3.34,3.35,3432200.0,11502906.0,-0.2985,0.3284,57.36774,2.501055
2020-09-24,sh.600117,3.34,3.34,3.22,3.24,3.34,7226759.0,23679402.53,-2.994,0.6915,55.650143,2.426173
2020-09-25,sh.600117,3.25,3.27,3.21,3.25,3.24,3855400.0,12494355.0,0.3086,0.3689,55.821903,2.433661
2020-09-28,sh.600117,3.23,3.27,3.22,3.23,3.25,2414155.0,7822371.2,-0.6154,0.231,55.478384,2.418685
2020-09-29,sh.600117,3.25,3.27,3.22,3.25,3.23,2482910.0,8067781.3,0.6192,0.2376,55.821903,2.433661
2020-09-30,sh.600117,3.25,3.26,3.19,3.21,3.25,4099500.0,13196184.0,-1.2308,0.3923,55.134864,2.403708
2020-10-09,sh.600117,3.23,3.3,3.23,3.26,3.21,3203911.0,10481297.85,1.5576,0.3066,55.993663,2.441149
2020-10-12,sh.600117,3.28,3.33,3.27,3.32,3.26,4996411.0,16508727.4,1.8405,0.4781,57.024221,2.486078
2020-10-13,sh.600117,3.32,3.32,3.25,3.28,3.32,5166755.0,16940999.3,-1.2048,0.4944,56.337182,2.456125
2020-10-14,sh.600117,3.26,3.28,3.24,3.26,3.28,2384101.0,7772428.26,-0.6098,0.2281,55.993663,2.441149
2020-10-15,sh.600117,3.25,3.31,3.25,3.27,3.26,4277220.0,14017526.4,0.3067,0.4093,56.165423,2.448637
2020-10-16,sh.600117,3.25,3.31,3.25,3.29,3.27,5045316.0,16558621.19,0.6116,0.4828,56.508942,2.463614
2020-10-19,sh.600117,3.28,3.34,3.26,3.27,3.29,4492601.0,14847139.26,-0.6079,0.4299,56.165423,2.448637
2020-10-20,sh.600117,3.27,3.27,3.22,3.26,3.27,4215316.0,13668001.72,-0.3058,0.4033,55.993663,2.441149
2020-10-21,sh.600117,3.26,3.27,3.21,3.23,3.26,3065816.0,9896580.36,-0.9202,0.2933,55.478384,2.418685
2020-10-22,sh.600117,3.23,3.24,3.2,3.22,3.23,2494178.0,8010081.38,-0.3096,0.2387,55.306624,2.411196
2020-10-23,sh.600117,3.21,3.24,3.17,3.18,3.22,3195300.0,10223140.0,-1.2422,0.3057,54.619585,2.381244
2020-10-26,sh.600117,3.17,3.19,3.13,3.17,3.18,4006800.0,12679205.0,-0.3145,0.3834,54.447826,2.373755
2020-10-27,sh.600117,3.17,3.17,3.12,3.14,3.17,3800502.0,11977662.27,-0.9464,0.3636,176.29045,2.37685
2020-10-28,sh.600117,3.12,3.16,3.12,3.16,3.14,2439972.0,7687514.8,0.6369,0.2335,177.413319,2.391989
2020-10-29,sh.600117,3.12,3.15,3.1,3.13,3.16,2582700.0,8053336.0,-0.9494,0.2471,175.729015,2.36928
2020-10-30,sh.600117,3.15,3.15,2.98,3.0,3.13,10773527.0,32624475.88,-4.1534,1.0308,168.430366,2.270876
2020-11-02,sh.600117,2.98,3.0,2.95,2.97,3.0,4652163.0,13801729.33,-1.0,0.4451,166.746063,2.248167
2020-11-03,sh.600117,2.97,3.04,2.97,3.02,2.97,4185412.0,12595880.2,1.6835,0.4005,169.553235,2.286015
2020-11-04,sh.600117,3.01,3.05,3.0,3.02,3.02,3299401.0,9968318.02,0.0,0.3157,169.553235,2.286015
2020-11-05,sh.600117,3.02,3.1,3.02,3.08,3.02,6168512.0,18900452.48,1.9868,0.5902,172.921843,2.331432
2020-11-06,sh.600117,3.08,3.09,3.03,3.06,3.08,3473500.0,10622030.0,-0.6494,0.3324,171.798974,2.316293
2020-11-09,sh.600117,3.08,3.24,3.08,3.15,3.06,8711618.0,27360589.89,2.9412,0.8336,176.851885,2.384419
2020-11-10,sh.600117,3.12,3.2,3.1,3.15,3.15,5745193.0,18041676.94,0.0,0.5497,176.851885,2.384419
2020-11-11,sh.600117,3.12,3.28,3.11,3.21,3.15,13507136.0,43559242.36,1.9048,1.2924,180.220492,2.429837
2020-11-12,sh.600117,3.2,3.21,3.1,3.2,3.21,5864101.0,18596976.17,-0.3115,0.5611,179.659057,2.422267
2020-11-13,sh.600117,3.2,3.29,3.14,3.26,3.2,10128916.0,32731447.4,1.875,0.9692,183.027665,2.467685
2020-11-16,sh.600117,3.26,3.37,3.21,3.35,3.26,15269988.0,50696210.59,2.7607,1.4611,188.080576,2.535811
2020-11-17,sh.600117,3.31,3.39,3.27,3.29,3.35,10939504.0,36321953.82,-1.791,1.0467,184.711968,2.490394
2020-11-18,sh.600117,3.29,3.38,3.26,3.37,3.29,10862507.0,36181839.2,2.4316,1.0394,189.203445,2.55095
2020-11-19,sh.600117,3.33,3.4,3.26,3.27,3.37,8737517.0,28842761.59,-2.9674,0.836,183.589099,2.475255
2020-11-20,sh.600117,3.26,3.38,3.22,3.36,3.27,13562617.0,44967557.1,2.7523,1.2977,188.64201,2.543381
2020-11-23,sh.600117,3.38,3.53,3.34,3.42,3.36,20027633.0,68806963.79,1.7857,1.9163,192.010618,2.588798
2020-11-24,sh.600117,3.41,3.76,3.4,3.76,3.42,49063475.0,179201722.85,9.9415,4.6945,211.099392,2.846164
2020-11-25,sh.600117,3.93,4.02,3.57,3.57,3.76,67070767.0,254935343.73,-5.0532,6.4175,200.432136,2.702342
2020-11-26,sh.600117,3.52,3.69,3.45,3.59,3.57,36165427.0,128976089.02,0.5602,3.4604,201.555005,2.717481
2020-11-27,sh.600117,3.56,3.72,3.46,3.51,3.59,30609220.0,109008777.29,-2.2284,2.9288,197.063529,2.656925
2020-11-30,sh.600117,3.5,3.67,3.47,3.52,3.51,28363619.0,101494621.77,0.2849,2.7139,197.624963,2.664494
2020-12-01,sh.600117,3.51,3.53,3.4,3.45,3.52,24557846.0,84643580.7,-1.9886,2.3498,193.694921,2.611507
2020-12-02,sh.600117,3.46,3.8,3.46,3.8,3.45,21013869.0,78529277.04,10.1449,2.0107,213.345131,2.876443
2020-12-03,sh.600117,4.18,4.18,4.09,4.18,3.8,39489893.0,164968462.12,10.0,3.7785,234.679644,3.164087
2020-12-04,sh.600117,4.18,4.58,3.88,4.29,4.18,108122577.0,460069615.93,2.6316,10.3455,240.855424,3.247352
2020-12-07,sh.600117,4.07,4.2,3.99,4.01,4.29,62781682.0,256543919.67,-6.5268,6.0071,225.135256,3.035404
2020-12-08,sh.600117,3.9,3.99,3.67,3.77,4.01,54301817.0,205469823.53,-5.985,5.1958,211.660827,2.853734
2020-12-09,sh.600117,3.77,4.09,3.72,3.88,3.77,53165222.0,207103023.21,2.9178,5.087,217.836607,2.936999
2020-12-10,sh.600117,3.92,4.27,3.91,4.27,3.88,20208419.0,84419334.13,10.0515,1.9336,239.732555,3.232213
2020-12-11,sh.600117,4.6,4.7,4.28,4.4,4.27,107905305.0,490370726.68,3.0445,10.3247,247.031204,3.330618
2020-12-14,sh.600117,4.01,4.26,3.98,3.99,4.4,75617409.0,308016805.34,-9.3182,7.2353,224.012387,3.020265
2020-12-15,sh.600117,4.03,4.24,3.84,4.23,3.99,66249326.0,268694659.87,6.015,6.3389,237.486816,3.201935
2020-12-16,sh.600117,4.1,4.14,3.97,4.0,4.23,47602372.0,192005456.4,-5.4374,4.5547,224.573822,3.027834
2020-12-17,sh.600117,3.91,4.13,3.87,4.09,4.0,45176883.0,182856850.4,2.25,4.3227,229.626733,3.095961
2020-12-18,sh.600117,4.13,4.29,3.99,4.2,4.09,57088490.0,235954010.34,2.6895,5.4624,235.802513,3.179226
2020-12-21,sh.600117,4.18,4.36,4.03,4.28,4.2,56982814.0,239221725.22,1.9048,5.4523,240.293989,3.239783
2020-12-22,sh.600117,4.18,4.23,3.99,4.03,4.28,48575959.0,198821936.12,-5.8411,4.6479,226.258125,3.050543
2020-12-23,sh.600117,3.9,4.03,3.86,3.95,4.03,34900317.0,137181331.92,-1.9851,3.3394,221.766649,2.989986
2020-12-24,sh.600117,3.93,3.97,3.85,3.91,3.95,23811267.0,92933156.51,-1.0127,2.2783,219.520911,2.959708
2020-12-25,sh.600117,3.83,4.02,3.68,3.91,3.91,37934883.0,147035925.16,0.0,3.6297,219.520911,2.959708
2020-12-28,sh.600117,3.88,3.89,3.73,3.78,3.91,30140438.0,114436763.05,-3.3248,2.8839,212.222262,2.861303
2020-12-29,sh.600117,3.76,3.88,3.71,3.75,3.78,19903637.0,75289722.75,-0.7937,1.9044,210.537958,2.838595
2020-12-30,sh.600117,3.69,3.87,3.65,3.77,3.75,21087583.0,79490417.75,0.5333,2.0177,211.660827,2.853734
2020-12-31,sh.600117,3.74,3.83,3.72,3.79,3.77,17910082.0,67472548.3,0.5305,1.7137,212.783696,2.868873
2021-01-04,sh.600117,3.84,3.98,3.78,3.93,3.79,29451635.0,114928694.1,3.6939,2.818,220.64378,2.974847
2021-01-05,sh.600117,3.89,3.91,3.75,3.8,3.93,25091886.0,95762593.88,-3.3079,2.4009,213.345131,2.876443
2021-01-06,sh.600117,3.78,3.84,3.67,3.73,3.8,19977702.0,74439164.39,-1.8421,1.9115,209.415089,2.823455
2021-01-07,sh.600117,3.71,4.1,3.65,3.89,3.73,44785436.0,175961462.04,4.2895,4.2852,218.398042,2.944569
2021-01-08,sh.600117,3.82,3.83,3.67,3.7,3.89,27594461.0,102516941.68,-4.8843,2.6403,207.730785,2.800747
2021-01-11,sh.600117,3.64,3.64,3.34,3.35,3.7,33827531.0,116766099.32,-9.4595,3.2367,188.080576,2.535811
2021-01-12,sh.600117,3.33,3.39,3.3,3.38,3.35,13048390.0,43670323.01,0.8955,1.2485,189.764879,2.55852
2021-01-13,sh.600117,3.34,3.36,3.25,3.27,3.38,13312077.0,43888191.12,-3.2544,1.2737,183.589099,2.475255
2021-01-14,sh.600117,3.23,3.3,3.17,3.25,3.27,12682501.0,40880187.18,-0.6116,1.2135,182.46623,2.460115
2021-01-15,sh.600117,3.24,3.32,3.24,3.29,3.25,7964101.0,26131397.27,1.2308,0.762,184.711968,2.490394
2021-01-18,sh.600117,3.28,3.36,3.27,3.32,3.29,7324182.0,24362683.04,0.9119,0.7008,186.396272,2.513102
2021-01-19,sh.600117,3.32,3.38,3.32,3.34,3.32,8151971.0,27305722.96,0.6024,0.78,187.519141,2.528242
2021-01-20,sh.600117,3.32,3.64,3.32,3.44,3.34,16164438.0,55941310.54,2.994,1.5467,193.133487,2.603937
2021-01-21,sh.600117,3.41,3.49,3.36,3.48,3.44,12775907.0,43869152.65,1.1628,1.2224,195.379225,2.634216
2021-01-22,sh.600117,3.44,3.45,3.33,3.36,3.48,10738049.0,36200673.61,-3.4483,1.0274,188.64201,2.543381
2021-01-25,sh.600117,3.3,3.35,3.23,3.28,3.36,7807636.0,25593963.17,-2.381,0.7471,184.150534,2.482824
2021-01-26,sh.600117,3.23,3.4,3.23,3.29,3.28,8428155.0,27974179.95,0.3049,0.8064,184.711968,2.490394
2021-01-27,sh.600117,3.3,3.32,3.22,3.23,3.29,7636018.0,24914139.59,-1.8237,0.7306,181.343361,2.444976
2021-01-28,sh.600117,3.19,3.29,3.17,3.23,3.23,6539323.0,21154115.93,0.0,0.6257,181.343361,2.444976
2021-01-29,sh.600117,3.25,3.25,3.08,3.12,3.23,9154094.0,28786938.3,-3.4056,0.8759,175.167581,2.361711
2021-02-01,sh.600117,3.11,3.17,3.08,3.15,3.12,4992623.0,15598278.98,0.9615,0.4777,176.851885,2.384419
2021-02-02,sh.600117,3.14,3.16,3.1,3.13,3.15,3997201.0,12490409.12,-0.6349,0.3825,175.729015,2.36928
2021-02-03,sh.600117,3.11,3.12,3.03,3.07,3.13,6678802.0,20553794.12,-1.9169,0.639,172.360408,2.323863
2021-02-04,sh.600117,3.07,3.19,3.01,3.14,3.07,8710522.0,26852847.66,2.2801,0.8334,176.29045,2.37685
2021-02-05,sh.600117,3.11,3.13,3.04,3.04,3.14,6369201.0,19649972.04,-3.1847,0.6094,170.676105,2.301154
2021-02-08,sh.600117,3.06,3.11,3.05,3.08,3.04,4989354.0,15379225.26,1.3158,0.4774,172.921843,2.331432
2021-02-09,sh.600117,3.08,3.18,3.05,3.18,3.08,6557800.0,20551488.0,3.2468,0.6275,178.536188,2.407128
2021-02-10,sh.600117,3.15,3.18,3.13,3.17,3.18,4976722.0,15703677.5,-0.3145,0.4762,177.974754,2.399559
2021-02-18,sh.600117,3.2,3.34,3.2,3.33,3.17,12257523.0,40294304.55,5.0473,1.1728,186.957707,2.520672
2021-02-19,sh.600117,3.31,3.41,3.28,3.41,3.33,13858689.0,46455090.04,2.4024,1.326,191.449183,2.581229
2021-02-22,sh.600117,3.45,3.7,3.41,3.55,3.41,27239633.0,97515964.91,4.1056,2.6064,199.309267,2.687203
2021-02-23,sh.600117,3.51,3.63,3.46,3.54,3.55,17776490.0,62663343.1,-0.2817,1.7009,198.747832,2.679633
2021-02-24,sh.600117,3.51,3.57,3.42,3.43,3.54,13995587.0,48606805.58,-3.1073,1.3391,192.572052,2.596368
2021-02-25,sh.600117,3.47,3.55,3.46,3.47,3.43,14048502.0,49255645.47,1.1662,1.3442,194.81779,2.626646
2021-02-26,sh.600117,3.38,3.48,3.38,3.46,3.47,9988056.0,34198547.96,-0.2882,0.9557,194.256356,2.619077
2021-03-01,sh.600117,3.46,3.63,3.43,3.59,3.46,16675342.0,59025546.11,3.7572,1.5955,201.555005,2.717481
2021-03-02,sh.600117,3.55,3.61,3.5,3.53,3.59,11390801.0,40360812.5,-1.6713,1.0899,198.186398,2.672064
2021-03-03,sh.600117,3.6,3.8,3.59,3.75,3.53,29904540.0,110777697.71,6.2323,2.8614,210.537958,2.838595
2021-03-04,sh.600117,3.65,3.93,3.64,3.78,3.75,35547297.0,135904181.04,0.8,3.4013,212.222262,2.861303
2021-03-05,sh.600117,3.71,3.73,3.59,3.63,3.78,23027200.0,83871545.0,-3.9683,2.2033,203.800743,2.74776
2021-03-08,sh.600117,3.68,3.76,3.61,3.63,3.63,18710789.0,68986945.74,0.0,1.7903,203.800743,2.74776
2021-03-09,sh.600117,3.6,3.91,3.46,3.73,3.63,37393589.0,139012351.1,2.7548,3.5779,209.415089,2.823455
2021-03-10,sh.600117,3.68,3.73,3.55,3.61,3.73,24156573.0,87495301.69,-3.2172,2.3114,202.677874,2.73262
2021-03-11,sh.600117,3.57,3.85,3.56,3.83,3.61,31580127.0,118281981.47,6.0942,3.0217,215.029434,2.899151
2021-03-12,sh.600117,3.81,3.94,3.74,3.91,3.83,38188621.0,146958675.59,2.0888,3.654,219.520911,2.959708
2021-03-15,sh.600117,3.96,4.15,3.87,3.93,3.91,38480044.0,153603661.93,0.5115,3.6819,220.64378,2.974847
2021-03-16,sh.600117,3.91,3.94,3.8,3.83,3.93,25171905.0,96794244.68,-2.5445,2.4085,215.029434,2.899151
2021-03-17,sh.600117,3.83,3.89,3.73,3.81,3.83,18272940.0,69193361.8,-0.5222,1.7484,213.906565,2.884012
2021-03-18,sh.600117,3.79,3.93,3.76,3.93,3.81,30079501.0,116088970.81,3.1496,2.8781,220.64378,2.974847
2021-03-19,sh.600117,3.86,3.88,3.71,3.75,3.93,26154388.0,98981981.22,-4.5802,2.5025,210.537958,2.838595
2021-03-22,sh.600117,3.77,3.93,3.75,3.78,3.75,25740929.0,98735349.64,0.8,2.463,212.222262,2.861303
2021-03-23,sh.600117,3.76,3.78,3.56,3.58,3.78,23243133.0,84442360.26,-5.291,2.224,200.99357,2.709912
2021-03-24,sh.600117,3.56,3.56,3.43,3.5,3.58,14667300.0,51186154.0,-2.2346,1.4034,196.502094,2.649355
2021-03-25,sh.600117,3.49,3.53,3.45,3.46,3.5,9026300.0,31454492.0,-1.1429,0.8637,194.256356,2.619077
2021-03-26,sh.600117,3.46,3.53,3.45,3.5,3.46,7265928.0,25392407.88,1.1561,0.6952,196.502094,2.649355
2021-03-29,sh.600117,3.52,3.58,3.48,3.54,3.5,11359200.0,40121904.0,1.1429,1.0869,198.747832,2.679633
2021-03-30,sh.600117,3.54,3.57,3.46,3.55,3.54,11278687.0,39686998.97,0.2825,1.0792,199.309267,2.687203
2021-03-31,sh.600117,3.54,3.57,3.49,3.53,3.55,7210240.0,25407388.0,-0.5634,0.6899,198.186398,2.672064
2021-04-01,sh.600117,3.54,3.68,3.47,3.63,3.53,20337001.0,73037261.58,2.8329,1.9459,203.800743,2.74776
2021-04-02,sh.600117,3.59,3.6,3.54,3.58,3.63,9645204.0,34407837.24,-1.3774,0.9229,200.99357,2.709912
2021-04-06,sh.600117,3.59,3.72,3.59,3.64,3.58,13329501.0,48818172.68,1.676,1.2754,204.362178,2.755329
2021-04-07,sh.600117,3.61,4.0,3.57,4.0,3.64,37272404.0,142242013.64,9.8901,3.5663,224.573822,3.027834
2021-04-08,sh.600117,4.15,4.4,4.1,4.19,4.0,97228824.0,422625552.28,4.75,9.3031,235.241078,3.171656
2021-04-09,sh.600117,4.35,4.43,3.77,3.99,4.19,83204568.0,341874236.65,-4.7733,7.9613,224.012387,3.020265
2021-04-12,sh.600117,3.91,4.39,3.91,4.39,3.99,82070831.0,344826583.45,10.0251,7.8528,246.469769,3.323048
2021-04-13,sh.600117,4.26,4.59,4.1,4.29,4.39,85916964.0,371191222.46,-2.2779,8.2208,240.855424,3.247352
2021-04-14,sh.600117,4.09,4.69,4.01,4.43,4.29,72131616.0,312722762.35,3.2634,6.9018,248.715508,3.353326
2021-04-15,sh.600117,4.33,4.39,4.16,4.26,4.43,46072965.0,196361469.83,-3.8375,4.4084,239.17112,3.224643
2021-04-16,sh.600117,4.18,4.32,4.12,4.21,4.26,41206603.0,173355685.06,-1.1737,3.9428,236.363947,3.186796
2021-04-19,sh.600117,4.13,4.22,4.03,4.16,4.21,32413103.0,134192391.31,-1.1876,3.1014,233.556775,3.148948
2021-04-20,sh.600117,4.17,4.22,4.06,4.06,4.16,33244815.0,136930016.5,-2.4038,3.181,227.942429,3.073252
2021-04-21,sh.600117,4.03,4.06,3.92,3.97,4.06,25421201.0,100903419.96,-2.2167,2.4324,222.889518,3.005126
2021-04-22,sh.600117,4.01,4.15,3.99,4.03,3.97,30510605.0,124684950.17,1.5113,2.9193,226.258125,3.050543
2021-04-23,sh.600117,4.0,4.22,3.94,4.17,4.03,50301321.0,208609710.51,3.4739,4.813,234.118209,3.156517
2021-04-26,sh.600117,4.14,4.36,4.1,4.14,4.17,38394900.0,162124971.0,-0.7194,3.6737,232.433905,3.133808
2021-04-27,sh.600117,4.18,4.21,3.96,4.09,4.14,27330906.0,111203110.91,-1.2077,2.6151,229.626733,3.095961
2021-04-28,sh.600117,3.9,4.1,3.9,3.94,4.09,27474851.0,108841983.42,-3.6675,2.6289,69.630864,2.842943
2021-04-29,sh.600117,3.93,3.95,3.75,3.91,3.94,25737052.0,98844581.71,-0.7614,2.4626,69.10068,2.821296
2021-04-30,sh.600117,3.78,3.84,3.66,3.79,3.91,21221887.0,80047787.32,-3.0691,2.0306,44.575369,2.862699
2021-05-06,sh.600117,3.83,4.12,3.83,4.12,3.79,36669582.0,147548323.56,8.7071,3.5087,48.456601,3.111958
2021-05-07,sh.600117,4.15,4.34,4.11,4.22,4.12,48691289.0,205919853.08,2.4272,4.6589,49.632732,3.187491
2021-05-10,sh.600117,4.39,4.53,4.3,4.48,4.22,49966641.0,220033554.4,6.1611,4.781,52.690673,3.383877
2021-05-11,sh.600117,4.38,4.43,4.23,4.38,4.48,37117717.0,160881616.59,-2.2321,3.5515,51.514542,3.308344
2021-05-12,sh.600117,4.4,4.7,4.35,4.5,4.38,44385586.0,198562478.16,2.7397,4.2469,52.925899,3.398983
2021-05-13,sh.600117,4.38,4.53,4.24,4.32,4.5,34598207.0,150496434.43,-4.0,3.3105,50.808863,3.263024
2021-05-14,sh.600117,4.13,4.34,4.13,4.33,4.32,23707758.0,100657677.86,0.2315,2.2684,50.926477,3.270577
2021-05-17,sh.600117,4.4,4.41,4.18,4.18,4.33,18928001.0,80271424.27,-3.4642,1.8111,49.16228,3.157278
2021-05-18,sh.600117,4.23,4.32,4.14,4.16,4.18,17869000.0,74957962.0,-0.4785,1.7098,48.927054,3.142171
2021-05-19,sh.600117,4.17,4.18,4.03,4.09,4.16,17027855.0,69585885.48,-1.6827,1.6293,48.103762,3.089298
2021-05-20,sh.600117,3.94,3.99,3.89,3.96,4.09,19174919.0,75556896.43,-3.1785,1.8347,46.574791,2.991105
2021-05-21,sh.600117,3.97,4.11,3.93,4.04,3.96,17202026.0,69292326.52,2.0202,1.6459,47.515696,3.051532
2021-05-24,sh.600117,4.01,4.02,3.92,3.94,4.04,13627721.0,54008584.93,-2.4752,1.3039,46.339565,2.975999
2021-05-25,sh.600117,3.94,4.03,3.88,3.99,3.94,13616700.0,53861454.8,1.269,1.3029,46.927631,3.013765
2021-05-26,sh.600117,3.97,4.02,3.94,3.99,3.99,10227028.0,40758523.0,0.0,0.9786,46.927631,3.013765
2021-05-27,sh.600117,3.99,4.05,3.95,3.97,3.99,10348230.0,41337490.8,-0.5013,0.9901,46.692405,2.998658
2021-05-28,sh.600117,4.02,4.06,3.91,3.91,3.97,13138530.0,52261546.41,-1.5113,1.2571,45.986726,2.953339
2021-05-31,sh.600117,3.91,3.93,3.86,3.88,3.91,10595800.0,41158003.0,-0.7673,1.0138,45.633887,2.930679
2021-06-01,sh.600117,3.89,4.01,3.8,3.99,3.88,18749600.0,73540079.8,2.8351,1.794,46.927631,3.013765
2021-06-02,sh.600117,4.01,4.01,3.9,3.9,3.99,10858700.0,42738307.19,-2.2556,1.039,45.869113,2.945785
2021-06-03,sh.600117,3.89,4.04,3.88,3.97,3.9,15704729.0,62430680.5,1.7949,1.5027,46.692405,2.998658
2021-06-04,sh.600117,3.93,3.94,3.85,3.86,3.97,12221410.0,47482787.8,-2.7708,1.1694,45.39866,2.915572
2021-06-07,sh.600117,3.84,3.87,3.79,3.79,3.86,10225225.0,39005589.19,-1.8135,0.9784,44.575369,2.862699
2021-06-08,sh.600117,3.8,3.85,3.75,3.79,3.79,9349654.0,35515605.47,0.0,0.8946,44.575369,2.862699
2021-06-09,sh.600117,3.81,3.91,3.78,3.87,3.79,12660000.0,48923770.0,2.1108,1.2113,45.516273,2.923125
2021-06-10,sh.600117,3.87,3.93,3.8,3.88,3.87,12866100.0,49740130.9,0.2584,1.2311,45.633887,2.930679
2021-06-11,sh.600117,3.89,3.96,3.84,3.89,3.88,14496030.0,56600886.6,0.2577,1.387,45.7515,2.938232
2021-06-15,sh.600117,3.88,3.91,3.75,3.75,3.89,12110100.0,46127379.0,-3.599,1.1587,44.104916,2.832486
2021-06-16,sh.600117,3.74,3.78,3.67,3.68,3.75,8700300.0,32329891.0,-1.8667,0.8325,43.281624,2.779613
2021-06-17,sh.600117,3.65,3.72,3.65,3.67,3.68,7408952.0,27251129.33,-0.2717,0.7089,43.164011,2.77206
2021-06-18,sh.600117,3.68,3.68,3.59,3.64,3.67,8082900.0,29349159.99,-0.8174,0.7734,42.811172,2.7494
2021-06-21,sh.600117,3.86,4.0,3.86,4.0,3.64,16349148.0,65315307.0,9.8901,1.5643,47.045244,3.021318
2021-06-22,sh.600117,4.01,4.06,3.85,3.86,4.0,37203050.0,145934208.64,-3.5,3.5597,45.39866,2.915572
2021-06-23,sh.600117,3.89,3.92,3.8,3.85,3.86,15858541.0,60988237.02,-0.2591,1.5174,45.281047,2.908019
2021-06-24,sh.600117,3.84,3.87,3.79,3.8,3.85,11238400.0,42988061.02,-1.2987,1.0753,44.692982,2.870252
2021-06-25,sh.600117,3.79,3.93,3.79,3.89,3.8,18379273.0,71056805.37,2.3684,1.7586,45.7515,2.938232
2021-06-28,sh.600117,3.85,3.89,3.78,3.8,3.89,11736910.0,44812308.9,-2.3136,1.123,44.692982,2.870252
2021-06-29,sh.600117,3.79,3.82,3.73,3.75,3.8,7659100.0,28884295.0,-1.3158,0.7328,44.104916,2.832486
2021-06-30,sh.600117,3.75,3.8,3.75,3.77,3.75,5607930.0,21133165.5,0.5333,0.5366,44.340142,2.847593
2021-07-01,sh.600117,3.74,3.8,3.74,3.75,3.77,5038801.0,19000469.78,-0.5305,0.4821,44.104916,2.832486
2021-07-02,sh.600117,3.74,3.75,3.67,3.68,3.75,7434401.0,27455522.7,-1.8667,0.7113,43.281624,2.779613
2021-07-05,sh.600117,3.67,3.72,3.67,3.71,3.68,5239600.0,19412056.0,0.8152,0.5013,43.634464,2.802273
2021-07-06,sh.600117,3.69,3.76,3.68,3.72,3.71,5617200.0,20878898.0,0.2695,0.5375,43.752077,2.809826
2021-07-07,sh.600117,3.7,3.82,3.7,3.8,3.72,11663500.0,44036589.0,2.1505,1.116,44.692982,2.870252
2021-07-08,sh.600117,3.78,3.8,3.73,3.74,3.8,6209098.0,23370708.46,-1.5789,0.5941,43.987303,2.824933
2021-07-09,sh.600117,3.75,3.88,3.71,3.85,3.74,14195110.0,54149074.5,2.9412,1.3582,45.281047,2.908019
2021-07-12,sh.600117,3.86,3.95,3.84,3.84,3.85,13923810.0,54194001.8,-0.2597,1.3323,45.163434,2.900466
2021-07-13,sh.600117,3.84,3.9,3.81,3.88,3.84,12439840.0,48047559.41,1.0417,1.1903,45.633887,2.930679
2021-07-14,sh.600117,3.88,3.91,3.81,3.82,3.88,8319310.0,32036364.2,-1.5464,0.796,44.928208,2.885359
2021-07-15,sh.600117,3.81,3.97,3.81,3.94,3.82,21817200.0,85229759.0,3.1414,2.0875,46.339565,2.975999
2021-07-16,sh.600117,3.89,4.05,3.89,3.95,3.94,22524851.0,89919083.53,0.2538,2.1552,46.457178,2.983552
2021-07-19,sh.600117,3.96,4.04,3.94,3.99,3.95,19817100.0,79309090.0,1.0127,1.8962,46.927631,3.013765
2021-07-20,sh.600117,3.96,3.99,3.85,3.97,3.99,11418410.0,44571526.2,-0.5013,1.0925,46.692405,2.998658
2021-07-21,sh.600117,3.97,4.05,3.93,4.04,3.97,16520300.0,65991109.0,1.7632,1.5807,47.515696,3.051532
2021-07-22,sh.600117,4.02,4.2,4.0,4.14,4.04,27836703.0,114742126.92,2.4752,2.6635,48.691827,3.127064
2021-07-23,sh.600117,4.15,4.27,4.08,4.15,4.14,27240437.0,113663949.44,0.2415,2.6064,48.809441,3.134618
2021-07-26,sh.600117,4.11,4.2,4.02,4.14,4.15,23072298.0,95186744.26,-0.241,2.2076,48.691827,3.127064
2021-07-27,sh.600117,4.13,4.23,4.0,4.0,4.14,19368010.0,79692444.81,-3.3816,1.8532,47.045244,3.021318
2021-07-28,sh.600117,4.0,4.02,3.77,3.84,4.0,18673665.0,72103786.32,-4.0,1.7868,45.163434,2.900466
2021-07-29,sh.600117,3.89,3.98,3.87,3.92,3.84,13040245.0,51251355.07,2.0833,1.2477,46.104339,2.960892
2021-07-30,sh.600117,3.92,4.31,3.92,4.31,3.92,24751080.0,104787844.74,9.949,2.3683,50.69125,3.25547
2021-08-02,sh.600117,4.31,4.31,4.15,4.16,4.31,40605711.0,170620910.15,-3.4803,3.8853,48.927054,3.142171
2021-08-03,sh.600117,4.25,4.44,4.13,4.16,4.16,43079701.0,182771959.07,0.0,4.122,48.927054,3.142171
2021-08-04,sh.600117,4.16,4.32,4.13,4.26,4.16,33628991.0,142929678.15,2.4038,3.2177,50.103185,3.217704
2021-08-05,sh.600117,4.21,4.39,4.18,4.35,4.26,30379229.0,130904792.88,2.1127,2.9068,51.161703,3.285684
2021-08-06,sh.600117,4.26,4.66,4.25,4.42,4.35,34220987.0,152772865.87,1.6092,3.2744,51.984995,3.338557
2021-08-09,sh.600117,4.45,4.53,4.36,4.49,4.42,20287900.0,90193580.34,1.5837,1.9412,52.808286,3.39143
2021-08-10,sh.600117,4.53,4.54,4.35,4.39,4.49,22279263.0,98494070.99,-2.2272,2.1317,51.632155,3.315897
2021-08-11,sh.600117,4.38,4.43,4.35,4.41,4.39,16072617.0,70478544.29,0.4556,1.5379,51.867381,3.331003
2021-08-12,sh.600117,4.4,4.49,4.34,4.4,4.41,19510421.0,86442717.86,-0.2268,1.8668,51.749768,3.32345
2021-08-13,sh.600117,4.4,4.84,4.37,4.84,4.4,44480052.0,210672698.2,10.0,4.256,56.924745,3.655795
2021-08-16,sh.600117,4.98,5.0,4.7,4.7,4.84,60208179.0,291226800.36,-2.8926,5.7609,55.278162,3.550049
2021-08-17,sh.600117,4.79,4.95,4.63,4.7,4.7,38005666.0,182166377.0,0.0,3.6365,55.278162,3.550049
2021-08-18,sh.600117,4.65,4.76,4.57,4.64,4.7,26061168.0,121067847.11,-1.2766,2.4936,54.572483,3.504729
2021-08-19,sh.600117,4.57,4.59,4.38,4.54,4.64,26937411.0,121055498.45,-2.1552,2.5775,53.396352,3.429196
2021-08-20,sh.600117,4.41,4.57,4.37,4.54,4.54,24340483.0,108526546.03,0.0,2.329,-77.588224,3.492235
2021-08-23,sh.600117,4.48,4.71,4.47,4.55,4.54,21132167.0,96657725.87,0.2203,2.022,-77.759123,3.499928
2021-08-24,sh.600117,4.57,4.77,4.54,4.68,4.55,23850201.0,111041312.22,2.8571,2.2821,-79.980813,3.599926
2021-08-25,sh.600117,4.66,4.7,4.56,4.68,4.68,17259400.0,79797451.99,0.0,1.6514,-79.980813,3.599926
2021-08-26,sh.600117,4.68,4.97,4.66,4.86,4.68,33231611.0,162052173.74,3.8462,3.1797,-83.056998,3.738384
2021-08-27,sh.600117,4.79,4.87,4.7,4.82,4.86,17808500.0,85263702.0,-0.823,1.704,-82.373401,3.707616
2021-08-30,sh.600117,4.9,4.97,4.72,4.76,4.82,21217301.0,102298562.77,-1.2448,2.0301,-81.348006,3.661463
2021-08-31,sh.600117,4.79,4.99,4.71,4.92,4.76,27967254.0,136794536.46,3.3613,2.676,-84.082393,3.784537
2021-09-01,sh.600117,5.01,5.41,4.78,4.81,4.92,78531528.0,401631833.73,-2.2358,7.5141,-82.202502,3.699923
2021-09-02,sh.600117,4.81,4.97,4.69,4.82,4.81,52142795.0,252475422.07,0.2079,4.9892,-82.373401,3.707616
2021-09-03,sh.600117,4.7,4.85,4.48,4.68,4.82,45089521.0,210789425.37,-2.9046,4.3143,-79.980813,3.599926
2021-09-06,sh.600117,4.67,4.97,4.56,4.8,4.68,37967442.0,180654072.96,2.5641,3.6328,-82.031603,3.692231
2021-09-07,sh.600117,4.76,5.1,4.65,5.05,4.8,45105910.0,224799066.17,5.2083,4.3159,-86.304082,3.884535
2021-09-08,sh.600117,5.03,5.05,4.92,5.01,5.05,27179359.0,135439373.68,-0.7921,2.6006,-85.620485,3.853766
2021-09-09,sh.600117,5.0,5.24,4.98,5.22,5.01,39596754.0,203778379.1,4.1916,3.7887,-89.209368,4.015302
2021-09-10,sh.600117,5.18,5.21,5.05,5.06,5.22,30429821.0,155494965.44,-3.0651,2.9116,-86.474981,3.892227
2021-09-13,sh.600117,5.04,5.17,5.01,5.13,5.06,21830507.0,111433510.32,1.3834,2.0888,-87.671275,3.946072
2021-09-14,sh.600117,5.07,5.18,4.91,4.94,5.13,27259105.0,136709435.8,-3.7037,2.6082,-84.424191,3.799921
2021-09-15,sh.600117,4.94,5.16,4.9,5.14,4.94,25132600.0,127559012.0,4.0486,2.4048,-87.842175,3.953764
2021-09-16,sh.600117,5.3,5.31,5.01,5.03,5.14,29835006.0,154436934.24,-2.1401,2.8547,-85.962284,3.869151
2021-09-17,sh.600117,5.0,5.23,4.81,5.0,5.03,29243501.0,147863659.99,-0.5964,2.7981,-85.449586,3.846074
2021-09-22,sh.600117,4.84,5.07,4.84,5.03,5.0,16398485.0,81977649.51,0.6,1.5691,-85.962284,3.869151
2021-09-23,sh.600117,5.12,5.28,5.02,5.07,5.03,22174842.0,114057043.87,0.7952,2.1218,-86.64588,3.899919
2021-09-24,sh.600117,5.1,5.13,4.85,4.88,5.07,21772440.0,108387816.13,-3.7475,2.0833,-83.398796,3.753768
2021-09-27,sh.600117,4.82,4.89,4.44,4.46,4.88,25168756.0,116113422.49,-8.6066,2.4082,-76.221031,3.430698
2021-09-28,sh.600117,4.46,4.52,4.36,4.48,4.46,12546091.0,55739203.23,0.4484,1.2004,-76.562829,3.446083
2021-09-29,sh.600117,4.42,4.48,4.05,4.1,4.48,20720801.0,87747666.18,-8.4821,1.9826,-70.068661,3.153781
2021-09-30,sh.600117,4.14,4.37,4.13,4.33,4.1,16168898.0,69033089.8,5.6098,1.5471,-73.999342,3.3307
2021-10-08,sh.600117,4.36,4.49,4.21,4.25,4.33,11991798.0,51339206.32,-1.8476,1.1474,-72.632148,3.269163
2021-10-11,sh.600117,4.25,4.3,4.13,4.17,4.25,10956252.0,45731405.32,-1.8824,1.0483,-71.264955,3.207626
2021-10-12,sh.600117,4.12,4.22,4.0,4.04,4.17,12561300.0,51229730.0,-3.1175,1.2019,-69.043266,3.107628
2021-10-13,sh.600117,4.07,4.09,3.91,4.01,4.04,9402806.0,37501133.94,-0.7426,0.8997,-68.530568,3.084552
2021-10-14,sh.600117,3.97,4.07,3.94,4.02,4.01,10008806.0,40090195.0,0.2494,0.9577,-68.701467,3.092244
2021-10-15,sh.600117,4.03,4.04,3.95,3.99,4.02,7903000.0,31610699.0,-0.7463,0.7562,-68.18877,3.069167
2021-10-18,sh.600117,3.99,4.12,3.98,4.08,3.99,11280024.0,45901298.92,2.2556,1.0793,-69.726862,3.138397
2021-10-19,sh.600117,4.08,4.15,4.03,4.14,4.08,11229400.0,45995911.0,1.4706,1.0745,-70.752257,3.184549
2021-10-20,sh.600117,4.09,4.19,4.03,4.15,4.14,13158400.0,54139412.86,0.2415,1.259,-70.923156,3.192242
2021-10-21,sh.600117,4.14,4.21,4.13,4.13,4.15,10192845.0,42495918.87,-0.4819,0.9753,-70.581358,3.176857
2021-10-22,sh.600117,4.12,4.14,3.98,3.98,4.13,11850500.0,47732882.0,-3.632,1.1339,-68.017871,3.061475
2021-10-25,sh.600117,3.99,4.05,3.9,4.03,3.98,6426869.0,25741184.8,1.2563,0.6149,-68.872366,3.099936
2021-10-26,sh.600117,4.08,4.08,3.97,4.0,4.03,7708222.0,30956403.78,-0.7444,0.7375,-68.359669,3.076859
2021-10-27,sh.600117,3.99,4.02,3.88,3.88,4.0,9579412.0,37541201.52,-3.0,0.9166,-66.308879,2.984554
2021-10-28,sh.600117,3.89,3.91,3.68,3.72,3.88,12353824.0,46367865.8,-4.1237,1.1821,-63.574492,2.861479
2021-10-29,sh.600117,3.65,3.76,3.63,3.71,3.72,8302101.0,30679266.64,-0.2688,0.7944,-23.064573,3.138183
2021-11-01,sh.600117,3.71,3.84,3.68,3.78,3.71,7302512.0,27479420.24,1.8868,0.6987,-23.499754,3.197394
2021-11-02,sh.600117,3.81,3.81,3.55,3.63,3.78,10709600.0,39160285.0,-3.9683,1.0247,-22.567224,3.070514
2021-11-03,sh.600117,3.63,3.69,3.58,3.69,3.63,7984188.0,29072875.53,1.6529,0.764,-22.940236,3.121266
2021-11-04,sh.600117,3.67,3.67,3.59,3.67,3.69,7657600.0,27769846.0,-0.542,0.7327,-22.815898,3.104348
2021-11-05,sh.600117,3.66,3.67,3.55,3.57,3.67,8150534.0,29173322.78,-2.7248,0.7799,-22.194212,3.019761
2021-11-08,sh.600117,3.57,3.65,3.55,3.61,3.57,5963448.0,21587118.51,1.1204,0.5706,-22.442886,3.053596
2021-11-09,sh.600117,3.57,3.62,3.56,3.59,3.61,5258843.0,18826300.8,-0.554,0.5032,-22.318549,3.036679
2021-11-10,sh.600117,3.56,3.59,3.47,3.59,3.59,8851350.0,31169983.12,0.0,0.8469,-22.318549,3.036679
2021-11-11,sh.600117,3.58,3.67,3.58,3.66,3.59,8458214.0,30780883.8,1.9499,0.8093,-22.75373,3.09589
2021-11-12,sh.600117,3.65,3.7,3.61,3.65,3.66,6317865.0,22984374.25,-0.2732,0.6045,-22.691561,3.087431
2021-11-15,sh.600117,3.65,3.68,3.59,3.65,3.65,6413305.0,23246664.0,0.0,0.6136,-22.691561,3.087431
2021-11-16,sh.600117,3.68,3.72,3.6,3.61,3.65,8652265.0,31648590.15,-1.0959,0.8279,-22.442886,3.053596
2021-11-17,sh.600117,3.6,3.67,3.59,3.66,3.61,6394208.0,23297531.55,1.385,0.6118,-22.75373,3.09589
2021-11-18,sh.600117,3.75,4.0,3.7,3.84,3.66,21946959.0,84337091.97,4.918,2.0999,-23.872766,3.248147
2021-11-19,sh.600117,3.79,3.94,3.74,3.93,3.84,16142827.0,61903449.45,2.3438,1.5446,-24.432284,3.324275
2021-11-22,sh.600117,3.95,4.21,3.95,4.08,3.93,25036208.0,102328704.12,3.8168,2.3955,-25.364813,3.451156
2021-11-23,sh.600117,4.08,4.18,4.06,4.11,4.08,14609876.0,60104149.86,0.7353,1.3979,-25.551319,3.476532
2021-11-24,sh.600117,4.1,4.1,4.04,4.09,4.11,10835400.0,44121514.1,-0.4866,1.0368,-25.426982,3.459614
2021-11-25,sh.600117,4.07,4.08,4.02,4.03,4.09,9700944.0,39232025.87,-1.467,0.9282,-25.05397,3.408862
2021-11-26,sh.600117,4.01,4.14,4.0,4.13,4.03,11676681.0,47684145.1,2.4814,1.1173,-25.675657,3.493449
2021-11-29,sh.600117,4.07,4.28,4.01,4.26,4.13,22161175.0,92414640.61,3.1477,2.1204,-26.483849,3.603413
2021-11-30,sh.600117,4.3,4.35,4.13,4.16,4.26,15254340.0,64312735.18,-2.3474,1.4596,-25.862163,3.518825
2021-12-01,sh.600117,4.14,4.28,4.11,4.25,4.16,10436000.0,43806835.5,2.1635,0.9985,-26.421681,3.594954
2021-12-02,sh.600117,4.22,4.33,4.21,4.29,4.25,9833001.0,42091120.28,0.9412,0.9409,-26.670355,3.628789
2021-12-03,sh.600117,4.29,4.37,4.23,4.36,4.29,11704843.0,50582728.9,1.6317,1.12,-27.105536,3.688
2021-12-06,sh.600117,4.8,4.8,4.6,4.8,4.36,31274214.0,149322196.2,10.0917,2.9924,-29.840957,4.060183
2021-12-07,sh.600117,4.81,4.81,4.43,4.54,4.8,47590764.0,217087002.37,-5.4167,4.5536,-28.224572,3.840257
2021-12-08,sh.600117,4.48,4.51,4.34,4.4,4.54,24865624.0,109799152.18,-3.0837,2.3792,-27.354211,3.721835
2021-12-09,sh.600117,4.41,4.44,4.32,4.32,4.4,13103782.0,57088422.73,-1.8182,1.2538,-26.856861,3.654165
2021-12-10,sh.600117,4.31,4.33,4.23,4.25,4.32,10076577.0,43021501.5,-1.6204,0.9642,-26.421681,3.594954
2021-12-13,sh.600117,4.25,4.32,4.22,4.28,4.25,10255683.0,43758234.67,0.7059,0.9813,-26.608187,3.62033
2021-12-14,sh.600117,4.3,4.47,4.26,4.44,4.28,16328642.0,71458733.49,3.7383,1.5624,-27.602885,3.755669
2021-12-15,sh.600117,4.49,4.51,4.36,4.37,4.44,10414125.0,46147206.05,-1.5766,0.9965,-27.167705,3.696458
2021-12-16,sh.600117,4.36,4.5,4.35,4.44,4.37,11025432.0,49035804.09,1.6018,1.0549,-27.602885,3.755669
2021-12-17,sh.600117,4.47,4.48,4.33,4.37,4.44,10358808.0,45590040.73,-1.5766,0.9912,-27.167705,3.696458
2021-12-20,sh.600117,4.4,4.45,4.31,4.39,4.37,10309934.0,45222343.23,0.4577,0.9865,-27.292042,3.713376
2021-12-21,sh.600117,4.42,4.42,4.33,4.4,4.39,8285868.0,36272352.91,0.2278,0.7928,-27.354211,3.721835
2021-12-22,sh.600117,4.4,4.42,4.33,4.35,4.4,6565200.0,28601322.0,-1.1364,0.6282,-27.043367,3.679541
2021-12-23,sh.600117,4.33,4.37,4.27,4.37,4.35,7615700.0,32965332.0,0.4598,0.7287,-27.167705,3.696458
2021-12-24,sh.600117,4.39,4.39,4.18,4.18,4.37,10895645.0,46363735.45,-4.3478,1.0425,-25.9865,3.535743
2021-12-27,sh.600117,4.16,4.27,4.12,4.22,4.18,7352188.0,31011121.26,0.9569,0.7035,-26.235175,3.569578
2021-12-28,sh.600117,4.23,4.26,4.17,4.18,4.22,5866300.0,24643684.0,-0.9479,0.5613,-25.9865,3.535743
2021-12-29,sh.600117,4.2,4.25,4.16,4.19,4.18,5689489.0,23968636.17,0.2392,0.5444,-26.048669,3.544202
2021-12-30,sh.600117,4.16,4.23,4.16,4.17,4.19,5339149.0,22421017.63,-0.4773,0.5109,-25.924331,3.527284
2021-12-31,sh.600117,4.17,4.22,4.17,4.18,4.17,3435900.0,14406890.0,0.2398,0.3288,-25.9865,3.535743
2022-01-04,sh.600117,4.2,4.26,4.17,4.23,4.18,6008058.0,25419410.57,1.1962,0.5749,-26.297343,3.578036
2022-01-05,sh.600117,4.26,4.28,4.1,4.12,4.23,10474500.0,43555267.0,-2.6005,1.0022,-25.613488,3.484991
2022-01-06,sh.600117,4.13,4.3,4.11,4.26,4.12,10806601.0,45697993.25,3.3981,1.034,-26.483849,3.603413
2022-01-07,sh.600117,4.34,4.34,4.22,4.23,4.26,9730030.0,41612839.24,-0.7042,0.931,-26.297343,3.578036
2022-01-10,sh.600117,4.24,4.32,4.18,4.2,4.23,6933600.0,29348231.0,-0.7092,0.6634,-26.110837,3.55266
2022-01-11,sh.600117,4.2,4.28,4.19,4.21,4.2,6774227.0,28753179.06,0.2381,0.6482,-26.173006,3.561119
2022-01-12,sh.600117,4.2,4.25,4.18,4.23,4.21,5679700.0,23929710.0,0.4751,0.5435,-26.297343,3.578036
2022-01-13,sh.600117,4.23,4.27,4.2,4.2,4.23,6606655.0,27977549.55,-0.7092,0.6321,-26.110837,3.55266
2022-01-14,sh.600117,4.22,4.23,4.08,4.09,4.2,8424588.0,34846869.51,-2.619,0.8061,-25.426982,3.459614
2022-01-17,sh.600117,4.07,4.13,4.05,4.08,4.09,4996811.0,20377725.76,-0.2445,0.4781,-25.364813,3.451156
2022-01-18,sh.600117,4.06,4.1,4.01,4.03,4.08,5883200.0,23786294.0,-1.2255,0.5629,-25.05397,3.408862
2022-01-19,sh.600117,4.07,4.13,4.04,4.08,4.03,5933412.0,24258099.83,1.2407,0.5677,-25.364813,3.451156
2022-01-20,sh.600117,4.07,4.18,4.01,4.03,4.08,9183600.0,37532333.0,-1.2255,0.8787,-25.05397,3.408862
2022-01-21,sh.600117,4.05,4.05,3.95,4.02,4.03,6289030.0,25253302.7,-0.2481,0.6018,-24.991802,3.400403
2022-01-24,sh.600117,4.02,4.07,3.96,4.01,4.02,4830210.0,19401224.1,-0.2488,0.4622,-24.929633,3.391945
2022-01-25,sh.600117,4.01,4.04,3.8,3.82,4.01,8120420.0,31537714.0,-4.7382,0.777,-23.748428,3.231229
2022-01-26,sh.600117,3.84,3.98,3.84,3.9,3.82,5848915.0,22870609.5,2.0942,0.5596,-24.245778,3.298899
2022-01-27,sh.600117,3.89,3.93,3.77,3.78,3.9,4353600.0,16678242.0,-3.0769,0.4166,-23.499754,3.197394
2022-01-28,sh.600117,3.81,3.85,3.7,3.78,3.78,4291658.0,16197539.18,0.0,0.4106,-23.499754,3.197394
2022-02-07,sh.600117,3.45,3.87,3.45,3.82,3.78,10903017.0,40586053.88,1.0582,1.0432,-23.748428,3.231229
2022-02-08,sh.600117,3.82,4.03,3.81,3.98,3.82,10541801.0,41494142.96,4.1885,1.0087,-24.743127,3.366569
2022-02-09,sh.600117,3.95,4.04,3.94,3.98,3.98,5270200.0,20998411.96,0.0,0.5043,-24.743127,3.366569
2022-02-10,sh.600117,3.97,4.02,3.95,4.0,3.98,5083001.0,20270137.99,0.5025,0.4864,-24.867464,3.383486
2022-02-11,sh.600117,3.97,4.06,3.93,3.96,4.0,5273400.0,20955734.0,-1.0,0.5046,-24.61879,3.349651
2022-02-14,sh.600117,3.95,3.99,3.88,3.91,3.96,4430000.0,17368607.0,-1.2626,0.4239,-24.307946,3.307358
2022-02-15,sh.600117,3.91,3.95,3.83,3.87,3.91,3962200.0,15309839.0,-1.023,0.3791,-24.059272,3.273523
2022-02-16,sh.600117,3.89,3.93,3.85,3.89,3.87,4275200.0,16667848.0,0.5168,0.4091,-24.183609,3.29044
2022-02-17,sh.600117,3.88,3.92,3.84,3.85,3.89,3729500.0,14418702.0,-1.0283,0.3568,-23.934934,3.256605
2022-02-18,sh.600117,3.85,3.94,3.82,3.94,3.85,6337500.0,24767247.0,2.3377,0.6064,-24.494452,3.332734
2022-02-21,sh.600117,3.94,3.98,3.89,3.97,3.94,5679405.0,22381935.73,0.7614,0.5434,-24.680958,3.35811
2022-02-22,sh.600117,3.98,4.02,3.88,3.92,3.97,7814703.0,30869225.85,-1.2594,0.7477,-24.370115,3.315816
2022-02-23,sh.600117,3.94,3.95,3.87,3.91,3.92,4431300.0,17288159.0,-0.2551,0.424,-24.307946,3.307358
2022-02-24,sh.600117,3.88,3.92,3.76,3.82,3.91,7019800.0,26987704.0,-2.3018,0.6717,-23.748428,3.231229
2022-02-25,sh.600117,3.85,3.95,3.83,3.9,3.82,7147655.0,27920362.5,2.0942,0.6839,-24.245778,3.298899
2022-02-28,sh.600117,3.9,3.93,3.82,3.88,3.9,5222600.0,20140944.0,-0.5128,0.4997,-24.12144,3.281981
2022-03-01,sh.600117,3.88,3.94,3.85,3.9,3.88,5478400.0,21297154.0,0.5155,0.5242,-24.245778,3.298899
2022-03-02,sh.600117,3.89,3.97,3.86,3.95,3.9,7404102.0,29158899.0,1.2821,0.7084,-24.556621,3.341192
2022-03-03,sh.600117,3.94,4.02,3.94,4.01,3.95,8083600.0,32273987.0,1.519,0.7735,-24.929633,3.391945
2022-03-04,sh.600117,4.01,4.01,3.92,3.94,4.01,7302450.0,28858230.0,-1.7456,0.6987,-24.494452,3.332734
2022-03-07,sh.600117,3.94,4.0,3.87,3.88,3.94,6453001.0,25309108.0,-1.5228,0.6174,-24.12144,3.281981
2022-03-08,sh.600117,3.92,3.94,3.76,3.79,3.88,9352002.0,35873955.0,-2.3196,0.8948,-23.561922,3.205853
2022-03-09,sh.600117,3.76,3.83,3.56,3.7,3.79,9834011.0,36349166.0,-2.3747,0.9409,-23.002404,3.129725
2022-03-10,sh.600117,3.73,3.78,3.71,3.76,3.7,4127702.0,15500012.0,1.6216,0.395,-23.375416,3.180477
2022-03-11,sh.600117,3.73,3.77,3.63,3.76,3.76,5389746.0,19890647.0,0.0,0.5157,-23.375416,3.180477
2022-03-14,sh.600117,3.77,3.79,3.66,3.69,3.76,5575100.0,20799931.0,-1.8617,0.5334,-22.940236,3.121266
2022-03-15,sh.600117,3.69,3.69,3.43,3.43,3.69,8655977.0,30723410.0,-7.0461,0.8282,-21.323851,2.901339
2022-03-16,sh.600117,3.52,3.54,3.38,3.54,3.43,6269845.0,21799471.0,3.207,0.5999,-22.007706,2.994385
2022-03-17,sh.600117,3.58,3.64,3.55,3.57,3.54,4741644.0,17028589.0,0.8475,0.4537,-22.194212,3.019761
2022-03-18,sh.600117,3.59,3.66,3.56,3.65,3.57,4367600.0,15840304.0,2.2409,0.4179,-22.691561,3.087431
2022-03-21,sh.600117,3.7,3.83,3.67,3.79,3.65,8236445.0,31032455.68,3.8356,0.7881,-23.561922,3.205853
2022-03-22,sh.600117,3.82,3.84,3.78,3.82,3.79,4720300.0,17986057.0,0.7916,0.4517,-23.748428,3.231229
2022-03-23,sh.600117,3.83,3.83,3.74,3.78,3.82,4671345.0,17626495.3,-1.0471,0.447,-23.499754,3.197394
2022-03-24,sh.600117,3.79,3.79,3.71,3.71,3.78,2752701.0,10293486.72,-1.8519,0.2634,-23.064573,3.138183
2022-03-25,sh.600117,3.75,3.75,3.68,3.71,3.71,3646900.0,13518833.0,0.0,0.3489,-23.064573,3.138183
2022-03-28,sh.600117,3.69,3.75,3.6,3.69,3.71,3583500.0,13133925.0,-0.5391,0.3429,-22.940236,3.121266
2022-03-29,sh.600117,3.69,3.71,3.62,3.63,3.69,3521300.0,12847667.0,-1.626,0.3369,-22.567224,3.070514
2022-03-30,sh.600117,3.67,3.67,3.62,3.66,3.63,3638600.0,13270500.7,0.8264,0.3482,-22.75373,3.09589
2022-03-31,sh.600117,3.64,3.73,3.64,3.7,3.66,5378182.0,19837527.58,1.0929,0.5146,-23.002404,3.129725
2022-04-01,sh.600117,3.7,3.7,3.61,3.65,3.7,5817400.0,21218237.0,-1.3514,0.5566,-22.691561,3.087431
2022-04-06,sh.600117,3.65,3.86,3.63,3.84,3.65,13079386.0,49352027.92,5.2055,1.2515,-23.872766,3.248147
2022-04-07,sh.600117,3.86,3.99,3.79,3.8,3.84,19259230.0,75000574.0,-1.0417,1.8428,-23.624091,3.214312
2022-04-08,sh.600117,3.75,3.93,3.75,3.89,3.8,15891415.0,61173402.35,2.3684,1.5205,-24.183609,3.29044
2022-04-11,sh.600117,3.87,3.9,3.73,3.77,3.89,11624930.0,44128774.5,-3.0848,1.1123,-23.437585,3.188936
2022-04-12,sh.600117,3.73,3.87,3.71,3.81,3.77,9342777.0,35405680.06,1.061,0.8939,-23.68626,3.22277
2022-04-13,sh.600117,3.78,3.85,3.72,3.8,3.81,7138415.0,27027170.2,-0.2625,0.683,-23.624091,3.214312
2022-04-14,sh.600117,3.8,3.87,3.77,3.87,3.8,8593400.0,32929475.0,1.8421,0.8222,-24.059272,3.273523
2022-04-15,sh.600117,3.86,4.04,3.82,3.93,3.87,20925300.0,82810247.0,1.5504,2.0022,-24.432284,3.324275
2022-04-18,sh.600117,3.86,3.9,3.77,3.8,3.93,11361277.0,43481777.14,-3.3079,1.0871,-23.624091,3.214312
2022-04-19,sh.600117,3.78,3.92,3.78,3.9,3.8,9913600.0,38371632.0,2.6316,0.9486,-24.245778,3.298899
2022-04-20,sh.600117,3.9,3.94,3.77,3.81,3.9,8998500.0,34542068.0,-2.3077,0.861,-23.68626,3.22277
2022-04-21,sh.600117,3.77,3.8,3.56,3.58,3.81,10522400.0,38434978.99,-6.0367,1.0068,-22.25638,3.02822
2022-04-22,sh.600117,3.58,3.6,3.48,3.56,3.58,6780100.0,24022422.0,-0.5587,0.6487,-22.132043,3.011303
2022-04-25,sh.600117,3.42,3.45,3.2,3.2,3.56,16029100.0,52882509.0,-10.1124,1.5337,-19.893971,2.706789
2022-04-26,sh.600117,3.2,3.22,3.05,3.07,3.2,7590600.0,23810204.0,-4.0625,0.7263,-19.085779,2.596826
2022-04-27,sh.600117,3.02,3.22,2.95,3.22,3.07,7852287.0,24047356.6,4.886,0.7513,-20.018309,2.723706
2022-04-28,sh.600117,3.2,3.22,3.05,3.11,3.22,6001400.0,18741847.0,-3.4161,0.5742,-19.334453,2.63066
2022-04-29,sh.600117,3.12,3.26,3.12,3.24,3.11,5982700.0,19204313.0,4.1801,0.5724,-20.142646,2.740624
2022-05-05,sh.600117,3.21,3.29,3.18,3.24,3.24,4503900.0,14652116.0,0.0,0.4309,-2.648224,39.168635
2022-05-06,sh.600117,3.22,3.22,3.11,3.15,3.24,4694135.0,14840854.4,-2.7778,0.4491,-2.574662,38.080617
2022-05-09,sh.600117,3.14,3.23,3.13,3.18,3.15,3575602.0,11404001.33,0.9524,0.3421,-2.599183,38.44329
2022-05-10,sh.600117,3.12,3.18,3.1,3.18,3.18,4117723.0,12946582.68,0.0,0.394,-2.599183,38.44329
2022-05-11,sh.600117,3.18,3.24,3.16,3.16,3.18,6138500.0,19660919.0,-0.6289,0.5873,-2.582836,38.201508
2022-05-12,sh.600117,3.14,3.19,3.1,3.16,3.16,4532887.0,14254027.05,0.0,0.4337,-2.582836,38.201508
2022-05-13,sh.600117,3.17,3.18,3.12,3.17,3.16,4090500.0,12892130.0,0.3165,0.3914,-2.591009,38.322399
2022-05-16,sh.600117,3.17,3.2,3.14,3.2,3.17,5567791.0,17676568.47,0.9464,0.5327,-2.61553,38.685071
2022-05-17,sh.600117,3.19,3.2,3.15,3.18,3.2,3452000.0,10955541.0,-0.625,0.3303,-2.599183,38.44329
2022-05-18,sh.600117,3.18,3.21,3.17,3.19,3.18,3680300.0,11734145.0,0.3145,0.3521,-2.607356,38.564181
2022-05-19,sh.600117,3.17,3.21,3.1,3.21,3.19,3507045.0,11124224.65,0.627,0.3356,-2.623703,38.805962
2022-05-20,sh.600117,3.21,3.3,3.2,3.29,3.21,8307000.0,27126382.0,2.4922,0.7948,-2.689091,39.773089
2022-05-23,sh.600117,3.3,3.59,3.29,3.55,3.29,18086605.0,62764745.47,7.9027,1.7306,-2.901603,42.916251
2022-05-24,sh.600117,3.54,3.55,3.37,3.4,3.55,15224288.0,53034638.93,-4.2254,1.4567,-2.779,41.102888
2022-05-25,sh.600117,3.37,3.44,3.36,3.38,3.4,7209100.0,24438556.0,-0.5882,0.6898,-2.762653,40.861107
2022-05-26,sh.600117,3.37,3.46,3.33,3.44,3.38,6968000.0,23700976.0,1.7751,0.6667,-2.811694,41.586452
2022-05-27,sh.600117,3.49,3.49,3.4,3.43,3.44,4830100.0,16594246.0,-0.2907,0.4622,-2.803521,41.465561
2022-05-30,sh.600117,3.45,3.49,3.43,3.46,3.43,5659810.0,19568230.6,0.8746,0.5415,-2.828042,41.828234
2022-05-31,sh.600117,3.43,3.49,3.4,3.48,3.46,4648066.0,16087319.89,0.578,0.4447,-2.844389,42.070015
2022-06-01,sh.600117,3.47,3.67,3.46,3.57,3.48,7873724.0,28225506.17,2.5862,0.7534,-2.91795,43.158033
2022-06-02,sh.600117,3.59,3.82,3.51,3.82,3.57,16492765.0,61574685.18,7.0028,1.5781,-3.122289,46.180304
2022-06-06,sh.600117,3.82,3.83,3.71,3.73,3.82,10430852.0,39063453.44,-2.356,0.9981,-3.048727,45.092286
2022-06-07,sh.600117,3.71,3.74,3.65,3.68,3.73,5903100.0,21760946.0,-1.3405,0.5648,-3.007859,44.487832
2022-06-08,sh.600117,3.67,3.77,3.64,3.72,3.68,5806890.0,21528066.89,1.087,0.5556,-3.040553,44.971396
2022-06-09,sh.600117,3.73,3.75,3.65,3.68,3.72,4457800.0,16468249.0,-1.0753,0.4265,-3.007859,44.487832
2022-06-10,sh.600117,3.68,3.73,3.64,3.71,3.68,6639801.0,24511567.7,0.8152,0.6353,-3.03238,44.850505
2022-06-13,sh.600117,3.67,3.82,3.59,3.62,3.71,9834402.0,35985363.24,-2.4259,0.941,-2.958818,43.762487
2022-06-14,sh.600117,3.6,3.67,3.52,3.67,3.62,6756600.0,24261730.88,1.3812,0.6465,-2.999686,44.366941
2022-06-15,sh.600117,3.66,3.71,3.62,3.63,3.67,5118500.0,18729176.0,-1.0899,0.4898,-2.966992,43.883378
2022-06-16,sh.600117,3.63,3.66,3.57,3.6,3.63,4217000.0,15219080.0,-0.8264,0.4035,-2.942471,43.520705
2022-06-17,sh.600117,3.57,3.67,3.55,3.6,3.6,3815300.0,13730504.0,0.0,0.3651,-2.942471,43.520705
2022-06-20,sh.600117,3.6,3.64,3.56,3.6,3.6,4450253.0,16025815.76,0.0,0.4258,-2.942471,43.520705
2022-06-21,sh.600117,3.6,3.68,3.55,3.61,3.6,6500500.0,23397669.0,0.2778,0.622,-2.950644,43.641596
2022-06-22,sh.600117,3.61,3.65,3.53,3.58,3.61,5990086.0,21522083.43,-0.831,0.5731,-2.926124,43.278924
2022-06-23,sh.600117,3.57,3.62,3.55,3.61,3.58,4233452.0,15173734.16,0.838,0.4051,-2.950644,43.641596
2022-06-24,sh.600117,3.62,3.65,3.59,3.65,3.61,5609600.0,20361040.0,1.108,0.5367,-2.983339,44.12516
2022-06-27,sh.600117,3.65,3.67,3.57,3.58,3.65,4789800.0,17259947.0,-1.9178,0.4583,-2.926124,43.278924
2022-06-28,sh.600117,3.58,3.66,3.57,3.66,3.58,5162700.0,18811226.0,2.2346,0.494,-2.991512,44.24605
2022-06-29,sh.600117,3.68,3.69,3.58,3.59,3.66,5236700.0,18931210.0,-1.9126,0.5011,-2.934297,43.399815
2022-06-30,sh.600117,3.6,3.61,3.55,3.55,3.59,4455700.0,15925979.36,-1.1142,0.4263,-2.901603,42.916251
2022-07-01,sh.600117,3.52,3.57,3.5,3.57,3.55,3964300.0,14017827.0,0.5634,0.3793,-2.91795,43.158033
2022-07-04,sh.600117,3.55,3.67,3.52,3.64,3.57,7715500.0,27976797.0,1.9608,0.7382,-2.975165,44.004269
2022-07-05,sh.600117,3.64,3.94,3.62,3.77,3.64,18135585.0,68354943.83,3.5714,1.7353,-3.081421,45.57585
2022-07-06,sh.600117,3.71,3.76,3.58,3.61,3.77,12442500.0,45480018.0,-4.244,1.1905,-2.950644,43.641596
2022-07-07,sh.600117,3.53,3.67,3.53,3.64,3.61,6607500.0,23912321.0,0.831,0.6322,-2.975165,44.004269
2022-07-08,sh.600117,3.63,3.65,3.56,3.59,3.64,5157712.0,18519197.05,-1.3736,0.4935,-2.934297,43.399815
2022-07-11,sh.600117,3.56,3.57,3.5,3.53,3.59,6276100.0,22163726.0,-1.6713,0.6005,-2.885256,42.674469
2022-07-12,sh.600117,3.54,3.71,3.5,3.62,3.53,8875511.0,32050052.82,2.5496,0.8492,-2.958818,43.762487
2022-07-13,sh.600117,3.62,3.64,3.54,3.56,3.62,5836601.0,20798879.54,-1.6575,0.5585,-2.909777,43.037142
2022-07-14,sh.600117,3.58,3.6,3.52,3.53,3.56,4213901.0,14931449.56,-0.8427,0.4032,-2.885256,42.674469
2022-07-15,sh.600117,3.53,3.53,3.33,3.33,3.53,7963500.0,27033474.0,-5.6657,0.762,-2.721786,40.256652
2022-07-18,sh.600117,3.35,3.56,3.35,3.55,3.33,10151700.0,35646638.0,6.6066,0.9713,-2.901603,42.916251
2022-07-19,sh.600117,3.52,3.69,3.52,3.65,3.55,8670402.0,31449214.28,2.8169,0.8296,-2.983339,44.12516
2022-07-20,sh.600117,3.66,3.72,3.64,3.69,3.65,5729601.0,21118379.67,1.0959,0.5482,-3.016033,44.608723
2022-07-21,sh.600117,3.71,3.74,3.65,3.68,3.69,8319000.0,30780210.0,-0.271,0.796,-3.007859,44.487832
2022-07-22,sh.600117,3.68,3.71,3.65,3.69,3.68,4791270.0,17622347.6,0.2717,0.4584,-3.016033,44.608723
2022-07-25,sh.600117,3.71,3.72,3.64,3.65,3.69,3982587.0,14612159.29,-1.084,0.3811,-2.983339,44.12516
2022-07-26,sh.600117,3.65,3.72,3.61,3.72,3.65,4645001.0,17053954.7,1.9178,0.4444,-3.040553,44.971396
2022-07-27,sh.600117,3.72,3.74,3.67,3.73,3.72,4542912.0,16862880.35,0.2688,0.4347,-3.048727,45.092286
2022-07-28,sh.600117,3.74,3.78,3.7,3.71,3.73,3935311.0,14646947.74,-0.5362,0.3765,-3.03238,44.850505
2022-07-29,sh.600117,3.72,3.75,3.69,3.7,3.71,4746400.0,17639693.0,-0.2695,0.4541,-3.024206,44.729614
2022-08-01,sh.600117,3.7,3.75,3.67,3.69,3.7,4003620.0,14817213.0,-0.2703,0.3831,-3.016033,44.608723
2022-08-02,sh.600117,3.67,3.67,3.5,3.59,3.69,6949628.0,24776731.14,-2.71,0.665,-2.934297,43.399815
2022-08-03,sh.600117,3.59,3.64,3.53,3.56,3.59,5919300.0,21197620.0,-0.8357,0.5664,-2.909777,43.037142
2022-08-04,sh.600117,3.55,3.61,3.53,3.59,3.56,2949100.0,10534769.0,0.8427,0.2822,-2.934297,43.399815
2022-08-05,sh.600117,3.63,3.69,3.57,3.69,3.59,3827002.0,13880391.0,2.7855,0.3662,-3.016033,44.608723
2022-08-08,sh.600117,3.67,3.72,3.66,3.71,3.69,4184465.0,15466687.0,0.542,0.4004,-3.03238,44.850505
2022-08-09,sh.600117,3.73,3.75,3.69,3.73,3.71,3374900.0,12571641.0,0.5391,0.3229,-3.048727,45.092286
2022-08-10,sh.600117,3.75,3.79,3.71,3.77,3.73,5781502.0,21742865.0,1.0724,0.5532,-3.081421,45.57585
2022-08-11,sh.600117,3.78,3.81,3.77,3.78,3.77,6293900.0,23843057.0,0.2653,0.6022,-3.089594,45.696741
2022-08-12,sh.600117,3.78,3.81,3.73,3.74,3.78,3985744.0,14995089.0,-1.0582,0.3814,-3.0569,45.213177
2022-08-15,sh.600117,3.75,3.8,3.73,3.74,3.74,3451600.0,12956530.0,0.0,0.3303,-3.0569,45.213177
2022-08-16,sh.600117,3.77,3.78,3.71,3.73,3.74,3002800.0,11213261.0,-0.2674,0.2873,-3.048727,45.092286
2022-08-17,sh.600117,3.73,3.75,3.7,3.73,3.73,3162701.0,11783853.73,0.0,0.3026,-3.048727,45.092286
2022-08-18,sh.600117,3.73,3.76,3.65,3.68,3.73,4192993.0,15458960.9,-1.3405,0.4012,-3.007859,44.487832
2022-08-19,sh.600117,3.68,3.69,3.65,3.66,3.68,3428200.0,12578267.0,-0.5435,0.328,-2.991512,44.24605
2022-08-22,sh.600117,3.64,3.71,3.62,3.71,3.66,4647400.0,17071228.0,1.3661,0.4447,-3.03238,44.850505
2022-08-23,sh.600117,3.71,3.71,3.63,3.65,3.71,4817365.0,17572338.95,-1.6173,0.4609,-2.983339,44.12516
2022-08-24,sh.600117,3.66,3.67,3.53,3.55,3.65,7645700.0,27349874.0,-2.7397,0.7316,-2.901603,42.916251
2022-08-25,sh.600117,3.56,3.58,3.48,3.57,3.55,5145505.0,18189532.8,0.5634,0.4923,-2.91795,43.158033
2022-08-26,sh.600117,3.6,3.6,3.53,3.56,3.57,3224600.0,11484667.0,-0.2801,0.3085,-2.909777,43.037142
2022-08-29,sh.600117,3.57,3.57,3.44,3.55,3.56,2959501.0,10394094.51,-0.2809,0.2832,-2.901603,42.916251
2022-08-30,sh.600117,3.57,3.58,3.5,3.55,3.55,2598030.0,9176940.55,0.0,0.2486,-2.901603,42.916251
2022-08-31,sh.600117,3.52,3.53,3.44,3.46,3.55,4776013.0,16571431.99,-2.5352,0.457,-2.464655,-28.7763
2022-09-01,sh.600117,3.45,3.62,3.42,3.44,3.46,6625477.0,23293781.88,-0.578,0.6339,-2.450408,-28.609963
2022-09-02,sh.600117,3.47,3.53,3.46,3.52,3.44,3989797.0,13940821.4,2.3256,0.3818,-2.507394,-29.275311
2022-09-05,sh.600117,3.48,3.58,3.48,3.58,3.52,3587513.0,12706644.28,1.7045,0.3433,-2.550134,-29.774322
2022-09-06,sh.600117,3.6,3.61,3.54,3.58,3.58,3789600.0,13572034.87,0.0,0.3626,-2.550134,-29.774322
2022-09-07,sh.600117,3.58,3.61,3.54,3.61,3.58,3676600.0,13166671.0,0.838,0.3518,-2.571504,-30.023828
2022-09-08,sh.600117,3.61,3.64,3.55,3.61,3.61,3811065.0,13713594.23,0.0,0.3647,-2.571504,-30.023828
2022-09-09,sh.600117,3.59,3.63,3.57,3.57,3.61,3568642.0,12829524.94,-1.108,0.3415,-2.543011,-29.691154
2022-09-13,sh.600117,3.61,3.64,3.56,3.58,3.57,5386715.0,19438305.15,0.2801,0.5154,-2.550134,-29.774322
2022-09-14,sh.600117,3.55,3.6,3.53,3.55,3.58,3276103.0,11655732.65,-0.838,0.3135,-2.528764,-29.524817
2022-09-15,sh.600117,3.58,3.58,3.46,3.51,3.55,5159036.0,18082842.36,-1.1268,0.4936,-2.500271,-29.192143
2022-09-16,sh.600117,3.5,3.54,3.38,3.39,3.51,5856000.0,20102869.0,-3.4188,0.5603,-2.414792,-28.194121
2022-09-19,sh.600117,3.39,3.45,3.31,3.35,3.39,5586100.0,18751453.0,-1.1799,0.5345,-2.386298,-27.861447
2022-09-20,sh.600117,3.36,3.39,3.33,3.35,3.35,3685500.0,12370281.0,0.0,0.3526,-2.386298,-27.861447
2022-09-21,sh.600117,3.35,3.42,3.28,3.41,3.35,4045592.0,13589112.72,1.791,0.3871,-2.429038,-28.360458
2022-09-22,sh.600117,3.42,3.45,3.34,3.4,3.41,3950777.0,13475983.03,-0.2933,0.378,-2.421915,-28.277289
2022-09-23,sh.600117,3.41,3.41,3.31,3.35,3.4,3259923.0,10947584.97,-1.4706,0.3119,-2.386298,-27.861447
2022-09-26,sh.600117,3.32,3.35,3.22,3.23,3.35,5016235.0,16382021.8,-3.5821,0.48,-2.300819,-26.863425
2022-09-27,sh.600117,3.27,3.29,3.21,3.27,3.23,2997001.0,9730270.21,1.2384,0.2868,-2.329312,-27.196099
2022-09-28,sh.600117,3.28,3.28,3.18,3.18,3.27,3736407.0,12035938.26,-2.7523,0.3575,-2.265203,-26.447582
2022-09-29,sh.600117,3.21,3.23,3.13,3.15,3.18,4345300.0,13748518.0,-0.9434,0.4158,-2.243833,-26.198077
2022-09-30,sh.600117,3.1,3.18,3.1,3.15,3.15,3432300.0,10799690.0,0.0,0.3284,-2.243833,-26.198077
2022-10-10,sh.600117,3.15,3.2,3.11,3.12,3.15,3682700.0,11639843.35,-0.9524,0.3524,-2.222463,-25.948571
2022-10-11,sh.600117,3.13,3.16,3.06,3.13,3.12,3597100.0,11166011.0,0.3205,0.3442,-2.229586,-26.03174
2022-10-12,sh.600117,3.14,3.23,3.11,3.23,3.13,3902815.0,12356937.15,3.1949,0.3734,-2.300819,-26.863425
2022-10-13,sh.600117,3.2,3.24,3.18,3.19,3.23,2946700.0,9431182.85,-1.2384,0.2819,-2.272326,-26.530751
2022-10-14,sh.600117,3.21,3.25,3.21,3.24,3.19,3425201.0,11084666.23,1.5674,0.3277,-2.307942,-26.946593
2022-10-17,sh.600117,3.23,3.31,3.21,3.3,3.24,5147746.0,16878683.16,1.8519,0.4926,-2.350682,-27.445604
2022-10-18,sh.600117,3.3,3.34,3.26,3.27,3.3,2822005.0,9298149.45,-0.9091,0.27,-2.329312,-27.196099
2022-10-19,sh.600117,3.27,3.29,3.23,3.26,3.27,2475205.0,8050525.25,-0.3058,0.2368,-2.322189,-27.11293
2022-10-20,sh.600117,3.26,3.26,3.21,3.22,3.26,2439805.0,7890784.15,-1.227,0.2334,-2.293696,-26.780256
2022-10-21,sh.600117,3.25,3.27,3.21,3.22,3.22,2192001.0,7084952.23,0.0,0.2097,-2.293696,-26.780256
2022-10-24,sh.600117,3.25,3.25,3.16,3.18,3.22,4013451.0,12905663.16,-1.2422,0.384,-2.265203,-26.447582
2022-10-25,sh.600117,3.18,3.21,3.13,3.2,3.18,3356628.0,10653723.31,0.6289,0.3212,-2.279449,-26.613919
2022-10-26,sh.600117,3.22,3.25,3.18,3.2,3.2,2913800.0,9365525.0,0.0,0.2788,-2.279449,-26.613919
2022-10-27,sh.600117,3.21,3.25,3.2,3.2,3.2,2887100.0,9292844.0,0.0,0.2762,-2.279449,-26.613919
2022-10-28,sh.600117,3.22,3.22,3.05,3.07,3.2,4803400.0,14932890.0,-4.0625,0.4596,-2.186847,-25.532729
2022-10-31,sh.600117,3.05,3.09,3.02,3.06,3.07,3753573.0,11468065.11,-0.3257,0.3592,-1.942348,-7.571402
2022-11-01,sh.600117,3.07,3.11,3.05,3.11,3.06,2553565.0,7873637.5,1.634,0.2443,-1.974086,-7.695118
2022-11-02,sh.600117,3.12,3.15,3.1,3.11,3.11,4733844.0,14808202.36,0.0,0.4529,-1.974086,-7.695118
2022-11-03,sh.600117,3.11,3.15,3.09,3.15,3.11,3307416.0,10317895.61,1.2862,0.3165,-1.999476,-7.79409
2022-11-04,sh.600117,3.15,3.2,3.13,3.18,3.15,4126901.0,13083659.18,0.9524,0.3949,-2.018519,-7.86832
2022-11-07,sh.600117,3.18,3.28,3.13,3.24,3.18,6836501.0,22129568.21,1.8868,0.6541,-2.056604,-8.016779
2022-11-08,sh.600117,3.24,3.27,3.21,3.23,3.24,4946701.0,16000055.23,-0.3086,0.4733,-2.050256,-7.992036
2022-11-09,sh.600117,3.23,3.27,3.22,3.24,3.23,3328508.0,10778683.39,0.3096,0.3185,-2.056604,-8.016779
2022-11-10,sh.600117,3.23,3.26,3.18,3.24,3.24,3979946.0,12824263.04,0.0,0.3808,-2.056604,-8.016779
2022-11-11,sh.600117,3.28,3.29,3.24,3.26,3.24,4447610.0,14481483.5,0.6173,0.4256,-2.069299,-8.066265
2022-11-14,sh.600117,3.28,3.28,3.21,3.22,3.26,4475159.0,14483787.98,-1.227,0.4282,-2.043909,-7.967292
2022-11-15,sh.600117,3.22,3.26,3.2,3.25,3.22,3401004.0,11026812.96,0.9317,0.3254,-2.062951,-8.041522
2022-11-16,sh.600117,3.25,3.26,3.22,3.23,3.25,4019831.0,13018675.82,-0.6154,0.3846,-2.050256,-7.992036
2022-11-17,sh.600117,3.24,3.27,3.23,3.26,3.23,5430902.0,17668644.48,0.9288,0.5196,-2.069299,-8.066265
2022-11-18,sh.600117,3.27,3.27,3.2,3.2,3.26,5015643.0,16166353.6,-1.8405,0.4799,-2.031214,-7.917806
2022-11-21,sh.600117,3.23,3.24,3.16,3.22,3.2,4774734.0,15263563.05,0.625,0.4569,-2.043909,-7.967292
2022-11-22,sh.600117,3.23,3.27,3.21,3.24,3.22,7132623.0,23179524.29,0.6211,0.6825,-2.056604,-8.016779
2022-11-23,sh.600117,3.22,3.26,3.21,3.24,3.24,4573104.0,14759420.88,0.0,0.4376,-2.056604,-8.016779
2022-11-24,sh.600117,3.23,3.26,3.22,3.23,3.24,4925800.0,15968992.0,-0.3086,0.4713,-2.050256,-7.992036
2022-11-25,sh.600117,3.23,3.26,3.23,3.25,3.23,4283200.0,13923640.0,0.6192,0.4098,-2.062951,-8.041522
2022-11-28,sh.600117,3.24,3.26,3.18,3.25,3.25,5079500.0,16403564.0,0.0,0.486,-2.062951,-8.041522
2022-11-29,sh.600117,3.26,3.31,3.22,3.31,3.25,8566030.0,28094519.0,1.8462,0.8196,-2.101037,-8.189981
2022-11-30,sh.600117,3.31,3.32,3.25,3.26,3.31,6668392.0,21904486.9,-1.5106,0.6381,-2.069299,-8.066265
2022-12-01,sh.600117,3.28,3.34,3.26,3.33,3.26,8677002.0,28739566.7,2.1472,0.8302,-2.113732,-8.239467
2022-12-02,sh.600117,3.34,3.35,3.26,3.29,3.33,7665245.0,25203660.6,-1.2012,0.7334,-2.088341,-8.140494
2022-12-05,sh.600117,3.32,3.41,3.29,3.38,3.29,12673200.0,42432996.0,2.7356,1.2126,-2.145469,-8.363183
2022-12-06,sh.600117,3.37,3.39,3.33,3.35,3.38,6405800.0,21488075.0,-0.8876,0.6129,-2.126427,-8.288953
2022-12-07,sh.600117,3.33,3.36,3.28,3.3,3.35,6646000.0,21963414.0,-1.4925,0.6359,-2.094689,-8.165238
2022-12-08,sh.600117,3.3,3.31,3.25,3.28,3.3,5400192.0,17676948.92,-0.6061,0.5167,-2.081994,-8.115751
2022-12-09,sh.600117,3.29,3.34,3.23,3.31,3.28,8357300.0,27409273.73,0.9146,0.7997,-2.101037,-8.189981
2022-12-12,sh.600117,3.29,3.3,3.19,3.2,3.31,9448100.0,30451769.0,-3.3233,0.904,-2.031214,-7.917806
2022-12-13,sh.600117,3.21,3.28,3.2,3.27,3.2,8289800.0,27018135.0,2.1875,0.7932,-2.075646,-8.091008
2022-12-14,sh.600117,3.29,3.29,3.21,3.23,3.27,4932800.0,15968150.0,-1.2232,0.472,-2.050256,-7.992036
2022-12-15,sh.600117,3.23,3.25,3.19,3.2,3.23,4903942.0,15735908.3,-0.9288,0.4692,-2.031214,-7.917806
2022-12-16,sh.600117,3.19,3.24,3.17,3.21,3.2,6298721.0,20177289.05,0.3125,0.6027,-2.037561,-7.942549
2022-12-19,sh.600117,3.18,3.22,3.1,3.11,3.21,7956129.0,24984514.76,-3.1153,0.7613,-1.974086,-7.695118
2022-12-20,sh.600117,3.08,3.15,3.08,3.12,3.11,3884400.0,12121958.0,0.3215,0.3717,-1.980433,-7.719861
2022-12-21,sh.600117,3.12,3.16,3.1,3.12,3.12,4231200.0,13220539.0,0.0,0.4049,-1.980433,-7.719861
2022-12-22,sh.600117,3.15,3.21,3.08,3.08,3.12,5199401.0,16296350.1,-1.2821,0.4975,-1.955043,-7.620888
2022-12-23,sh.600117,3.07,3.12,3.05,3.09,3.08,3571105.0,11008472.4,0.3247,0.3417,-1.961391,-7.645632
2022-12-26,sh.600117,3.09,3.1,3.06,3.09,3.09,3688500.0,11342929.0,0.0,0.3529,-1.961391,-7.645632
2022-12-27,sh.600117,3.07,3.13,3.06,3.11,3.09,3270200.0,10147331.0,0.6472,0.3129,-1.974086,-7.695118
2022-12-28,sh.600117,3.12,3.14,3.08,3.1,3.11,2259400.0,7034936.0,-0.3215,0.2162,-1.967738,-7.670375
2022-12-29,sh.600117,3.06,3.11,3.06,3.07,3.1,3011939.0,9294478.41,-0.9677,0.2882,-1.948696,-7.596145
2022-12-30,sh.600117,3.09,3.13,3.07,3.11,3.07,3268301.0,10113984.11,1.3029,0.3127,-1.974086,-7.695118
2023-01-03,sh.600117,3.08,3.13,3.08,3.13,3.11,3563201.0,11098480.11,0.6431,0.3409,-1.986781,-7.744604
2023-01-04,sh.600117,3.14,3.16,3.1,3.15,3.13,3602588.0,11305498.31,0.639,0.3447,-1.999476,-7.79409
2023-01-05,sh.600117,3.16,3.17,3.12,3.14,3.15,2844419.0,8916476.47,-0.3175,0.2722,-1.993128,-7.769347
2023-01-06,sh.600117,3.14,3.15,3.09,3.1,3.14,5110693.0,15898111.57,-1.2739,0.489,-1.967738,-7.670375
2023-01-09,sh.600117,3.1,3.14,3.1,3.13,3.1,3871222.0,12112712.4,0.9677,0.3704,-1.986781,-7.744604
2023-01-10,sh.600117,3.13,3.13,3.06,3.08,3.13,5099894.0,15707123.58,-1.5974,0.488,-1.955043,-7.620888
2023-01-11,sh.600117,3.08,3.1,3.03,3.05,3.08,5693900.0,17417254.0,-0.974,0.5448,-1.936,-7.546659
2023-01-12,sh.600117,3.04,3.06,3.03,3.05,3.05,2993401.0,9113657.04,0.0,0.2864,-1.936,-7.546659
2023-01-13,sh.600117,3.06,3.06,3.02,3.05,3.05,3820229.0,11596879.68,0.0,0.3655,-1.936,-7.546659
2023-01-16,sh.600117,3.05,3.08,3.02,3.07,3.05,5064299.0,15465717.82,0.6557,0.4846,-1.948696,-7.596145
2023-01-17,sh.600117,3.07,3.08,3.02,3.05,3.07,3636001.0,11057917.03,-0.6515,0.3479,-1.936,-7.546659
2023-01-18,sh.600117,3.05,3.07,3.04,3.06,3.05,3765101.0,11497807.04,0.3279,0.3603,-1.942348,-7.571402
2023-01-19,sh.600117,3.06,3.07,3.03,3.06,3.06,3941300.0,12029641.0,0.0,0.3771,-1.942348,-7.571402
2023-01-20,sh.600117,3.06,3.17,3.06,3.15,3.06,7793900.0,24384425.0,2.9412,0.7457,-1.999476,-7.79409
2023-01-30,sh.600117,3.17,3.24,3.16,3.21,3.15,9751267.0,31303280.26,1.9048,0.933,-2.037561,-7.942549
2023-01-31,sh.600117,3.12,3.2,3.08,3.19,3.21,12307177.0,38947458.92,-0.6231,1.1776,-2.024866,-7.893063
2023-02-01,sh.600117,3.17,3.28,3.17,3.25,3.19,9292994.0,30075976.6,1.8809,0.8892,-2.062951,-8.041522
2023-02-02,sh.600117,3.24,3.25,3.18,3.2,3.25,10164400.0,32597624.0,-1.5385,0.9726,-2.031214,-7.917806
2023-02-03,sh.600117,3.2,3.21,3.14,3.17,3.2,7052200.0,22310682.96,-0.9375,0.6748,-2.012171,-7.843577
2023-02-06,sh.600117,3.16,3.17,3.11,3.16,3.17,4820000.0,15160058.73,-0.3155,0.4612,-2.005823,-7.818834
2023-02-07,sh.600117,3.17,3.18,3.13,3.16,3.16,4925100.0,15508896.0,0.0,0.4712,-2.005823,-7.818834
2023-02-08,sh.600117,3.16,3.21,3.14,3.14,3.16,4306302.0,13597285.3,-0.6329,0.412,-1.993128,-7.769347
2023-02-09,sh.600117,3.14,3.17,3.12,3.14,3.14,4381380.0,13798581.33,0.0,0.4192,-1.993128,-7.769347
2023-02-10,sh.600117,3.15,3.17,3.13,3.16,3.14,6113200.0,19258941.0,0.6369,0.5849,-2.005823,-7.818834
2023-02-13,sh.600117,3.17,3.18,3.14,3.15,3.16,5244200.0,16541826.0,-0.3165,0.5018,-1.999476,-7.79409
2023-02-14,sh.600117,3.16,3.22,3.14,3.18,3.15,12606755.0,40049232.33,0.9524,1.2063,-2.018519,-7.86832
2023-02-15,sh.600117,3.19,3.19,3.15,3.16,3.18,7071342.0,22394500.72,-0.6289,0.6766,-2.005823,-7.818834
2023-02-16,sh.600117,3.16,3.22,3.07,3.1,3.16,11138114.0,35083198.4,-1.8987,1.0657,-1.967738,-7.670375
2023-02-17,sh.600117,3.11,3.13,3.09,3.09,3.1,5493200.0,17069098.0,-0.3226,0.5256,-1.961391,-7.645632
2023-02-20,sh.600117,3.09,3.14,3.07,3.14,3.09,5554490.0,17272515.8,1.6181,0.5315,-1.993128,-7.769347
2023-02-21,sh.600117,3.14,3.21,3.12,3.19,3.14,10928027.0,34791739.86,1.5924,1.0456,-2.024866,-7.893063
2023-02-22,sh.600117,3.19,3.21,3.16,3.21,3.19,7787915.0,24852140.12,0.627,0.7452,-2.037561,-7.942549
2023-02-23,sh.600117,3.23,3.24,3.16,3.19,3.21,5593411.0,17851552.98,-0.6231,0.5352,-2.024866,-7.893063
2023-02-24,sh.600117,3.2,3.2,3.15,3.18,3.19,3847292.0,12209299.72,-0.3135,0.3681,-2.018519,-7.86832
2023-02-27,sh.600117,3.17,3.2,3.15,3.16,3.18,5200410.0,16526024.9,-0.6289,0.4976,-2.005823,-7.818834
2023-02-28,sh.600117,3.15,3.18,3.14,3.18,3.16,3570901.0,11286686.16,0.6329,0.3417,-2.018519,-7.86832
2023-03-01,sh.600117,3.18,3.18,3.16,3.18,3.18,3363400.0,10672790.0,0.0,0.3218,-2.018519,-7.86832
2023-03-02,sh.600117,3.17,3.21,3.16,3.2,3.18,6108000.0,19481676.0,0.6289,0.5844,-2.031214,-7.917806
2023-03-03,sh.600117,3.19,3.21,3.17,3.2,3.2,4828793.0,15440233.2,0.0,0.462,-2.031214,-7.917806
2023-03-06,sh.600117,3.2,3.21,3.16,3.17,3.2,4562400.0,14477305.0,-0.9375,0.4365,-2.012171,-7.843577
2023-03-07,sh.600117,3.17,3.18,3.1,3.13,3.17,5703682.0,17909710.02,-1.2618,0.5457,-1.986781,-7.744604
2023-03-08,sh.600117,3.11,3.16,3.1,3.16,3.13,4610169.0,14469918.97,0.9585,0.4411,-2.005823,-7.818834
2023-03-09,sh.600117,3.16,3.16,3.12,3.14,3.16,3248200.0,10189291.0,-0.6329,0.3108,-1.993128,-7.769347
2023-03-10,sh.600117,3.14,3.14,3.09,3.1,3.14,4500469.0,13958814.21,-1.2739,0.4306,-1.967738,-7.670375
2023-03-13,sh.600117,3.11,3.11,3.06,3.08,3.1,4468600.0,13767915.0,-0.6452,0.4276,-1.955043,-7.620888
2023-03-14,sh.600117,3.07,3.08,3.02,3.04,3.08,5393402.0,16434477.08,-1.2987,0.5161,-1.929653,-7.521916
2023-03-15,sh.600117,3.06,3.1,3.04,3.09,3.04,4922261.0,15156424.4,1.6447,0.471,-1.961391,-7.645632
2023-03-16,sh.600117,3.08,3.08,3.02,3.03,3.09,4881000.0,14852946.0,-1.9417,0.467,-1.923305,-7.497173
2023-03-17,sh.600117,3.04,3.05,3.03,3.03,3.03,3894600.0,11831420.0,0.0,0.3726,-1.923305,-7.497173
2023-03-20,sh.600117,3.05,3.05,2.99,2.99,3.03,5762900.0,17308276.0,-1.3201,0.5514,-1.897915,-7.3982
2023-03-21,sh.600117,3.0,3.01,2.99,3.01,2.99,4128400.0,12380446.0,0.6689,0.395,-1.91061,-7.447686
2023-03-22,sh.600117,3.01,3.04,3.0,3.04,3.01,3501293.0,10574954.44,0.9967,0.335,-1.929653,-7.521916
2023-03-23,sh.600117,3.02,3.03,3.0,3.02,3.04,3049810.0,9184740.68,-0.6579,0.2918,-1.916958,-7.47243
2023-03-24,sh.600117,3.01,3.01,2.99,3.0,3.02,3664600.0,10993128.0,-0.6623,0.3506,-1.904263,-7.422943
2023-03-27,sh.600117,3.01,3.01,2.96,2.97,3.0,6133601.0,18227635.96,-1.0,0.5869,-1.88522,-7.348714
2023-03-28,sh.600117,2.97,2.98,2.96,2.98,2.97,2685739.0,7975715.54,0.3367,0.257,-1.891568,-7.373457
2023-03-29,sh.600117,2.98,2.99,2.92,2.93,2.98,5614129.0,16493123.97,-1.6779,0.5372,-1.85983,-7.249741
2023-03-30,sh.600117,2.93,2.93,2.86,2.88,2.93,5359069.0,15450399.03,-1.7065,0.5128,-1.828092,-7.126026
2023-03-31,sh.600117,2.88,2.91,2.87,2.88,2.88,3213700.0,9285094.0,0.0,0.3075,-1.828092,-7.126026
2023-04-03,sh.600117,2.88,2.91,2.87,2.89,2.88,3941984.0,11407381.76,0.3472,0.3772,-1.83444,-7.150769
2023-04-04,sh.600117,2.9,2.9,2.88,2.89,2.89,3409700.0,9841955.0,0.0,0.3263,-1.83444,-7.150769
2023-04-06,sh.600117,2.89,2.9,2.85,2.87,2.89,3942400.0,11297186.01,-0.692,0.3772,-1.821745,-7.101282
2023-04-07,sh.600117,2.86,2.9,2.81,2.9,2.87,6964801.0,19868930.81,1.0453,0.6664,-1.840787,-7.175512
2023-04-10,sh.600117,2.88,2.93,2.87,2.91,2.9,6073737.0,17639411.17,0.3448,0.5812,-1.847135,-7.200255
2023-04-11,sh.600117,2.91,2.99,2.87,2.98,2.91,7039607.0,20634394.51,2.4055,0.6736,-1.891568,-7.373457
2023-04-12,sh.600117,2.98,3.0,2.96,2.97,2.98,4741649.0,14127960.02,-0.3356,0.4537,-1.88522,-7.348714
2023-04-13,sh.600117,2.94,3.02,2.94,3.01,2.97,7578253.0,22611299.35,1.3468,0.7251,-1.91061,-7.447686
2023-04-14,sh.600117,3.01,3.05,2.96,2.97,3.01,7949600.0,23711044.0,-1.3289,0.7606,-1.88522,-7.348714
2023-04-17,sh.600117,2.97,2.99,2.96,2.97,2.97,4160600.0,12381610.0,0.0,0.3981,-1.88522,-7.348714
2023-04-18,sh.600117,2.96,2.97,2.92,2.95,2.97,4676900.0,13726593.0,-0.6734,0.4475,-1.872525,-7.299228
2023-04-19,sh.600117,2.95,2.96,2.9,2.91,2.95,2951500.0,8621649.0,-1.3559,0.2824,-1.847135,-7.200255
2023-04-20,sh.600117,2.91,2.91,2.86,2.89,2.91,2966201.0,8528821.89,-0.6873,0.2838,-1.83444,-7.150769
2023-04-21,sh.600117,2.88,2.88,2.82,2.85,2.89,4929059.0,14071742.56,-1.3841,0.4716,-1.80905,-7.051796
2023-04-24,sh.600117,2.85,2.85,2.58,2.82,2.85,15236461.0,41673411.17,-1.0526,1.4579,-1.790007,-6.977567
2023-04-25,sh.600117,2.8,2.91,2.76,2.8,2.82,11648283.0,32944340.23,-0.7092,1.1145,-1.777312,-6.92808
2023-04-26,sh.600117,2.79,2.88,2.78,2.86,2.8,5511651.0,15620892.63,2.1429,0.5274,-1.815397,-7.076539
2023-04-27,sh.600117,2.87,3.0,2.87,2.99,2.86,11665089.0,34348152.64,4.5455,1.1162,-1.897915,-7.3982
2023-04-28,sh.600117,3.02,3.09,2.99,3.0,2.99,20293451.0,61826424.32,0.3344,1.9417,-1.904263,-7.422943
2023-05-04,sh.600117,3.0,3.0,3.0,3.0,3.0,,,,,-2.6143,-2.851582
2023-05-05,sh.600117,2.85,2.97,2.85,2.85,3.0,17259700.0,49341204.99,-5.0,1.6515,-2.483585,-2.709003
2023-05-08,sh.600117,2.73,2.78,2.71,2.71,2.85,32747672.0,89088149.0,-4.9123,3.1334,-2.361585,-2.575929
2023-05-09,sh.600117,2.7,2.75,2.59,2.69,2.71,19047349.0,50921011.85,-0.738,1.8225,-2.344156,-2.556918
2023-05-10,sh.600117,2.68,2.77,2.64,2.76,2.69,10916303.0,29659671.41,2.6022,1.0445,-2.405156,-2.623455
2023-05-11,sh.600117,2.75,2.9,2.74,2.89,2.76,16148795.0,46176233.86,4.7101,1.5452,-2.518443,-2.747024
2023-05-12,sh.600117,2.88,2.9,2.82,2.85,2.89,9002740.0,25686535.75,-1.3841,0.8614,-2.483585,-2.709003
2023-05-15,sh.600117,2.83,2.88,2.76,2.8,2.85,7635300.0,21506221.0,-1.7544,0.7306,-2.440014,-2.661476
2023-05-16,sh.600117,2.8,2.83,2.75,2.79,2.8,3755233.0,10478513.47,-0.3571,0.3593,-2.431299,-2.651971
2023-05-17,sh.600117,2.8,2.88,2.79,2.86,2.79,4779783.0,13575076.86,2.509,0.4573,-2.4923,-2.718508
2023-05-18,sh.600117,2.86,2.96,2.84,2.94,2.86,6656318.0,19389442.04,2.7972,0.6369,-2.562014,-2.79455
2023-05-19,sh.600117,2.94,2.96,2.87,2.88,2.94,5470104.0,15940590.5,-2.0408,0.5234,-2.509728,-2.737518
2023-05-22,sh.600117,2.84,2.88,2.84,2.86,2.88,3910937.0,11172490.72,-0.6944,0.3742,-2.4923,-2.718508
2023-05-23,sh.600117,2.84,2.94,2.84,2.89,2.86,4186190.0,12076840.5,1.049,0.4005,-2.518443,-2.747024
2023-05-24,sh.600117,3.03,3.03,3.03,3.03,2.89,8200285.0,24846863.55,4.8443,0.7846,-2.640443,-2.880097
2023-05-25,sh.600117,2.92,3.04,2.91,2.99,3.03,8761894.0,26113363.81,-1.3201,0.8384,-2.605586,-2.842076
2023-05-26,sh.600117,3.0,3.0,2.84,2.88,2.99,9627843.0,27578359.14,-3.6789,0.9212,-2.509728,-2.737518
2023-05-29,sh.600117,2.86,2.9,2.8,2.83,2.88,4075300.0,11585850.0,-1.7361,0.3899,-2.466157,-2.689992
2023-05-30,sh.600117,2.8,2.83,2.78,2.82,2.83,3027938.0,8466502.58,-0.3534,0.2897,-2.457442,-2.680487
2023-05-31,sh.600117,2.83,2.83,2.77,2.78,2.82,2914100.0,8143538.0,-1.4184,0.2788,-2.422585,-2.642466
2023-06-01,sh.600117,2.78,2.8,2.73,2.76,2.78,4488311.0,12394936.37,-0.7194,0.4295,-2.405156,-2.623455
2023-06-02,sh.600117,2.77,2.83,2.77,2.82,2.76,2924501.0,8202652.8,2.1739,0.2798,-2.457442,-2.680487
2023-06-05,sh.600117,2.9,2.95,2.88,2.93,2.82,8928021.0,26147724.63,3.9007,0.8543,-2.5533,-2.785045
2023-06-06,sh.600117,2.95,2.98,2.9,2.93,2.93,5586919.0,16414433.28,0.0,0.5346,-2.5533,-2.785045
2023-06-07,sh.600117,2.94,2.98,2.91,2.95,2.93,4484600.0,13226329.0,0.6826,0.4291,-2.570729,-2.804055
2023-06-08,sh.600117,2.91,2.94,2.88,2.93,2.95,4314501.0,12531842.88,-0.678,0.4128,-2.5533,-2.785045
2023-06-09,sh.600117,2.94,2.97,2.89,2.96,2.93,3113183.0,9148125.55,1.0239,0.2979,-2.579443,-2.813561
2023-06-12,sh.600117,2.9,2.94,2.9,2.92,2.96,2526401.0,7374913.91,-1.3514,0.2417,-2.544586,-2.775539
2023-06-13,sh.600117,2.9,2.93,2.89,2.93,2.92,2774459.0,8069414.95,0.3425,0.2655,-2.5533,-2.785045
2023-06-14,sh.600117,2.93,2.98,2.92,2.95,2.93,4606237.0,13577984.19,0.6826,0.4407,-2.570729,-2.804055
2023-06-15,sh.600117,2.94,2.99,2.93,2.97,2.95,4097101.0,12150594.95,0.678,0.392,-2.588157,-2.823066
2023-06-16,sh.600117,2.97,3.05,2.95,2.98,2.97,7975000.0,23903856.0,0.3367,0.7631,-2.596872,-2.832571
2023-06-19,sh.600117,3.0,3.0,2.92,2.94,2.98,5641298.0,16653618.12,-1.3423,0.5398,-2.562014,-2.79455
2023-06-20,sh.600117,3.03,3.09,2.98,3.02,2.94,10979541.0,33334673.36,2.7211,1.0506,-2.631729,-2.870592
2023-06-21,sh.600117,3.17,3.17,3.09,3.15,3.02,26429211.0,83299293.07,4.3046,2.5288,-2.745015,-2.994161
2023-06-26,sh.600117,3.0,3.1,2.99,2.99,3.15,16977592.0,51491588.08,-5.0794,1.6245,-2.605586,-2.842076
2023-06-27,sh.600117,2.99,3.13,2.96,3.09,2.99,11788338.0,35897512.79,3.3445,1.1279,-2.692729,-2.937129
2023-06-28,sh.600117,3.06,3.08,3.02,3.07,3.09,4739901.0,14445147.03,-0.6472,0.4535,-2.675301,-2.918119
2023-06-29,sh.600117,3.07,3.09,3.03,3.04,3.07,3587110.0,10964078.3,-0.9772,0.3432,-2.649158,-2.889603
2023-06-30,sh.600117,3.05,3.1,3.03,3.09,3.04,4066650.0,12494522.0,1.6447,0.3891,-2.692729,-2.937129
2023-07-03,sh.600117,3.09,3.18,3.07,3.14,3.09,5530161.0,17303532.26,1.6181,0.5291,-2.736301,-2.984655
2023-07-04,sh.600117,3.08,3.12,2.98,2.98,3.14,22455406.0,68042657.09,-5.0955,2.1486,-2.596872,-2.832571
2023-07-05,sh.600117,2.96,3.03,2.89,2.98,2.98,27923317.0,82403955.32,0.0,2.6718,-2.596872,-2.832571
2023-07-06,sh.600117,2.96,2.96,2.91,2.94,2.98,9551500.0,28079116.0,-1.3423,0.9139,-2.562014,-2.79455
2023-07-07,sh.600117,2.94,3.0,2.93,2.96,2.94,9727618.0,28893825.64,0.6803,0.9308,-2.579443,-2.813561
2023-07-10,sh.600117,2.95,2.98,2.92,2.95,2.96,7187300.0,21177318.0,-0.3378,0.6877,-2.570729,-2.804055
2023-07-11,sh.600117,2.95,2.97,2.95,2.96,2.95,4412300.0,13048655.0,0.339,0.4222,-2.579443,-2.813561
2023-07-12,sh.600117,2.96,2.96,2.91,2.92,2.96,8407601.0,24626588.92,-1.3514,0.8045,-2.544586,-2.775539
2023-07-13,sh.600117,2.91,2.92,2.86,2.87,2.92,9560001.0,27593804.89,-1.7123,0.9147,-2.501014,-2.728013
2023-07-14,sh.600117,2.86,2.92,2.86,2.92,2.87,4301201.0,12414711.87,1.7422,0.4116,-2.544586,-2.775539
2023-07-17,sh.600117,2.89,2.9,2.86,2.89,2.92,4549600.0,13099023.0,-1.0274,0.4353,-2.518443,-2.747024
2023-07-18,sh.600117,2.9,2.92,2.89,2.9,2.89,2662600.0,7724313.0,0.346,0.2548,-2.527157,-2.756529
2023-07-19,sh.600117,2.9,2.91,2.86,2.89,2.9,4950991.0,14258135.16,-0.3448,0.4737,-2.518443,-2.747024
2023-07-20,sh.600117,2.93,2.95,2.88,2.89,2.89,8640215.0,25078330.2,0.0,0.8267,-2.518443,-2.747024
2023-07-21,sh.600117,2.89,2.89,2.82,2.85,2.89,8652172.0,24658736.46,-1.3841,0.8279,-2.483585,-2.709003
2023-07-24,sh.600117,2.85,2.85,2.8,2.81,2.85,4973080.0,14030201.0,-1.4035,0.4758,-2.448728,-2.670981
2023-07-25,sh.600117,2.82,2.87,2.82,2.84,2.81,5146321.0,14602923.43,1.0676,0.4924,-2.474871,-2.699497
2023-07-26,sh.600117,2.84,2.9,2.83,2.89,2.84,5039216.0,14431668.78,1.7606,0.4822,-2.518443,-2.747024
2023-07-27,sh.600117,2.89,2.9,2.86,2.87,2.89,3657301.0,10538943.87,-0.692,0.3499,-2.501014,-2.728013
2023-07-28,sh.600117,2.86,2.91,2.84,2.89,2.87,4318487.0,12431214.55,0.6969,0.4132,-2.518443,-2.747024
2023-07-31,sh.600117,2.9,2.92,2.89,2.91,2.89,4847155.0,14066885.5,0.692,0.4638,-2.535871,-2.766034
2023-08-01,sh.600117,2.9,2.99,2.9,2.95,2.91,7032679.0,20702938.07,1.3746,0.6729,-2.570729,-2.804055
2023-08-02,sh.600117,2.94,2.95,2.91,2.93,2.95,4761709.0,13940475.28,-0.678,0.4556,-2.5533,-2.785045
2023-08-03,sh.600117,2.92,2.95,2.91,2.95,2.93,3614200.0,10609983.0,0.6826,0.3458,-2.570729,-2.804055
2023-08-04,sh.600117,2.94,2.95,2.92,2.93,2.95,3508600.0,10295372.0,-0.678,0.3357,-2.5533,-2.785045
2023-08-07,sh.600117,2.93,2.94,2.91,2.93,2.93,3209600.0,9390747.0,0.0,0.3071,-2.5533,-2.785045
2023-08-08,sh.600117,2.93,2.94,2.92,2.93,2.93,2176889.0,6378652.17,0.0,0.2083,-2.5533,-2.785045
2023-08-09,sh.600117,2.93,2.96,2.92,2.95,2.93,2606390.0,7671838.4,0.6826,0.2494,-2.570729,-2.804055
2023-08-10,sh.600117,2.95,3.06,2.94,3.01,2.95,7120509.0,21433275.0,2.0339,0.6813,-2.623015,-2.861087
2023-08-11,sh.600117,3.0,3.0,2.96,2.96,3.01,3589403.0,10682882.88,-1.6611,0.3434,-2.579443,-2.813561
2023-08-14,sh.600117,2.96,3.01,2.96,3.0,2.96,3001800.0,8940155.0,1.3514,0.2872,-2.6143,-2.851582
2023-08-15,sh.600117,3.0,3.04,2.98,3.01,3.0,4514113.0,13592654.0,0.3333,0.4319,-2.623015,-2.861087
2023-08-16,sh.600117,3.0,3.03,2.98,3.0,3.01,4758629.0,14266016.0,-0.3322,0.4553,-2.6143,-2.851582
2023-08-17,sh.600117,3.01,3.06,3.0,3.03,3.0,4550839.0,13743238.49,1.0,0.4354,-2.640443,-2.880097
2023-08-18,sh.600117,3.0,3.02,2.98,2.99,3.03,4448327.0,13350149.73,-1.3201,0.4256,-2.605586,-2.842076
2023-08-21,sh.600117,2.99,2.99,2.96,2.98,2.99,2608705.0,7758078.8,-0.3344,0.2496,-2.596872,-2.832571
2023-08-22,sh.600117,2.98,3.02,2.94,2.99,2.98,3743200.0,11165836.0,0.3356,0.3582,-2.605586,-2.842076
2023-08-23,sh.600117,2.98,2.98,2.92,2.93,2.99,3835400.0,11316803.0,-2.0067,0.367,-2.5533,-2.785045
2023-08-24,sh.600117,2.92,2.95,2.89,2.95,2.93,4827081.0,14094563.9,0.6826,0.4619,-2.570729,-2.804055
2023-08-25,sh.600117,2.95,3.04,2.95,3.01,2.95,7585411.0,22715682.6,2.0339,0.7258,-2.623015,-2.861087
2023-08-28,sh.600117,3.04,3.08,3.01,3.03,3.01,8176002.0,24812732.08,0.6645,0.7823,-2.640443,-2.880097
2023-08-29,sh.600117,3.0,3.06,3.0,3.05,3.03,4530000.0,13727082.0,0.6601,0.4334,-2.657872,-2.899108
2023-08-30,sh.600117,3.04,3.06,3.01,3.05,3.05,4294700.0,13045017.0,0.0,0.4109,-2.657872,-2.899108
2023-08-31,sh.600117,3.03,3.09,3.03,3.09,3.05,4681351.0,14362583.65,1.3115,0.4479,-1.801005,-1.69379
2023-09-01,sh.600117,3.07,3.16,3.07,3.16,3.09,7922791.0,24831927.83,2.2654,0.7581,-1.841804,-1.732161
2023-09-04,sh.600117,3.16,3.32,3.16,3.31,3.16,15516789.0,50676899.47,4.7468,1.4847,-1.929232,-1.814384
2023-09-05,sh.600117,3.3,3.38,3.23,3.26,3.31,10717744.0,35445332.32,-1.5106,1.0255,-1.900089,-1.786976
2023-09-06,sh.600117,3.24,3.35,3.24,3.3,3.26,7313331.0,24092342.68,1.227,0.6998,-1.923403,-1.808902
2023-09-07,sh.600117,3.29,3.4,3.29,3.37,3.3,9070710.0,30529794.17,2.1212,0.8679,-1.964202,-1.847273
2023-09-08,sh.600117,3.38,3.53,3.37,3.4,3.37,17401538.0,59808232.08,0.8902,1.665,-1.981688,-1.863717
2023-09-11,sh.600117,3.39,3.4,3.28,3.29,3.4,11281233.0,37494440.68,-3.2353,1.0794,-1.917575,-1.80342
2023-09-12,sh.600117,3.3,3.33,3.28,3.31,3.29,5469566.0,18068558.46,0.6079,0.5233,-1.929232,-1.814384
2023-09-13,sh.600117,3.29,3.33,3.28,3.3,3.31,4297866.0,14197618.8,-0.3021,0.4112,-1.923403,-1.808902
2023-09-14,sh.600117,3.3,3.39,3.25,3.35,3.3,7751541.0,25584357.65,1.5152,0.7417,-1.952545,-1.83631
2023-09-15,sh.600117,3.35,3.48,3.33,3.46,3.35,10885655.0,37105182.33,3.2836,1.0416,-2.016659,-1.896606
2023-09-18,sh.600117,3.5,3.63,3.45,3.63,3.46,17971937.0,64732613.27,4.9133,1.7196,-2.115743,-1.989792
2023-09-19,sh.600117,3.69,3.81,3.69,3.81,3.63,17890038.0,67590979.42,4.9587,1.7118,-2.220656,-2.08846
2023-09-20,sh.600117,3.91,4.0,3.62,3.64,3.81,52468578.0,199765308.44,-4.4619,5.0203,-2.121572,-1.995274
2023-09-21,sh.600117,3.62,3.67,3.52,3.54,3.64,21871944.0,78088798.81,-2.7473,2.0928,-2.063287,-1.940459
2023-09-22,sh.600117,3.5,3.72,3.5,3.67,3.54,19687901.0,71511200.5,3.6723,1.8838,-2.139057,-2.011718
2023-09-25,sh.600117,3.75,3.84,3.53,3.55,3.67,19496501.0,71039716.59,-3.2698,1.8655,-2.069115,-1.94594
2023-09-26,sh.600117,3.5,3.5,3.37,3.37,3.55,7369200.0,24920786.0,-5.0704,0.7051,-1.964202,-1.847273
2023-09-27,sh.600117,3.25,3.42,3.24,3.32,3.37,11110605.0,37006632.23,-1.4837,1.0631,-1.93506,-1.819865
2023-09-28,sh.600117,3.34,3.38,3.28,3.34,3.32,7714949.0,25566896.9,0.6024,0.7382,-1.946717,-1.830828
2023-10-09,sh.600117,3.34,3.35,3.17,3.17,3.34,9799100.0,31355010.0,-5.0898,0.9376,-1.847633,-1.737642
2023-10-10,sh.600117,3.17,3.26,3.07,3.2,3.17,9774017.0,30905894.63,0.9464,0.9352,-1.865118,-1.754087
2023-10-11,sh.600117,3.18,3.22,3.13,3.16,3.2,5757548.0,18219075.57,-1.25,0.5509,-1.841804,-1.732161
2023-10-12,sh.600117,3.16,3.18,3.1,3.18,3.16,4732400.0,14838891.0,0.6329,0.4528,-1.853461,-1.743124
2023-10-13,sh.600117,3.16,3.17,3.13,3.15,3.18,3088200.0,9702577.0,-0.9434,0.2955,-1.835976,-1.726679
2023-10-16,sh.600117,3.15,3.23,3.15,3.22,3.15,5767200.0,18403326.0,2.2222,0.5518,-1.876775,-1.76505
2023-10-17,sh.600117,3.23,3.24,3.16,3.21,3.22,3805700.0,12149447.0,-0.3106,0.3641,-1.870947,-1.759568
2023-10-18,sh.600117,3.11,3.15,3.05,3.07,3.21,11192701.0,34586546.06,-4.3614,1.071,-1.789348,-1.682827
2023-10-19,sh.600117,3.08,3.09,2.92,2.93,3.07,8255460.0,24408273.2,-4.5603,0.7899,-1.707749,-1.606086
2023-10-20,sh.600117,2.89,3.07,2.87,3.06,2.93,7574300.0,22517153.0,4.4369,0.7247,-1.783519,-1.677345
2023-10-23,sh.600117,3.02,3.05,2.94,2.98,3.06,5391800.0,16117556.9,-2.6144,0.5159,-1.736891,-1.633493
2023-10-24,sh.600117,2.97,3.06,2.95,3.03,2.98,4171600.0,12585677.0,1.6779,0.3992,-1.766034,-1.660901
2023-10-25,sh.600117,3.05,3.11,3.02,3.04,3.03,3887100.0,11929318.0,0.33,0.3719,-1.771862,-1.666382
2023-10-26,sh.600117,3.03,3.07,3.01,3.07,3.04,2659201.0,8081948.04,0.9868,0.2544,-1.789348,-1.682827
2023-10-27,sh.600117,3.05,3.07,3.03,3.07,3.07,2793769.0,8509944.11,0.0,0.2673,-1.789348,-1.682827
2023-10-30,sh.600117,3.07,3.1,3.05,3.09,3.07,2536111.0,7817510.88,0.6515,0.2427,-2.016053,-1.606784
2023-10-31,sh.600117,3.08,3.14,3.07,3.12,3.09,4684368.0,14528280.48,0.9709,0.4482,-2.035627,-1.622384
2023-11-01,sh.600117,3.1,3.22,3.1,3.2,3.12,5534820.0,17618797.63,2.5641,0.5296,-2.087822,-1.663984
2023-11-02,sh.600117,3.21,3.24,3.16,3.19,3.2,2891700.0,9257788.0,-0.3125,0.2767,-2.081298,-1.658784
2023-11-03,sh.600117,3.18,3.22,3.14,3.14,3.19,3507800.0,11176749.0,-1.5674,0.3356,-2.048675,-1.632784
2023-11-06,sh.600117,3.17,3.17,3.1,3.15,3.14,3393698.0,10617779.76,0.3185,0.3247,-2.0552,-1.637984
2023-11-07,sh.600117,3.14,3.15,3.09,3.13,3.15,4264700.0,13297467.0,-0.6349,0.4081,-2.042151,-1.627584
2023-11-08,sh.600117,3.14,3.29,3.13,3.28,3.13,14065729.0,45827875.21,4.7923,1.3459,-2.140018,-1.705583
2023-11-09,sh.600117,3.3,3.3,3.19,3.24,3.28,7053702.0,22832162.44,-1.2195,0.6749,-2.11392,-1.684784
2023-11-10,sh.600117,3.2,3.3,3.2,3.29,3.24,4653915.0,15192213.2,1.5432,0.4453,-2.146542,-1.710783
2023-11-13,sh.600117,3.27,3.31,3.22,3.25,3.29,4365900.0,14217145.0,-1.2158,0.4177,-2.120444,-1.689984
2023-11-14,sh.600117,3.23,3.25,3.21,3.22,3.25,3504400.0,11293823.0,-0.9231,0.3353,-2.100871,-1.674384
2023-11-15,sh.600117,3.22,3.23,3.17,3.18,3.22,4502550.0,14358808.5,-1.2422,0.4308,-2.074773,-1.653584
2023-11-16,sh.600117,3.18,3.18,3.12,3.14,3.18,3313600.0,10410352.0,-1.2579,0.3171,-2.048675,-1.632784
2023-11-17,sh.600117,3.13,3.14,3.05,3.11,3.14,3581200.0,11077892.58,-0.9554,0.3427,-2.029102,-1.617184
2023-11-20,sh.600117,3.1,3.12,3.05,3.1,3.11,2841200.0,8745027.0,-0.3215,0.2719,-2.022578,-1.611984
2023-11-21,sh.600117,3.11,3.15,3.09,3.12,3.1,3882182.0,12107649.02,0.6452,0.3715,-2.035627,-1.622384
2023-11-22,sh.600117,3.15,3.16,3.11,3.13,3.12,3426400.0,10731713.0,0.3205,0.3278,-2.042151,-1.627584
2023-11-23,sh.600117,3.12,3.13,3.07,3.11,3.13,2542400.0,7869412.0,-0.639,0.2433,-2.029102,-1.617184
2023-11-24,sh.600117,3.11,3.11,3.07,3.08,3.11,2036300.0,6277926.0,-0.9646,0.1948,-2.009529,-1.601584
2023-11-27,sh.600117,3.1,3.2,3.09,3.12,3.08,6183101.0,19482170.14,1.2987,0.5916,-2.035627,-1.622384
2023-11-28,sh.600117,3.11,3.14,3.07,3.12,3.12,3267122.0,10147629.76,0.0,0.3126,-2.035627,-1.622384
2023-11-29,sh.600117,3.13,3.13,3.1,3.11,3.12,2464900.0,7668478.0,-0.3205,0.2358,-2.029102,-1.617184
2023-11-30,sh.600117,3.16,3.17,3.11,3.14,3.11,4169108.0,13104927.39,0.9646,0.3989,-2.048675,-1.632784
2023-12-01,sh.600117,3.13,3.13,3.0,3.08,3.14,5446741.0,16688863.07,-1.9108,0.1673,-6.258858,-4.988279
2023-12-04,sh.600117,3.08,3.08,3.0,3.02,3.08,4867600.0,14748783.0,-1.9481,0.1495,-6.136932,-4.891104
2023-12-05,sh.600117,3.02,3.02,2.94,2.94,3.02,3979000.0,11790588.0,-2.649,0.1222,-5.974365,-4.761539
2023-12-06,sh.600117,2.94,3.0,2.92,2.99,2.94,2367800.0,7032436.0,1.7007,0.0727,-6.075969,-4.842517
2023-12-07,sh.600117,2.99,3.0,2.95,2.99,2.99,783103.0,2327818.91,0.0,0.0241,-6.075969,-4.842517
2023-12-08,sh.600117,2.99,2.99,2.96,2.96,2.99,1275100.0,3787910.0,-1.0033,0.0392,-6.015007,-4.79393
2023-12-11,sh.600117,2.95,2.98,2.94,2.96,2.96,1708900.0,5049358.0,0.0,0.0525,-6.015007,-4.79393
2023-12-12,sh.600117,2.96,3.0,2.96,2.98,2.96,1117900.0,3333244.0,0.6757,0.0343,-6.055649,-4.826322
2023-12-13,sh.600117,3.01,3.01,2.97,3.0,2.98,1395537.0,4180458.63,0.6711,0.0429,-6.09629,-4.858713
2023-12-14,sh.600117,3.0,3.02,2.97,2.98,3.0,1512200.0,4521250.0,-0.6667,0.0465,-6.055649,-4.826322
2023-12-15,sh.600117,3.0,3.0,2.96,2.96,2.98,1099001.0,3265999.97,-0.6711,0.0338,-6.015007,-4.79393
2023-12-18,sh.600117,2.96,2.97,2.9,2.92,2.96,3546000.0,10383979.0,-1.3514,0.1089,-5.933723,-4.729147
2023-12-19,sh.600117,2.92,2.92,2.77,2.77,2.92,5341000.0,15134041.0,-5.137,0.1641,-5.628908,-4.486212
2023-12-20,sh.600117,2.78,2.82,2.77,2.8,2.77,2900366.0,8117001.66,1.083,0.0891,-5.689871,-4.534799
2023-12-21,sh.600117,2.9,2.94,2.83,2.93,2.8,7162619.0,20827071.5,4.6429,0.22,-5.954044,-4.745343
2023-12-22,sh.600117,2.92,2.95,2.87,2.94,2.93,4197070.0,12243969.25,0.3413,0.1289,-5.974365,-4.761539
2023-12-25,sh.600117,3.07,3.09,2.96,3.03,2.94,10080600.0,30842686.96,3.0612,0.3097,-6.157253,-4.9073
2023-12-26,sh.600117,3.07,3.18,3.06,3.18,3.03,11942717.0,37497646.46,4.9505,0.3669,-6.462068,-5.150236
2023-12-27,sh.600117,3.26,3.3,3.11,3.15,3.18,13951738.0,44526330.38,-0.9434,0.4286,-6.401105,-5.101649
2023-12-28,sh.600117,3.15,3.31,3.15,3.26,3.15,12317285.0,40043955.35,3.4921,0.3784,-6.624636,-5.279802
2023-12-29,sh.600117,3.22,3.36,3.19,3.33,3.26,15766191.0,51685225.0,2.1472,0.4844,-6.766882,-5.393171
2024-01-02,sh.600117,3.16,3.19,3.16,3.16,3.33,7534100.0,23809772.0,-5.1051,0.2315,-6.421426,-5.117844
2024-01-03,sh.600117,3.15,3.26,3.15,3.17,3.16,8889435.0,28412709.09,0.3165,0.2731,-6.441747,-5.13404
2024-01-04,sh.600117,3.15,3.21,3.14,3.19,3.17,4566811.0,14498954.28,0.6309,0.1403,-6.482389,-5.166432
2024-01-05,sh.600117,3.18,3.18,3.07,3.1,3.19,5222100.0,16267107.0,-2.8213,0.1604,-6.2995,-5.02067
2024-01-08,sh.600117,3.08,3.1,3.04,3.04,3.1,2603403.0,7955200.12,-1.9355,0.08,-6.177574,-4.923496
2024-01-09,sh.600117,2.97,3.06,2.97,3.02,3.04,2881300.0,8699275.0,-0.6579,0.0885,-6.136932,-4.891104
2024-01-10,sh.600117,3.02,3.03,2.96,3.0,3.02,2394563.0,7185325.62,-0.6623,0.0736,-6.09629,-4.858713
2024-01-11,sh.600117,3.0,3.08,3.0,3.08,3.0,2691932.0,8166943.94,2.6667,0.0827,-6.258858,-4.988279
2024-01-12,sh.600117,3.07,3.08,3.0,3.04,3.08,2344521.0,7123694.47,-1.2987,0.072,-6.177574,-4.923496
2024-01-15,sh.600117,3.02,3.04,2.98,2.98,3.04,2629400.0,7898363.0,-1.9737,0.0808,-6.055649,-4.826322
2024-01-16,sh.600117,2.98,2.99,2.92,2.95,2.98,2539201.0,7493769.02,-1.0067,0.078,-5.994686,-4.777735
2024-01-17,sh.600117,2.95,2.96,2.9,2.9,2.95,1762700.0,5166202.0,-1.6949,0.0542,-5.893081,-4.696756
2024-01-18,sh.600117,2.9,2.93,2.85,2.93,2.9,3990697.0,11529652.39,1.0345,0.1226,-5.954044,-4.745343
2024-01-19,sh.600117,2.93,2.97,2.9,2.93,2.93,1529900.0,4490466.0,0.0,0.047,-5.954044,-4.745343
2024-01-22,sh.600117,2.94,2.94,2.8,2.85,2.93,3548530.0,10183900.33,-2.7304,0.109,-5.791476,-4.615777
2024-01-23,sh.600117,2.86,2.9,2.83,2.89,2.85,2032160.0,5819976.8,1.4035,0.0624,-5.87276,-4.68056
2024-01-24,sh.600117,2.89,2.93,2.86,2.92,2.89,2364900.0,6845379.92,1.0381,0.0727,-5.933723,-4.729147
2024-01-25,sh.600117,2.91,2.98,2.86,2.96,2.92,3495413.0,10196108.89,1.3699,0.1074,-6.015007,-4.79393
2024-01-26,sh.600117,2.94,2.98,2.92,2.94,2.96,3496359.0,10303053.09,-0.6757,0.1074,-5.974365,-4.761539
2024-01-29,sh.600117,2.95,3.06,2.95,3.06,2.94,6372503.0,19217204.46,4.0816,0.1958,-6.218216,-4.955887
2024-01-30,sh.600117,3.05,3.05,2.96,2.97,3.06,4731800.0,14185741.0,-2.9412,0.1454,-6.035328,-4.810126
2024-01-31,sh.600117,2.97,2.97,2.82,2.85,2.97,7419197.0,21312507.06,-4.0404,0.2279,-5.791476,-4.615777
2024-02-01,sh.600117,2.81,2.91,2.78,2.84,2.85,2848795.0,8083093.8,-0.3509,0.0875,-5.771155,-4.599582
2024-02-02,sh.600117,2.85,2.86,2.7,2.7,2.84,6226900.0,17136919.0,-4.9296,0.1913,-5.486661,-4.372842
2024-02-05,sh.600117,2.57,2.6,2.57,2.57,2.7,2639800.0,6785875.0,-4.8148,0.0811,-5.222489,-4.162298
2024-02-06,sh.600117,2.44,2.67,2.44,2.53,2.57,6206706.0,15481276.77,-1.5564,0.1907,-5.141205,-4.097515
2024-02-07,sh.600117,2.54,2.61,2.48,2.5,2.53,4971200.0,12658569.0,-1.1858,0.1527,-5.080242,-4.048928
2024-02-08,sh.600117,2.47,2.61,2.44,2.61,2.5,4953602.0,12499109.02,4.4,0.1522,-5.303773,-4.22708
2024-02-19,sh.600117,2.68,2.74,2.66,2.72,2.61,4160966.0,11287184.86,4.2146,0.1278,-5.527303,-4.405233
2024-02-20,sh.600117,2.72,2.82,2.68,2.79,2.72,3844038.0,10673139.8,2.5735,0.1181,-5.66955,-4.518603
2024-02-21,sh.600117,2.78,2.83,2.76,2.8,2.79,5263595.0,14698957.0,0.3584,0.1617,-5.689871,-4.534799
2024-02-22,sh.600117,2.78,2.8,2.75,2.77,2.8,5090213.0,14109166.39,-1.0714,0.1564,-5.628908,-4.486212
2024-02-23,sh.600117,2.77,2.78,2.72,2.77,2.77,5211641.0,14291943.92,0.0,0.1601,-5.628908,-4.486212
2024-02-26,sh.600117,2.74,2.78,2.73,2.75,2.77,4378552.0,12057030.0,-0.722,0.1345,-5.588266,-4.45382
2024-02-27,sh.600117,2.75,2.77,2.73,2.76,2.75,5426677.0,14930499.23,0.3636,0.1667,-5.608587,-4.470016
2024-02-28,sh.600117,2.75,2.81,2.66,2.68,2.76,8389347.0,23069269.57,-2.8986,0.2577,-5.446019,-4.34045
2024-02-29,sh.600117,2.62,2.75,2.6,2.75,2.68,4042670.0,10894390.68,2.6119,0.1242,-5.588266,-4.45382
2024-03-01,sh.600117,2.74,2.82,2.73,2.79,2.75,5820532.0,16116908.69,1.4545,0.1788,-5.66955,-4.518603
2024-03-04,sh.600117,2.79,2.93,2.78,2.93,2.79,11141712.0,32108511.51,5.0179,0.3423,-5.954044,-4.745343
2024-03-05,sh.600117,2.96,2.97,2.85,2.91,2.93,11531919.0,33595221.1,-0.6826,0.3543,-5.913402,-4.712952
2024-03-06,sh.600117,2.9,3.05,2.89,3.01,2.91,9327629.0,27804089.32,3.4364,0.2866,-6.116611,-4.874909
2024-03-07,sh.600117,3.0,3.04,2.94,2.98,3.01,7054365.0,21108454.52,-0.9967,0.2167,-6.055649,-4.826322
2024-03-08,sh.600117,2.98,3.0,2.96,2.99,2.98,4585669.0,13652495.93,0.3356,0.1409,-6.075969,-4.842517
2024-03-11,sh.600117,3.01,3.06,2.97,2.99,2.99,5320170.0,16025988.41,0.0,0.1634,-6.075969,-4.842517
2024-03-12,sh.600117,2.99,3.01,2.97,3.0,2.99,4682762.0,14002736.14,0.3344,0.1439,-6.09629,-4.858713
2024-03-13,sh.600117,2.98,3.0,2.96,2.97,3.0,2844190.0,8451525.29,-1.0,0.0874,-6.035328,-4.810126
2024-03-14,sh.600117,2.96,2.99,2.94,2.98,2.97,4734000.0,14043647.0,0.3367,0.1454,-6.055649,-4.826322
2024-03-15,sh.600117,2.99,3.07,2.98,3.07,2.98,10297566.0,31150624.47,3.0201,0.3164,-6.238537,-4.972083
2024-03-18,sh.600117,3.09,3.09,3.01,3.05,3.07,9460519.0,28735411.27,-0.6515,0.2906,-6.197895,-4.939692
2024-03-19,sh.600117,3.12,3.2,3.1,3.2,3.05,23983755.0,76438539.73,4.918,0.7368,-6.50271,-5.182627
2024-03-20,sh.600117,3.04,3.04,3.04,3.04,3.2,4370400.0,13286016.0,-5.0,0.1343,5.868729,1.843665
2024-03-21,sh.600117,2.89,2.89,2.89,2.89,3.04,2758000.0,7970620.0,-4.9342,0.0847,5.579153,1.752695
2024-03-22,sh.600117,2.83,2.94,2.77,2.93,2.89,31849931.0,90158478.31,1.3841,0.9785,5.656373,1.776954
2024-03-25,sh.600117,2.85,2.87,2.79,2.8,2.93,18345695.0,51782487.05,-4.4369,0.5636,5.405408,1.698113
2024-03-26,sh.600117,2.79,2.81,2.75,2.78,2.8,7446623.0,20681884.71,-0.7143,0.2288,5.366798,1.685983
2024-03-27,sh.600117,2.77,2.77,2.68,2.7,2.78,8036278.0,21813849.6,-2.8777,0.2469,5.212358,1.637466
2024-03-28,sh.600117,2.69,2.75,2.69,2.74,2.7,5048374.0,13800044.02,1.4815,0.1551,5.289578,1.661724
2024-03-29,sh.600117,2.73,2.75,2.69,2.72,2.74,6743075.0,18328076.87,-0.7299,0.2072,5.250968,1.649595
2024-04-01,sh.600117,2.71,2.71,2.67,2.7,2.72,6268728.0,16860754.56,-0.7353,0.1926,5.212358,1.637466
2024-04-02,sh.600117,2.7,2.75,2.69,2.73,2.7,5611643.0,15303794.28,1.1111,0.1724,5.270273,1.65566
2024-04-03,sh.600117,2.73,2.75,2.67,2.72,2.73,5784875.0,15682318.5,-0.3663,0.1777,5.250968,1.649595
2024-04-08,sh.600117,2.72,2.86,2.7,2.8,2.72,8170702.0,22907314.38,2.9412,0.251,5.405408,1.698113
2024-04-09,sh.600117,2.78,2.84,2.78,2.82,2.8,3545719.0,9973872.58,0.7143,0.1089,5.444018,1.710242
2024-04-10,sh.600117,2.81,2.82,2.75,2.77,2.82,4469700.0,12410749.0,-1.773,0.1373,5.347493,1.679919
2024-04-11,sh.600117,2.74,2.79,2.72,2.76,2.77,3192708.0,8821498.16,-0.361,0.0981,5.328188,1.673854
2024-04-12,sh.600117,2.77,2.77,2.73,2.75,2.76,2259900.0,6210823.0,-0.3623,0.0694,5.308883,1.667789
2024-04-15,sh.600117,2.7,2.71,2.61,2.67,2.75,4162371.0,11076603.86,-2.9091,0.1279,5.154443,1.619272
2024-04-16,sh.600117,2.62,2.64,2.56,2.57,2.67,4962197.0,12850260.32,-3.7453,0.1524,4.961392,1.558625
2024-04-17,sh.600117,2.55,2.64,2.54,2.62,2.57,3034600.0,7946102.0,1.9455,0.0932,5.057917,1.588948
2024-04-18,sh.600117,2.63,2.63,2.59,2.59,2.62,2775900.0,7253957.99,-1.145,0.0853,5.000002,1.570754
2024-04-19,sh.600117,2.59,2.62,2.54,2.57,2.59,3311900.0,8522097.0,-0.7722,0.1017,4.961392,1.558625
2024-04-22,sh.600117,2.56,2.62,2.44,2.6,2.57,4836451.0,12198623.03,1.1673,0.1486,5.019307,1.576819
2024-04-23,sh.600117,2.6,2.63,2.5,2.62,2.6,3285500.0,8480297.13,0.7692,0.1009,5.057917,1.588948
2024-04-24,sh.600117,2.59,2.63,2.58,2.62,2.62,2022200.0,5267243.0,0.0,0.0621,5.057917,1.588948
2024-04-25,sh.600117,2.62,2.69,2.62,2.65,2.62,2636687.0,7002422.81,1.145,0.081,5.115832,1.607142
2024-04-26,sh.600117,2.63,2.66,2.59,2.66,2.65,2436024.0,6417339.36,0.3774,0.0748,5.135138,1.613207
2024-04-29,sh.600117,2.66,2.68,2.62,2.67,2.66,3380363.0,8962186.32,0.3759,0.1038,5.154443,1.619272
2024-04-30,sh.600117,2.63,2.63,2.55,2.57,2.67,5018547.0,12939733.74,-3.7453,0.1542,4.803483,1.615211
2024-05-06,sh.600117,2.56,2.6,2.54,2.56,2.57,4148752.0,10644088.97,-0.3891,0.1275,4.784792,1.608926
2024-05-07,sh.600117,2.57,2.57,2.5,2.51,2.56,3940464.0,9926411.93,-1.9531,0.1211,4.691339,1.577502
2024-05-08,sh.600117,2.51,2.51,2.51,2.51,2.51,,,,,4.691339,1.577502
2024-05-09,sh.600117,2.64,2.64,2.64,2.64,2.51,2859625.0,7549410.0,5.1793,0.0879,4.934317,1.659205
2024-05-10,sh.600117,2.7,2.72,2.55,2.55,2.64,10095571.0,26447718.27,-3.4091,0.3101,4.766101,1.602641
2024-05-13,sh.600117,2.5,2.53,2.42,2.46,2.55,7166322.0,17631171.41,-3.5294,0.2202,4.597886,1.546077
2024-05-14,sh.600117,2.45,2.5,2.43,2.48,2.46,2728487.0,6744982.72,0.813,0.0838,4.635267,1.558647
2024-05-15,sh.600117,2.46,2.48,2.44,2.48,2.48,2599613.0,6398452.09,0.0,0.0799,4.635267,1.558647
2024-05-16,sh.600117,2.47,2.51,2.46,2.5,2.48,2889142.0,7179797.43,0.8065,0.0888,4.672648,1.571217
2024-05-17,sh.600117,2.49,2.49,2.47,2.49,2.5,1579700.0,3921362.0,-0.4,0.0485,4.653958,1.564932
2024-05-20,sh.600117,2.47,2.49,2.47,2.47,2.49,2221100.0,5507706.0,-0.8032,0.0682,4.616577,1.552362
2024-05-21,sh.600117,2.47,2.48,2.42,2.45,2.47,3623840.0,8834842.48,-0.8097,0.1113,4.579195,1.539793
2024-05-22,sh.600117,2.45,2.48,2.43,2.44,2.45,3188488.0,7826966.19,-0.4082,0.098,4.560505,1.533508
2024-05-23,sh.600117,2.45,2.45,2.41,2.42,2.44,3085200.0,7495383.51,-0.8197,0.0948,4.523124,1.520938
2024-05-24,sh.600117,2.41,2.43,2.39,2.4,2.42,3549044.0,8536348.04,-0.8264,0.109,4.485742,1.508368
2024-05-27,sh.600117,2.41,2.41,2.33,2.37,2.4,3767111.0,8893342.63,-1.25,0.1157,4.429671,1.489514
2024-05-28,sh.600117,2.35,2.36,2.26,2.29,2.37,5607264.0,12968648.27,-3.3755,0.1723,4.280146,1.439235
2024-05-29,sh.600117,2.3,2.32,2.24,2.29,2.29,3312217.0,7574075.12,0.0,0.1018,4.280146,1.439235
2024-05-30,sh.600117,2.29,2.34,2.25,2.3,2.29,3473901.0,8037924.29,0.4367,0.1067,4.298837,1.44552
2024-05-31,sh.600117,2.28,2.35,2.28,2.34,2.3,2915736.0,6790133.87,1.7391,0.0896,4.373599,1.470659
2024-06-03,sh.600117,2.34,2.34,2.28,2.28,2.34,2001508.0,4598516.4,-2.5641,0.0615,4.261455,1.43295
2024-06-04,sh.600117,2.28,2.28,2.17,2.2,2.28,5543814.0,12313587.88,-3.5088,0.1703,4.111931,1.382671
2024-06-05,sh.600117,2.18,2.2,2.1,2.11,2.2,5233400.0,11171751.0,-4.0909,0.1608,3.943715,1.326107
2024-06-06,sh.600117,2.1,2.15,2.0,2.01,2.11,6908651.0,14149776.03,-4.7393,0.2122,3.756809,1.263258
2024-06-07,sh.600117,2.0,2.08,2.0,2.07,2.01,3894385.0,7970097.46,2.9851,0.1196,3.868953,1.300968
2024-06-11,sh.600117,2.06,2.16,2.04,2.15,2.07,3257373.0,6879101.21,3.8647,0.1001,4.018478,1.351247
2024-06-12,sh.600117,2.12,2.17,2.12,2.15,2.15,1802142.0,3854348.88,0.0,0.0554,4.018478,1.351247
2024-06-13,sh.600117,2.12,2.15,2.09,2.14,2.15,2084700.0,4425815.0,-0.4651,0.064,3.999787,1.344962
2024-06-14,sh.600117,2.14,2.15,2.09,2.13,2.14,1779800.0,3778072.0,-0.4673,0.0547,3.981096,1.338677
2024-06-17,sh.600117,2.11,2.13,2.08,2.09,2.13,1699659.0,3557522.31,-1.8779,0.0522,3.906334,1.313537
2024-06-18,sh.600117,2.09,2.1,2.07,2.08,2.09,988425.0,2060095.75,-0.4785,0.0304,3.887643,1.307252
2024-06-19,sh.600117,2.09,2.1,2.07,2.08,2.08,1206800.0,2513321.0,0.0,0.0371,3.887643,1.307252
2024-06-20,sh.600117,2.07,2.09,2.0,2.04,2.08,1636400.0,3338840.0,-1.9231,0.0503,3.812881,1.282113
2024-06-21,sh.600117,2.03,2.05,2.01,2.03,2.04,1288000.0,2611550.0,-0.4902,0.0396,3.79419,1.275828
2024-06-24,sh.600117,2.01,2.01,1.96,1.97,2.03,2397100.0,4745906.0,-2.9557,0.0736,3.682047,1.238119
2024-06-25,sh.600117,1.96,2.0,1.95,1.98,1.97,1004585.0,1987152.45,0.5076,0.0309,3.700738,1.244404
2024-06-26,sh.600117,1.98,2.02,1.96,2.02,1.98,1434433.0,2860896.01,2.0202,0.0441,3.7755,1.269543
2024-06-27,sh.600117,2.01,2.02,1.97,1.97,2.02,1668829.0,3310818.17,-2.4752,0.0513,3.682047,1.238119
2024-06-28,sh.600117,1.97,2.01,1.95,1.97,1.97,950700.0,1888051.0,0.0,0.0292,3.682047,1.238119
2024-07-01,sh.600117,1.93,1.98,1.87,1.9,1.97,5017211.0,9540378.79,-3.5533,0.1541,3.551213,1.194125
2024-07-02,sh.600117,1.89,1.93,1.87,1.93,1.9,3204511.0,6111550.01,1.5789,0.0984,3.607285,1.212979
2024-07-03,sh.600117,1.98,2.03,1.98,2.03,1.93,3557711.0,7185510.33,5.1813,0.1093,3.79419,1.275828
2024-07-04,sh.600117,2.11,2.11,1.97,1.99,2.03,6639100.0,13642341.0,-1.9704,0.204,3.719428,1.250689
2024-07-05,sh.600117,1.99,2.09,1.99,2.09,1.99,5393161.0,11160156.49,5.0251,0.1657,3.906334,1.313537
2024-07-08,sh.600117,2.1,2.13,2.04,2.07,2.09,4674960.0,9714366.0,-0.9569,0.1436,3.868953,1.300968
2024-07-09,sh.600117,2.17,2.17,2.17,2.17,2.07,2425361.0,5263033.37,4.8309,0.0745,4.055859,1.363816
2024-07-10,sh.600117,2.19,2.28,2.16,2.25,2.17,14923201.0,33031161.2,3.6866,0.4585,4.205384,1.414095
2024-07-11,sh.600117,2.21,2.32,2.21,2.32,2.25,9081313.0,20739216.73,3.1111,0.279,4.336218,1.458089
2024-07-12,sh.600117,2.31,2.43,2.3,2.43,2.32,8225062.0,19585315.57,4.7414,0.2527,4.541814,1.527223
2024-07-15,sh.600117,2.4,2.47,2.4,2.44,2.43,6418567.0,15615612.76,0.4115,0.1972,4.560505,1.533508
2024-07-16,sh.600117,2.41,2.44,2.32,2.35,2.44,5798000.0,13745956.0,-3.6885,0.1781,4.392289,1.476944
2024-07-17,sh.600117,2.35,2.35,2.35,2.35,2.35,,,,,4.392289,1.476944
2024-07-18,sh.600117,2.3,2.59,2.22,2.59,2.35,30526965.0,75385399.2,10.2128,0.9378,4.840864,1.627781
2024-07-19,sh.600117,2.59,2.67,2.46,2.46,2.59,18985329.0,48601167.1,-5.0193,0.5832,4.597886,1.546077
2024-07-22,sh.600117,2.5,2.52,2.32,2.39,2.46,15635790.0,37253917.88,-2.8455,0.4803,4.467052,1.502083
2024-07-23,sh.600117,2.39,2.39,2.32,2.34,2.39,7058385.0,16583713.68,-2.0921,0.2168,4.373599,1.470659
2024-07-24,sh.600117,2.36,2.37,2.18,2.23,2.34,10533008.0,23683272.39,-4.7009,0.3236,4.168002,1.401525
2024-07-25,sh.600117,2.23,2.34,2.15,2.23,2.23,7569797.0,16957042.4,0.0,0.2326,4.168002,1.401525
2024-07-26,sh.600117,2.23,2.29,2.23,2.24,2.23,4500900.0,10130928.0,0.4484,0.1383,4.186693,1.40781
2024-07-29,sh.600117,2.24,2.28,2.23,2.26,2.24,2765540.0,6254262.8,0.8929,0.085,4.224074,1.42038
2024-07-30,sh.600117,2.25,2.26,2.2,2.21,2.26,3835447.0,8537340.35,-2.2124,0.1178,4.130621,1.388956
2024-07-31,sh.600117,2.24,2.28,2.21,2.27,2.21,4713300.0,10606976.16,2.7149,0.1448,4.242765,1.426665
2024-08-01,sh.600117,2.29,2.34,2.26,2.29,2.27,4473800.0,10253070.0,0.8811,0.1374,4.280146,1.439235
2024-08-02,sh.600117,2.28,2.29,2.24,2.24,2.29,3750400.0,8479164.0,-2.1834,0.1152,4.186693,1.40781
2024-08-05,sh.600117,2.22,2.26,2.16,2.17,2.24,3662156.0,8085955.32,-3.125,0.1125,4.055859,1.363816
2024-08-06,sh.600117,2.18,2.23,2.17,2.19,2.17,2881691.0,6308888.58,0.9217,0.0885,4.09324,1.376386
2024-08-07,sh.600117,2.2,2.21,2.17,2.17,2.19,1797305.0,3922404.85,-0.9132,0.0552,4.055859,1.363816
2024-08-08,sh.600117,2.17,2.2,2.15,2.18,2.17,2626963.0,5725869.97,0.4608,0.0807,4.074549,1.370101
2024-08-09,sh.600117,2.19,2.22,2.18,2.2,2.18,2750800.0,6045680.0,0.9174,0.0845,4.111931,1.382671
2024-08-12,sh.600117,2.18,2.29,2.17,2.17,2.2,3883740.0,8545796.8,-1.3636,0.1193,4.055859,1.363816
2024-08-13,sh.600117,2.18,2.2,2.16,2.19,2.17,2146752.0,4687585.88,0.9217,0.066,4.09324,1.376386
2024-08-14,sh.600117,2.18,2.22,2.17,2.18,2.19,2206200.0,4823303.0,-0.4566,0.0678,4.074549,1.370101
2024-08-15,sh.600117,2.17,2.18,2.15,2.17,2.18,3323537.0,7203226.92,-0.4587,0.1021,4.055859,1.363816
2024-08-16,sh.600117,2.16,2.19,2.04,2.09,2.17,4154600.0,8866912.0,-3.6866,0.1276,3.906334,1.313537
2024-08-19,sh.600117,2.11,2.14,2.08,2.1,2.09,4271903.0,9002633.27,0.4785,0.1312,3.925025,1.319822
2024-08-20,sh.600117,2.12,2.12,2.07,2.08,2.1,3026200.0,6340368.0,-0.9524,0.093,3.887643,1.307252
2024-08-21,sh.600117,2.07,2.1,2.03,2.06,2.08,2939700.0,6049745.0,-0.9615,0.0903,3.850262,1.294683
2024-08-22,sh.600117,2.08,2.08,2.02,2.04,2.06,2251831.0,4601080.95,-0.9709,0.0692,3.812881,1.282113
2024-08-23,sh.600117,2.03,2.04,2.01,2.04,2.04,1885130.0,3819715.9,0.0,0.0579,3.812881,1.282113
2024-08-26,sh.600117,2.04,2.12,2.02,2.09,2.04,3758798.0,7792881.8,2.451,0.1155,3.906334,1.313537
2024-08-27,sh.600117,2.05,2.1,2.05,2.09,2.09,1853700.0,3847900.0,0.0,0.0569,3.906334,1.313537
2024-08-28,sh.600117,2.09,2.1,2.05,2.07,2.09,2484301.0,5150862.08,-0.9569,0.0763,3.868953,1.300968
2024-08-29,sh.600117,2.06,2.08,2.03,2.06,2.07,3171736.0,6522383.16,-0.4831,0.0974,3.850262,1.294683
2024-08-30,sh.600117,2.06,2.15,2.06,2.11,2.06,5359901.0,11322241.12,2.4272,0.1647,2.80384,1.352254
2024-09-02,sh.600117,2.12,2.14,2.05,2.05,2.11,4455200.0,9287623.0,-2.8436,0.1369,2.72411,1.313801
2024-09-03,sh.600117,2.06,2.08,2.04,2.07,2.05,4829400.0,9912163.0,0.9756,0.1484,2.750687,1.326619
2024-09-04,sh.600117,2.07,2.07,2.02,2.04,2.07,3141438.0,6405671.14,-1.4493,0.0965,2.710822,1.307393
2024-09-05,sh.600117,2.03,2.07,2.03,2.05,2.04,2391300.0,4883202.0,0.4902,0.0735,2.72411,1.313801
2024-09-06,sh.600117,2.05,2.07,1.99,2.0,2.05,3220400.0,6502900.0,-2.439,0.0989,2.657669,1.281757
2024-09-09,sh.600117,2.0,2.05,1.97,2.0,2.0,2565600.0,5154820.0,0.0,0.0788,2.657669,1.281757
2024-09-10,sh.600117,2.0,2.04,1.98,2.0,2.0,2490000.0,4971769.0,0.0,0.0765,2.657669,1.281757
2024-09-11,sh.600117,1.99,2.01,1.98,1.99,2.0,2304400.0,4591388.0,-0.5,0.0708,2.64438,1.275349
2024-09-12,sh.600117,2.0,2.03,1.99,2.0,1.99,2591558.0,5199761.0,0.5025,0.0796,2.657669,1.281757
2024-09-13,sh.600117,1.99,2.02,1.98,2.0,2.0,3081200.0,6156691.0,0.0,0.0947,2.657669,1.281757
2024-09-18,sh.600117,2.02,2.02,1.93,1.95,2.0,2856800.0,5590955.0,-2.5,0.0878,2.591227,1.249714
2024-09-19,sh.600117,1.96,2.01,1.95,1.99,1.95,2864400.0,5701435.0,2.0513,0.088,2.64438,1.275349
2024-09-20,sh.600117,1.98,2.02,1.98,1.99,1.99,2923788.0,5845413.74,0.0,0.0898,2.64438,1.275349
2024-09-23,sh.600117,1.99,2.02,1.97,2.02,1.99,1953857.0,3900303.28,1.5075,0.06,2.684245,1.294575
2024-09-24,sh.600117,2.03,2.22,2.02,2.22,2.02,18188251.0,39871654.54,9.901,0.5588,2.950012,1.422751
2024-09-25,sh.600117,2.3,2.39,2.21,2.24,2.22,31305943.0,72246426.39,0.9009,0.9617,2.976589,1.435568
2024-09-26,sh.600117,2.24,2.46,2.21,2.46,2.24,34779147.0,83549828.0,9.8214,1.0684,3.268932,1.576562
2024-09-27,sh.600117,2.46,2.71,2.46,2.66,2.46,45563142.0,118905723.23,8.1301,1.3997,3.534699,1.704737
2024-09-30,sh.600117,2.86,2.92,2.65,2.89,2.66,56462974.0,158034098.81,8.6466,1.7346,3.840331,1.85214
2024-10-08,sh.600117,3.18,3.18,2.68,2.86,2.89,51069120.0,150957432.4,-1.0381,1.5689,3.800466,1.832913
2024-10-09,sh.600117,2.8,2.8,2.57,2.57,2.86,25345882.0,66758845.28,-10.1399,0.7786,3.415104,1.647058
2024-10-10,sh.600117,2.61,2.65,2.45,2.54,2.57,16391892.0,42139770.44,-1.1673,0.5036,3.375239,1.627832
2024-10-11,sh.600117,2.54,2.62,2.47,2.5,2.54,14168271.0,35934253.31,-1.5748,0.4353,3.322086,1.602197
2024-10-14,sh.600117,2.5,2.54,2.46,2.52,2.5,9898716.0,24791156.16,0.8,0.3041,3.348663,1.615014
2024-10-15,sh.600117,2.52,2.54,2.44,2.44,2.52,9029216.0,22369009.42,-3.1746,0.2774,3.242356,1.563744
2024-10-16,sh.600117,2.45,2.59,2.41,2.49,2.44,13586053.0,34062168.64,2.0492,0.4174,3.308797,1.595788
2024-10-17,sh.600117,2.5,2.74,2.48,2.74,2.49,24276814.0,63408292.98,10.0402,0.7458,3.641006,1.756008
2024-10-18,sh.600117,2.99,2.99,2.8,2.84,2.74,50138932.0,143477844.1,3.6496,1.5403,3.77389,1.820096
2024-10-21,sh.600117,2.8,2.87,2.67,2.72,2.84,32809517.0,89537111.56,-4.2254,1.0079,3.614429,1.74319
2024-10-22,sh.600117,2.72,2.76,2.65,2.69,2.72,21479895.0,57969025.34,-1.1029,0.6599,3.574564,1.723964
2024-10-23,sh.600117,2.7,2.85,2.67,2.75,2.69,24975411.0,69210612.63,2.2305,0.7673,3.654294,1.762417
2024-10-24,sh.600117,2.7,2.74,2.68,2.72,2.75,13077718.0,35401890.77,-1.0909,0.4018,3.614429,1.74319
2024-10-25,sh.600117,2.72,2.76,2.71,2.75,2.72,12799592.0,35005060.15,1.1029,0.3932,3.654294,1.762417
2024-10-28,sh.600117,2.8,2.97,2.78,2.97,2.75,43923019.0,128109717.04,8.0,1.3494,3.946638,1.90341
2024-10-29,sh.600117,3.0,3.0,2.8,2.81,2.97,28510225.0,81256423.62,-5.3872,0.8759,3.734024,1.800869
2024-10-30,sh.600117,2.79,2.87,2.71,2.84,2.81,17577492.0,49335617.44,1.0676,0.54,3.77389,1.820096
2024-10-31,sh.600117,2.81,2.85,2.77,2.79,2.84,17257004.0,48372200.28,-1.7606,0.5302,3.707377,1.804208
2024-11-01,sh.600117,2.79,2.88,2.77,2.82,2.79,19860792.0,56072499.67,1.0753,0.6101,3.747241,1.823608
2024-11-04,sh.600117,2.82,2.83,2.69,2.78,2.82,13920233.0,38223195.4,-1.4184,0.4276,3.694088,1.797741
2024-11-05,sh.600117,2.77,2.86,2.75,2.86,2.78,21706313.0,61389548.88,2.8777,0.6668,3.800393,1.849475
2024-11-06,sh.600117,2.85,2.86,2.79,2.83,2.86,17210812.0,48580405.96,-1.049,0.5287,3.760529,1.830075
2024-11-07,sh.600117,2.85,2.95,2.81,2.93,2.83,31250045.0,90759651.14,3.5336,0.96,3.89341,1.894741
2024-11-08,sh.600117,2.94,2.97,2.84,2.86,2.93,23237669.0,67186356.23,-2.3891,0.7139,3.800393,1.849475
2024-11-11,sh.600117,2.85,2.87,2.78,2.85,2.86,13925527.0,39281491.07,-0.3497,0.4278,3.787105,1.843008
2024-11-12,sh.600117,2.85,2.87,2.77,2.79,2.85,16147803.0,45588276.49,-2.1053,0.4961,3.707377,1.804208
2024-11-13,sh.600117,2.78,2.81,2.74,2.76,2.79,11686460.0,32395347.61,-1.0753,0.359,3.667512,1.784808
2024-11-14,sh.600117,2.76,2.76,2.65,2.67,2.76,14418511.0,38886346.67,-3.2609,0.4429,3.54792,1.726607
2024-11-15,sh.600117,2.66,2.69,2.6,2.61,2.67,10499200.0,27813728.0,-2.2472,0.3225,3.468191,1.687807
2024-11-18,sh.600117,2.61,2.75,2.6,2.67,2.61,18830883.0,50658050.63,2.2989,0.5785,3.54792,1.726607
2024-11-19,sh.600117,2.67,2.68,2.6,2.67,2.67,12781148.0,33693593.81,0.0,0.3926,3.54792,1.726607
2024-11-20,sh.600117,2.66,2.7,2.64,2.69,2.67,10453326.0,27988530.44,0.7491,0.3211,3.574496,1.739541
2024-11-21,sh.600117,2.7,2.71,2.62,2.65,2.69,11615442.0,30699429.6,-1.487,0.3568,3.521343,1.713674
2024-11-22,sh.600117,2.64,2.66,2.55,2.57,2.65,12494463.0,32552602.31,-3.0189,0.3838,3.415039,1.66194
2024-11-25,sh.600117,2.55,2.61,2.54,2.59,2.57,9178828.0,23655420.9,0.7782,0.282,3.441615,1.674874
2024-11-26,sh.600117,2.61,2.64,2.55,2.56,2.59,6909800.0,17920640.0,-1.1583,0.2123,3.401751,1.655474
2024-11-27,sh.600117,2.56,2.59,2.5,2.59,2.56,8091029.0,20573775.79,1.1719,0.2486,3.441615,1.674874
2024-11-28,sh.600117,2.59,2.64,2.57,2.61,2.59,9096800.0,23760679.0,0.7722,0.2795,3.468191,1.687807
2024-11-29,sh.600117,2.61,2.64,2.59,2.62,2.61,7320006.0,19166777.72,0.3831,0.2249,3.481479,1.694274
2024-12-02,sh.600117,2.63,2.71,2.62,2.69,2.62,16275882.0,43617112.85,2.6718,0.5,3.574496,1.739541
2024-12-03,sh.600117,2.73,2.73,2.64,2.68,2.69,8998100.0,24050127.0,-0.3717,0.2764,3.561208,1.733074
2024-12-04,sh.600117,2.64,2.7,2.64,2.66,2.68,12772382.0,34019581.76,-0.7463,0.3924,3.534631,1.720141
2024-12-05,sh.600117,2.65,2.7,2.64,2.7,2.66,10915502.0,29218542.35,1.5038,0.3353,3.587784,1.746008
2024-12-06,sh.600117,2.7,2.81,2.7,2.78,2.7,23450453.0,64816866.87,2.963,0.7204,3.694088,1.797741
2024-12-09,sh.600117,2.8,2.86,2.73,2.76,2.78,18924033.0,52819807.64,-0.7194,0.5814,3.667512,1.784808
2024-12-10,sh.600117,2.87,2.87,2.71,2.78,2.76,28126411.0,77646157.99,0.7246,0.8641,3.694088,1.797741
2024-12-11,sh.600117,2.76,2.85,2.73,2.84,2.78,44237558.0,124672976.91,2.1583,1.359,3.773817,1.836541
2024-12-12,sh.600117,2.84,2.86,2.77,2.8,2.84,25171735.0,70578382.27,-1.4085,0.7733,3.720665,1.810674
2024-12-13,sh.600117,2.81,2.85,2.72,2.73,2.8,24991200.0,69315928.0,-2.5,0.7678,3.627648,1.765408
2024-12-16,sh.600117,2.71,2.75,2.66,2.68,2.73,15249542.0,41010046.99,-1.8315,0.4685,3.561208,1.733074
2024-12-17,sh.600117,2.69,2.7,2.56,2.59,2.68,21446300.0,55846826.0,-3.3582,0.6588,3.441615,1.674874
2024-12-18,sh.600117,2.58,2.63,2.57,2.58,2.59,11877000.0,30873544.0,-0.3861,0.3649,3.428327,1.668407
2024-12-19,sh.600117,2.54,2.56,2.48,2.49,2.58,28099800.0,70355263.0,-3.4884,0.8633,3.308734,1.610207
2024-12-20,sh.600117,2.49,2.5,2.45,2.48,2.49,15047500.0,37159117.0,-0.4016,0.4623,3.295446,1.60374
2024-12-23,sh.600117,2.48,2.48,2.36,2.37,2.48,23715200.0,57107631.0,-4.4355,0.7286,3.149277,1.532607
2024-12-24,sh.600117,2.38,2.42,2.37,2.41,2.37,12857442.0,30797887.96,1.6878,0.395,3.202429,1.558473
2024-12-25,sh.600117,2.42,2.42,2.32,2.34,2.41,12088843.0,28426221.62,-2.9046,0.3714,3.109413,1.513207
2024-12-26,sh.600117,2.33,2.36,2.32,2.33,2.34,10044200.0,23462788.0,-0.4274,0.3086,3.096125,1.50674
2024-12-27,sh.600117,2.33,2.38,2.32,2.36,2.33,12761600.0,30163169.0,1.2876,0.392,3.135989,1.52614
2024-12-30,sh.600117,2.36,2.36,2.28,2.3,2.36,11739500.0,27089398.0,-2.5424,0.3606,3.05626,1.48734
2024-12-31,sh.600117,2.3,2.32,2.23,2.25,2.3,12871997.0,29250059.21,-2.1739,0.3954,2.98982,1.455006
2025-01-02,sh.600117,2.25,2.28,2.18,2.2,2.25,15120896.0,33859568.92,-2.2222,0.4645,2.923379,1.422673
2025-01-03,sh.600117,2.21,2.22,2.14,2.15,2.2,13875300.0,30180689.0,-2.2727,0.4263,2.856939,1.390339
2025-01-06,sh.600117,2.14,2.19,2.1,2.18,2.15,10883100.0,23471098.0,1.3953,0.3343,2.896803,1.409739
2025-01-07,sh.600117,2.17,2.22,2.15,2.22,2.18,10379700.0,22721743.0,1.8349,0.3189,2.949956,1.435606
2025-01-08,sh.600117,2.22,2.23,2.15,2.2,2.22,10836673.0,23700539.68,-0.9009,0.3329,2.923379,1.422673
2025-01-09,sh.600117,2.19,2.2,2.17,2.18,2.2,6224700.0,13611414.0,-0.9091,0.1912,2.896803,1.409739
2025-01-10,sh.600117,2.17,2.19,2.12,2.13,2.18,6771544.0,14570830.59,-2.2936,0.208,2.830363,1.377406
2025-01-13,sh.600117,2.11,2.19,2.08,2.17,2.13,9434801.0,20229267.18,1.8779,0.2898,2.883515,1.403273
2025-01-14,sh.600117,2.17,2.23,2.17,2.23,2.17,13025400.0,28761617.0,2.765,0.4002,2.963244,1.442073
2025-01-15,sh.600117,2.22,2.23,2.18,2.2,2.23,8663600.0,19055811.0,-1.3453,0.2662,2.923379,1.422673
2025-01-16,sh.600117,2.2,2.26,2.2,2.21,2.2,10695853.0,23798512.13,0.4545,0.3286,2.936667,1.429139
2025-01-17,sh.600117,2.2,2.23,2.17,2.19,2.21,8136410.0,17837464.9,-0.905,0.25,2.910091,1.416206
2025-01-20,sh.600117,2.18,2.24,2.11,2.21,2.19,12287400.0,26959333.0,0.9132,0.3775,2.936667,1.429139
2025-01-21,sh.600117,2.21,2.22,2.15,2.16,2.21,9732310.0,21179241.1,-2.2624,0.299,2.870227,1.396806
2025-01-22,sh.600117,2.15,2.15,2.11,2.12,2.16,8443900.0,17971807.0,-1.8519,0.2594,2.817075,1.370939
2025-01-23,sh.600117,2.14,2.19,2.12,2.12,2.12,9395300.0,20208354.0,0.0,0.2886,2.817075,1.370939
2025-01-24,sh.600117,2.11,2.15,2.09,2.13,2.12,10114662.0,21434765.52,0.4717,0.3107,2.830363,1.377406
2025-01-27,sh.600117,2.13,2.21,2.12,2.15,2.13,13984400.0,30359372.4,0.939,0.4296,2.856939,1.390339
2025-02-05,sh.600117,2.15,2.16,2.12,2.14,2.15,8589500.0,18360557.0,-0.4651,0.2639,2.843651,1.383873
2025-02-06,sh.600117,2.14,2.18,2.11,2.17,2.14,9816916.0,21073936.96,1.4019,0.3016,2.883515,1.403273
2025-02-07,sh.600117,2.17,2.27,2.16,2.23,2.17,21934642.0,48923699.68,2.765,0.6739,2.963244,1.442073
2025-02-10,sh.600117,2.24,2.28,2.22,2.25,2.23,17259645.0,38696159.15,0.8969,0.5302,2.98982,1.455006
2025-02-11,sh.600117,2.23,2.39,2.19,2.28,2.25,40337196.0,92221517.5,1.3333,1.2392,3.029684,1.474406
2025-02-12,sh.600117,2.27,2.28,2.22,2.25,2.28,24449593.0,55094786.0,-1.3158,0.7511,2.98982,1.455006
2025-02-13,sh.600117,2.25,2.26,2.22,2.24,2.25,17205688.0,38574320.69,-0.4444,0.5286,2.976532,1.44854
2025-02-14,sh.600117,2.23,2.24,2.19,2.2,2.24,14148632.0,31193126.7,-1.7857,0.4347,2.923379,1.422673
2025-02-17,sh.600117,2.2,2.23,2.18,2.23,2.2,12722100.0,28127900.25,1.3636,0.3908,2.963244,1.442073
2025-02-18,sh.600117,2.22,2.23,2.16,2.17,2.23,12446100.0,27286378.0,-2.6906,0.3824,2.883515,1.403273
2025-02-19,sh.600117,2.16,2.18,2.15,2.18,2.17,9100885.0,19723341.45,0.4608,0.2796,2.896803,1.409739
2025-02-20,sh.600117,2.18,2.2,2.16,2.2,2.18,9019967.0,19705721.73,0.9174,0.2771,2.923379,1.422673
2025-02-21,sh.600117,2.19,2.2,2.16,2.17,2.2,12538961.0,27285501.76,-1.3636,0.3852,2.883515,1.403273
2025-02-24,sh.600117,2.17,2.22,2.16,2.2,2.17,12697915.0,27890756.14,1.3825,0.3901,2.923379,1.422673
2025-02-25,sh.600117,2.19,2.21,2.17,2.18,2.2,8538100.0,18683989.0,-0.9091,0.2623,2.896803,1.409739
2025-02-26,sh.600117,2.19,2.3,2.19,2.27,2.18,40096949.0,90330372.79,4.1284,1.2318,3.016396,1.46794
2025-02-27,sh.600117,2.27,2.28,2.2,2.23,2.27,21380201.0,47701696.22,-1.7621,0.6568,2.963244,1.442073
2025-02-28,sh.600117,2.21,2.23,2.16,2.17,2.23,16685300.0,36614267.0,-2.6906,0.5126,2.883515,1.403273
2025-03-03,sh.600117,2.17,2.21,2.17,2.18,2.17,12415630.0,27144100.13,0.4608,0.3814,2.896803,1.409739
2025-03-04,sh.600117,2.17,2.22,2.17,2.2,2.18,12819401.0,28161183.2,0.9174,0.3938,2.923379,1.422673
2025-03-05,sh.600117,2.2,2.3,2.15,2.25,2.2,46394306.0,103530934.92,2.2727,1.4253,2.98982,1.455006
2025-03-06,sh.600117,2.22,2.29,2.22,2.24,2.25,32180344.0,72103927.34,-0.4444,0.9886,2.976532,1.44854
2025-03-07,sh.600117,2.24,2.29,2.22,2.23,2.24,39920101.0,89943835.25,-0.4464,1.2264,2.963244,1.442073
2025-03-10,sh.600117,2.22,2.25,2.2,2.21,2.23,18585000.0,41244502.0,-0.8969,0.5709,2.936667,1.429139
2025-03-11,sh.600117,2.2,2.22,2.18,2.22,2.21,12389872.0,27295074.4,0.4525,0.3806,2.949956,1.435606
2025-03-12,sh.600117,2.22,2.28,2.22,2.24,2.22,28461300.0,63923741.0,0.9009,0.8744,2.976532,1.44854
2025-03-13,sh.600117,2.24,2.29,2.23,2.27,2.24,35367400.0,79817264.0,1.3393,1.0865,3.016396,1.46794
2025-03-14,sh.600117,2.26,2.29,2.23,2.28,2.27,28989449.0,65498967.0,0.4405,0.8906,3.029684,1.474406
2025-03-17,sh.600117,2.28,2.33,2.28,2.29,2.28,27697982.0,63843709.94,0.4386,0.8509,3.042972,1.480873
2025-03-18,sh.600117,2.3,2.31,2.26,2.27,2.29,20001763.0,45409686.38,-0.8734,0.6145,3.016396,1.46794
2025-03-19,sh.600117,2.27,2.27,2.24,2.25,2.27,13627000.0,30696230.0,-0.8811,0.4186,2.98982,1.455006
2025-03-20,sh.600117,2.26,2.48,2.24,2.35,2.25,77624273.0,185121404.84,4.4444,2.3847,3.122701,1.519673
2025-03-21,sh.600117,2.36,2.43,2.34,2.38,2.35,65210839.0,155566838.06,1.2766,2.0033,3.162565,1.539073
2025-03-24,sh.600117,2.38,2.51,2.32,2.46,2.38,69319677.0,166990056.11,3.3613,2.1296,3.26887,1.590807
2025-03-25,sh.600117,2.46,2.59,2.43,2.48,2.46,70775233.0,177441653.41,0.813,2.1743,3.295446,1.60374
2025-03-26,sh.600117,2.47,2.47,2.38,2.4,2.48,47969135.0,115676072.69,-3.2258,1.4737,3.189141,1.552007
2025-03-27,sh.600117,2.39,2.39,2.32,2.34,2.4,29049600.0,67962578.0,-2.5,0.8924,3.109413,1.513207
2025-03-28,sh.600117,2.33,2.34,2.28,2.3,2.34,21059000.0,48502930.0,-1.7094,0.647,3.05626,1.48734
2025-03-31,sh.600117,2.28,2.29,2.2,2.21,2.3,26371000.0,58874632.0,-3.913,0.8101,2.936667,1.429139
2025-04-01,sh.600117,2.22,2.25,2.21,2.24,2.21,15215817.0,33980017.91,1.3575,0.4674,2.976532,1.44854
2025-04-02,sh.600117,2.23,2.24,2.21,2.22,2.24,12877217.0,28624793.74,-0.8929,0.3956,2.949956,1.435606
2025-04-03,sh.600117,2.2,2.29,2.2,2.26,2.22,21877900.0,49115989.83,1.8018,0.6721,3.003108,1.461473
2025-04-07,sh.600117,2.16,2.16,2.03,2.03,2.26,30587900.0,63382088.0,-10.177,0.9397,2.697482,1.312739
2025-04-08,sh.600117,1.99,2.05,1.98,2.03,2.03,20171182.0,40619727.58,0.0,0.6197,2.697482,1.312739
2025-04-09,sh.600117,2.0,2.07,1.92,2.07,2.03,25381628.0,50864878.33,1.9704,0.7797,2.750634,1.338606
2025-04-10,sh.600117,2.07,2.12,2.06,2.1,2.07,19420000.0,40735130.0,1.4493,0.5966,2.790498,1.358006
2025-04-11,sh.600117,2.09,2.11,2.07,2.08,2.1,13236985.0,27696105.65,-0.9524,0.4067,2.763922,1.345072
2025-04-14,sh.600117,2.1,2.13,2.09,2.12,2.08,14779401.0,31180712.09,1.9231,0.454,2.817075,1.370939
2025-04-15,sh.600117,2.11,2.12,2.07,2.09,2.12,11911300.0,24848236.0,-1.4151,0.3659,2.77721,1.351539
2025-04-16,sh.600117,2.08,2.09,2.03,2.06,2.09,14101217.0,28987669.02,-1.4354,0.4332,2.737346,1.332139
2025-04-17,sh.600117,2.05,2.09,2.04,2.06,2.06,9180502.0,19012655.14,0.0,0.282,2.737346,1.332139
2025-04-18,sh.600117,2.06,2.07,2.04,2.06,2.06,8998682.0,18487373.62,0.0,0.2764,2.737346,1.332139
2025-04-21,sh.600117,2.05,2.08,2.04,2.07,2.06,9648131.0,19950521.86,0.4854,0.2964,2.750634,1.338606
2025-04-22,sh.600117,2.07,2.08,2.05,2.07,2.07,13121200.0,27096514.0,0.0,0.4031,2.750634,1.338606
2025-04-23,sh.600117,2.07,2.08,2.05,2.06,2.07,10076643.0,20781697.58,-0.4831,0.3096,2.737346,1.332139
2025-04-24,sh.600117,2.06,2.07,2.03,2.04,2.06,12742576.0,26086434.29,-0.9709,0.3915,2.71077,1.319206
2025-04-25,sh.600117,2.04,2.09,2.03,2.07,2.04,17318473.0,35763535.81,1.4706,0.532,-7.807004,1.47318
2025-04-28,sh.600117,2.06,2.09,2.04,2.06,2.07,14273500.0,29531323.0,-0.4831,0.4385,-7.769289,1.466063
2025-04-29,sh.600117,2.05,2.11,2.04,2.08,2.06,15201173.0,31664915.43,0.9709,0.467,-7.844719,1.480297
2025-04-30,sh.600117,2.07,2.08,2.03,2.04,2.08,14997300.0,30749697.0,-1.9231,0.4607,-8.084625,1.499161
2025-05-06,sh.600117,2.05,2.09,2.05,2.09,2.04,13487400.0,27931595.0,2.451,0.4143,-8.282778,1.535905
2025-05-07,sh.600117,2.09,2.14,2.09,2.14,2.09,21115259.0,44616262.48,2.3923,0.6487,-8.48093,1.572649
2025-05-08,sh.600117,2.14,2.22,2.11,2.18,2.14,28816534.0,62330331.62,1.8692,0.8853,-8.639452,1.602044
2025-05-09,sh.600117,2.18,2.19,2.15,2.16,2.18,14832802.0,32171938.32,-0.9174,0.4557,-8.560191,1.587347
2025-05-12,sh.600117,2.15,2.2,2.14,2.2,2.16,12581935.0,27239615.61,1.8519,0.3865,-8.718713,1.616742
2025-05-13,sh.600117,2.2,2.22,2.16,2.18,2.2,17876300.0,39145694.0,-0.9091,0.5492,-8.639452,1.602044
2025-05-14,sh.600117,2.18,2.2,2.15,2.2,2.18,13281901.0,28883352.18,0.9174,0.408,-8.718713,1.616742
2025-05-15,sh.600117,2.2,2.2,2.15,2.16,2.2,9806100.0,21316548.0,-1.8182,0.3013,-8.560191,1.587347
2025-05-16,sh.600117,2.16,2.18,2.14,2.15,2.16,8352320.0,18001479.86,-0.463,0.2566,-8.520561,1.579998
2025-05-19,sh.600117,2.16,2.2,2.14,2.18,2.15,15029918.0,32779805.42,1.3953,0.4617,-8.639452,1.602044
2025-05-20,sh.600117,2.19,2.2,2.16,2.18,2.18,8793302.0,19119329.34,0.0,0.2701,-8.639452,1.602044
2025-05-21,sh.600117,2.18,2.18,2.16,2.18,2.18,7330300.0,15914662.0,0.0,0.2252,-8.639452,1.602044
2025-05-22,sh.600117,2.17,2.21,2.14,2.14,2.18,13729383.0,29743489.62,-1.8349,0.4218,-8.48093,1.572649
2025-05-23,sh.600117,2.14,2.17,2.11,2.12,2.14,11196358.0,23992550.7,-0.9346,0.344,-8.401669,1.557951
2025-05-26,sh.600117,2.13,2.15,2.11,2.14,2.12,8859923.0,18857178.53,0.9434,0.2722,-8.48093,1.572649
2025-05-27,sh.600117,2.13,2.15,2.11,2.14,2.14,8841148.0,18796559.44,0.0,0.2716,-8.48093,1.572649
2025-05-28,sh.600117,2.14,2.15,2.11,2.14,2.14,8694215.0,18566258.65,0.0,0.2671,-8.48093,1.572649
2025-05-29,sh.600117,2.14,2.17,2.13,2.16,2.14,9366600.0,20180798.9,0.9346,0.2878,-8.560191,1.587347
2025-05-30,sh.600117,2.15,2.16,2.12,2.13,2.16,7718100.0,16459744.0,-1.3889,0.2371,-8.4413,1.5653
2025-06-03,sh.600117,2.12,2.13,2.1,2.12,2.13,11258508.0,23822741.89,-0.4695,0.3459,-8.401669,1.557951
2025-06-04,sh.600117,2.12,2.16,2.12,2.15,2.12,12636079.0,27062854.86,1.4151,0.3882,-8.520561,1.579998
2025-06-05,sh.600117,2.15,2.16,2.12,2.13,2.15,10112968.0,21582824.16,-0.9302,0.3107,-8.4413,1.5653
2025-06-06,sh.600117,2.13,2.15,2.13,2.15,2.13,8916078.0,19078382.92,0.939,0.2739,-8.520561,1.579998
2025-06-09,sh.600117,2.16,2.19,2.14,2.19,2.15,15215532.0,33078564.53,1.8605,0.4674,-8.679083,1.609393
2025-06-10,sh.600117,2.19,2.21,2.14,2.18,2.19,14377900.0,31243911.0,-0.4566,0.4417,-8.639452,1.602044
2025-06-11,sh.600117,2.17,2.21,2.16,2.18,2.18,13797800.0,30156195.0,0.0,0.4239,-8.639452,1.602044
2025-06-12,sh.600117,2.18,2.19,2.16,2.18,2.18,10875633.0,23641795.94,0.0,0.3341,-8.639452,1.602044
2025-06-13,sh.600117,2.17,2.19,2.14,2.15,2.18,12079680.0,26087771.21,-1.3761,0.3711,-8.520561,1.579998
2025-06-16,sh.600117,2.16,2.19,2.14,2.17,2.15,11429079.0,24845917.22,0.9302,0.3511,-8.599822,1.594696
2025-06-17,sh.600117,2.17,2.2,2.17,2.2,2.17,13139692.0,28779751.9,1.3825,0.4037,-8.718713,1.616742
2025-06-18,sh.600117,2.19,2.2,2.16,2.17,2.2,9330633.0,20345685.27,-1.3636,0.2866,-8.599822,1.594696
2025-06-19,sh.600117,2.17,2.18,2.13,2.13,2.17,12466200.0,26701457.0,-1.8433,0.383,-8.4413,1.5653
2025-06-20,sh.600117,2.13,2.15,2.12,2.12,2.13,7442700.0,15867022.0,-0.4695,0.2286,-8.401669,1.557951
2025-06-23,sh.600117,2.11,2.15,2.1,2.15,2.12,9290737.0,19843573.44,1.4151,0.2854,-8.520561,1.579998
2025-06-24,sh.600117,2.14,2.18,2.14,2.18,2.15,11371100.0,24567647.0,1.3953,0.3493,-8.639452,1.602044
2025-06-25,sh.600117,2.18,2.2,2.16,2.19,2.18,12000186.0,26191081.62,0.4587,0.3687,-8.679083,1.609393
2025-06-26,sh.600117,2.19,2.21,2.17,2.19,2.19,12244202.0,26850619.54,0.0,0.3762,-8.679083,1.609393
2025-06-27,sh.600117,2.19,2.23,2.19,2.22,2.19,17378137.0,38532751.4,1.3699,0.5339,-8.797974,1.63144
2025-06-30,sh.600117,2.23,2.24,2.21,2.24,2.22,10537700.0,23497676.0,0.9009,0.3237,-8.877235,1.646137
2025-07-01,sh.600117,2.24,2.26,2.22,2.25,2.24,15471200.0,34691608.0,0.4464,0.4753,-8.916866,1.653486
2025-07-02,sh.600117,2.24,2.46,2.23,2.34,2.25,57396660.0,134428567.35,4.0,1.7633,-9.27354,1.719626
2025-07-03,sh.600117,2.33,2.37,2.27,2.31,2.34,40133301.0,92711314.59,-1.2821,1.2329,-9.154649,1.697579
2025-07-04,sh.600117,2.31,2.41,2.3,2.33,2.31,34542476.0,81487989.82,0.8658,1.0612,-9.23391,1.712277
2025-07-07,sh.600117,2.32,2.34,2.27,2.32,2.33,19056710.0,44045628.11,-0.4292,0.5854,-9.194279,1.704928
2025-07-08,sh.600117,2.31,2.36,2.28,2.35,2.32,24857841.0,57799586.94,1.2931,0.7637,-9.313171,1.726975
2025-07-09,sh.600117,2.35,2.41,2.32,2.35,2.35,20531901.0,48324836.38,0.0,0.6308,-9.313171,1.726975
2025-07-10,sh.600117,2.34,2.39,2.34,2.37,2.35,17771294.0,41981511.83,0.8511,0.5459,-9.392432,1.741672
2025-07-11,sh.600117,2.37,2.42,2.36,2.4,2.37,31731434.0,75835967.26,1.2658,0.9748,-9.511324,1.763719
2025-07-14,sh.600117,2.4,2.43,2.37,2.38,2.4,22216930.0,53180884.3,-0.8333,0.6825,-9.432063,1.749021
2025-07-15,sh.600117,2.37,2.38,2.29,2.3,2.38,23488943.0,54505680.47,-3.3613,0.7216,-9.115018,1.69023
2025-07-16,sh.600117,2.3,2.3,2.25,2.29,2.3,17119500.0,38941347.0,-0.4348,0.5259,-9.075388,1.682882
2025-07-17,sh.600117,2.29,2.33,2.27,2.31,2.29,15856700.0,36557672.5,0.8734,0.4871,-9.154649,1.697579
2025-07-18,sh.600117,2.32,2.41,2.32,2.35,2.31,20496200.0,48377447.82,1.7316,0.6297,-9.313171,1.726975
2025-07-21,sh.600117,2.56,2.59,2.55,2.59,2.35,57752564.0,149459343.98,10.2128,1.7742,-10.264303,1.903346
2025-07-22,sh.600117,2.85,2.85,2.85,2.85,2.59,18838947.0,53690998.95,10.0386,0.5787,-11.294697,2.094416
2025-07-23,sh.600117,3.14,3.14,3.14,3.14,2.85,61173242.0,192083979.88,10.1754,1.8793,-12.443982,2.307532
2025-07-24,sh.600117,3.29,3.45,2.87,3.45,3.14,174419432.0,556531642.82,9.8726,5.3583,-13.672528,2.535346
2025-07-25,sh.600117,3.8,3.8,3.7,3.8,3.45,253370902.0,962265482.34,10.1449,7.7838,-15.059596,2.792555
2025-07-28,sh.600117,3.87,3.98,3.43,3.47,3.8,378199292.0,1372886872.5,-8.6842,11.6186,-13.751789,2.550043
2025-07-29,sh.600117,3.4,3.82,3.25,3.82,3.47,406123827.0,1446376499.52,10.0865,12.4765,-15.138857,2.807252
2025-07-30,sh.600117,4.06,4.2,4.06,4.2,3.82,240610607.0,1003059925.94,9.9476,7.3918,-16.644816,3.086508
2025-07-31,sh.600117,4.27,4.52,4.01,4.46,4.2,495186507.0,2131195155.53,6.1905,15.2126,-17.67521,3.277577
2025-08-01,sh.600117,4.2,4.68,4.1,4.6,4.46,382375068.0,1695374570.96,3.139,11.7469,-18.230037,3.380461
2025-08-04,sh.600117,4.59,5.05,4.46,4.99,4.6,387529534.0,1883238153.95,8.4783,11.9052,-19.775627,3.667065
2025-08-05,sh.600117,4.99,5.18,4.5,4.75,4.99,465060144.0,2233293251.19,-4.8096,14.2871,-18.824495,3.490693
2025-08-06,sh.600117,4.5,4.51,4.28,4.28,4.75,252683875.0,1093671673.89,-9.8947,7.7627,-16.96186,3.145298
2025-08-07,sh.600117,3.86,4.04,3.85,3.86,4.28,331438562.0,1295263860.79,-9.8131,10.1821,-15.297379,2.836648
2025-08-08,sh.600117,3.79,4.18,3.7,4.07,3.86,307848882.0,1220499854.53,5.4404,9.4574,-16.12962,2.990973
2025-08-11,sh.600117,4.01,4.11,3.88,3.92,4.07,245710854.0,976741824.53,-3.6855,7.5485,-15.535162,2.88074
2025-08-12,sh.600117,3.88,3.92,3.78,3.8,3.92,156947700.0,601764721.0,-3.0612,4.8216,-15.059596,2.792555
2025-08-13,sh.600117,3.8,3.88,3.77,3.79,3.8,135407061.0,515924220.52,-0.2632,4.1598,-15.019965,2.785206
2025-08-14,sh.600117,3.77,3.82,3.6,3.6,3.79,178007656.0,662883013.05,-5.0132,5.4686,-14.266985,2.645578
2025-08-15,sh.600117,3.61,3.63,3.55,3.62,3.6,118947859.0,427376315.19,0.5556,3.6542,-14.346246,2.660276
2025-08-18,sh.600117,3.63,3.67,3.59,3.63,3.62,120206190.0,435935142.85,0.2762,3.6928,-14.385877,2.667624
2025-08-19,sh.600117,3.63,3.63,3.56,3.59,3.63,87781560.0,314953117.64,-1.1019,2.6967,-14.227355,2.638229
2025-08-20,sh.600117,3.57,3.58,3.5,3.57,3.59,83733175.0,296553548.16,-0.5571,2.5724,-14.148094,2.623531
2025-08-21,sh.600117,3.59,3.71,3.53,3.56,3.57,155099586.0,560451738.36,-0.2801,4.7648,-14.108463,2.616183
2025-08-22,sh.600117,3.56,3.56,3.47,3.5,3.56,82965671.0,289676548.79,-1.6854,2.5488,-13.87068,2.57209
2025-08-25,sh.600117,3.5,3.64,3.48,3.58,3.5,131822970.0,471266234.32,2.2857,4.0497,-14.187724,2.63088
2025-08-26,sh.600117,3.57,3.58,3.51,3.55,3.58,73327793.0,259654912.15,-0.838,2.2527,-14.068833,2.608834
2025-08-27,sh.600117,3.54,3.54,3.4,3.4,3.55,93478898.0,324784671.2,-4.2254,2.8718,-13.474375,2.498601
2025-08-28,sh.600117,3.4,3.43,3.31,3.43,3.4,87591859.0,296006340.2,0.8824,2.6909,-13.593267,2.520648
2025-08-29,sh.600117,3.42,3.43,3.37,3.38,3.43,50047455.0,169906072.9,-1.4577,1.5375,-13.683319,2.531406
2025-09-01,sh.600117,3.38,3.42,3.34,3.41,3.38,50387008.0,171012402.74,0.8876,1.5479,-13.804769,2.553874
2025-09-02,sh.600117,3.43,3.43,3.35,3.4,3.41,50405918.0,170374699.8,-0.2933,1.5485,-13.764286,2.546385
2025-09-03,sh.600117,3.42,3.43,3.32,3.35,3.4,43065570.0,144846865.28,-1.4706,1.323,-13.56187,2.508938
2025-09-04,sh.600117,3.35,3.36,3.26,3.31,3.35,54633100.0,181397772.0,-1.194,1.6784,-13.399937,2.47898
2025-09-05,sh.600117,3.33,3.35,3.24,3.35,3.31,50784701.0,167997211.31,1.2085,1.5602,-13.56187,2.508938
2025-09-08,sh.600117,3.36,3.42,3.34,3.4,3.35,48440302.0,164318564.14,1.4925,1.4881,-13.764286,2.546385
2025-09-09,sh.600117,3.41,3.43,3.35,3.36,3.4,47489700.0,160858362.0,-1.1765,1.4589,-13.602353,2.516427
2025-09-10,sh.600117,3.36,3.41,3.33,3.39,3.36,50488401.0,170681723.39,0.8929,1.551,-13.723802,2.538895
2025-09-11,sh.600117,3.39,3.41,3.34,3.4,3.39,45024900.0,151889719.0,0.295,1.3832,-13.764286,2.546385
2025-09-12,sh.600117,3.39,3.48,3.36,3.44,3.4,90188930.0,308291794.27,1.1765,2.7707,-13.926218,2.576342
2025-09-15,sh.600117,3.44,3.45,3.37,3.43,3.44,55483400.0,188955258.25,-0.2907,1.7045,-13.885735,2.568853
2025-09-16,sh.600117,3.43,3.51,3.34,3.4,3.43,79925600.0,271904551.0,-0.8746,2.4554,-13.764286,2.546385
2025-09-17,sh.600117,3.37,3.38,3.34,3.35,3.4,46101430.0,154579505.5,-1.4706,1.4163,-13.56187,2.508938
2025-09-18,sh.600117,3.35,3.4,3.26,3.29,3.35,65527300.0,218483198.0,-1.791,2.0131,-13.318971,2.464002
2025-09-19,sh.600117,3.3,3.5,3.29,3.31,3.29,99569101.0,334182949.34,0.6079,3.0589,-13.399937,2.47898
2025-09-22,sh.600117,3.3,3.31,3.18,3.23,3.31,66332282.0,213596467.49,-2.4169,2.0378,-13.076071,2.419065
2025-09-23,sh.600117,3.23,3.24,3.08,3.17,3.23,65295290.0,204213821.35,-1.8576,2.0059,-12.833172,2.374129
2025-09-24,sh.600117,3.16,3.18,3.12,3.17,3.17,28736655.0,90735586.35,0.0,0.8828,-12.833172,2.374129
2025-09-25,sh.600117,3.19,3.19,3.13,3.13,3.17,27312500.0,86126859.0,-1.2618,0.8391,-12.671239,2.344172
2025-09-26,sh.600117,3.12,3.17,3.11,3.14,3.13,32956400.0,103689842.0,0.3195,1.0124,-12.711723,2.351661
2025-09-29,sh.600117,3.14,3.18,3.1,3.18,3.14,34306400.0,108397456.0,1.2739,1.0539,-12.873655,2.381619
2025-09-30,sh.600117,3.18,3.21,3.17,3.19,3.18,27473050.0,87788237.0,0.3145,0.844,-12.914139,2.389108
2025-10-09,sh.600117,3.22,3.27,3.2,3.25,3.19,38019976.0,123064082.8,1.8809,1.168,-13.157038,2.434044
2025-10-10,sh.600117,3.25,3.34,3.21,3.3,3.25,52000400.0,171372079.0,1.5385,1.5975,-13.359454,2.471491
2025-10-13,sh.600117,3.24,3.34,3.2,3.33,3.3,43672100.0,143294362.0,0.9091,1.3416,-13.480903,2.493959
2025-10-14,sh.600117,3.35,3.4,3.27,3.28,3.33,49003313.0,163480222.81,-1.5015,1.5054,-13.278487,2.456512
2025-10-15,sh.600117,3.26,3.37,3.26,3.32,3.28,33332500.0,110234671.0,1.2195,1.024,-13.44042,2.48647
2025-10-16,sh.600117,3.3,3.31,3.22,3.23,3.32,34822600.0,113204044.0,-2.7108,1.0698,-13.076071,2.419065
2025-10-17,sh.600117,3.23,3.31,3.19,3.2,3.23,33933700.0,110082252.0,-0.9288,1.0425,-12.954622,2.396597
2025-10-20,sh.600117,3.2,3.24,3.18,3.21,3.2,23104500.0,73943390.0,0.3125,0.7098,-12.995105,2.404087
2025-10-21,sh.600117,3.2,3.25,3.19,3.24,3.21,25248905.0,81634449.06,0.9346,0.7757,-13.116555,2.426555
2025-10-22,sh.600117,3.24,3.31,3.22,3.28,3.24,28046648.0,91757754.4,1.2346,0.8616,-13.278487,2.456512
2025-10-23,sh.600117,3.25,3.26,3.18,3.26,3.28,28744200.0,92340750.0,-0.6098,0.883,-13.197521,2.441534
2025-10-24,sh.600117,3.26,3.26,3.14,3.15,3.26,54055637.0,171342784.18,-3.3742,1.6606,-12.752206,2.359151
2025-10-27,sh.600117,3.15,3.2,3.14,3.16,3.15,34107037.0,107862888.92,0.3175,1.0478,-12.792689,2.36664
2025-10-28,sh.600117,3.15,3.16,3.12,3.14,3.16,26663300.0,83609389.0,-0.6329,0.8191,-12.711723,2.351661
2025-10-29,sh.600117,3.13,3.15,3.09,3.14,3.14,23015900.0,71751472.0,0.0,0.7071,-12.711723,2.351661
2025-10-30,sh.600117,3.14,3.19,3.12,3.16,3.14,37503972.0,118496921.8,0.6369,1.1522,-12.792689,2.36664
2025-10-31,sh.600117,3.13,3.16,3.1,3.13,3.16,35806046.0,112030146.98,-0.9494,1.1,-9.965031,2.532852
2025-11-03,sh.600117,3.14,3.18,3.12,3.18,3.13,37495346.0,118301415.36,1.5974,1.1519,-10.124217,2.573313
2025-11-04,sh.600117,3.17,3.18,3.1,3.12,3.18,33077150.0,103750737.0,-1.8868,1.0162,-9.933194,2.52476
2025-11-05,sh.600117,3.12,3.19,3.08,3.19,3.12,47902401.0,151522294.18,2.2436,1.4716,-10.156054,2.581406
2025-11-06,sh.600117,3.18,3.19,3.15,3.19,3.19,28660300.0,90830722.0,0.0,0.8805,-10.156054,2.581406
2025-11-07,sh.600117,3.19,3.23,3.14,3.17,3.19,33322400.0,105883902.0,-0.627,1.0237,-10.092379,2.565221
2025-11-10,sh.600117,3.17,3.19,3.13,3.17,3.17,28539300.0,90113246.0,0.0,0.8768,-10.092379,2.565221
2025-11-11,sh.600117,3.17,3.2,3.14,3.19,3.17,30150211.0,95739313.77,0.6309,0.9262,-10.156054,2.581406
2025-11-12,sh.600117,3.19,3.2,3.14,3.18,3.19,28821190.0,91245095.3,-0.3135,0.8854,-10.124217,2.573313
2025-11-13,sh.600117,3.19,3.21,3.17,3.2,3.18,33048450.0,105595098.0,0.6289,1.0153,-10.187891,2.589498
2025-11-14,sh.600117,3.2,3.24,3.18,3.21,3.2,39218695.0,126035446.55,0.3125,1.2048,-10.219728,2.59759
2025-11-17,sh.600117,3.21,3.23,3.19,3.23,3.21,24290600.0,78156688.0,0.6231,0.7462,-10.283402,2.613774
2025-11-18,sh.600117,3.22,3.23,3.04,3.06,3.23,75294889.0,233582252.45,-5.2632,2.3131,-9.742171,2.476207
2025-11-19,sh.600117,3.05,3.07,2.97,3.0,3.06,41027523.0,123156158.84,-1.9608,1.2604,-9.551148,2.427654
2025-11-20,sh.600117,2.99,3.01,2.96,2.97,3.0,19438422.0,57934979.34,-1.0,0.5972,-9.455636,2.403378
2025-11-21,sh.600117,2.95,2.98,2.87,2.87,2.97,33287600.0,96721639.0,-3.367,1.0226,-9.137265,2.322456
2025-11-24,sh.600117,2.87,2.93,2.87,2.92,2.87,24897100.0,72387312.0,1.7422,0.7649,-9.29645,2.362917
2025-11-25,sh.600117,2.92,2.94,2.9,2.91,2.92,19198900.0,56051660.0,-0.3425,0.5898,-9.264613,2.354824
2025-11-26,sh.600117,2.92,2.93,2.87,2.88,2.91,21372591.0,61956238.08,-1.0309,0.6566,-9.169102,2.330548
2025-11-27,sh.600117,2.93,2.98,2.88,2.88,2.88,38181600.0,110989974.0,0.0,1.173,-9.169102,2.330548
2025-11-28,sh.600117,2.87,2.91,2.85,2.9,2.88,21658800.0,62522380.0,0.6944,0.6654,-9.232776,2.346732
2025-12-01,sh.600117,2.92,2.93,2.89,2.9,2.9,20984610.0,61061832.2,0.0,0.6447,-9.232776,2.346732
2025-12-02,sh.600117,2.9,2.92,2.86,2.91,2.9,21932324.0,63429570.36,0.3448,0.6738,-9.264613,2.354824
2025-12-03,sh.600117,2.92,2.92,2.87,2.87,2.91,18754900.0,54113786.0,-1.3746,0.5762,-9.137265,2.322456
2025-12-04,sh.600117,2.87,2.88,2.82,2.82,2.87,20267400.0,57580358.0,-1.7422,0.6226,-8.978079,2.281995
2025-12-05,sh.600117,2.82,3.05,2.8,2.93,2.82,62374101.0,182247556.14,3.9007,1.9162,-9.328288,2.371009
2025-12-08,sh.600117,2.93,2.93,2.87,2.9,2.93,39490100.0,114246960.0,-1.0239,1.2132,-9.232776,2.346732
2025-12-09,sh.600117,2.9,2.9,2.81,2.81,2.9,30031500.0,85309013.0,-3.1034,0.9226,-8.946242,2.273903
2025-12-10,sh.600117,2.81,2.82,2.77,2.81,2.81,20448302.0,57239657.62,0.0,0.6282,-8.946242,2.273903
2025-12-11,sh.600117,2.82,2.82,2.75,2.76,2.81,15374615.0,42605131.25,-1.7794,0.4723,-8.787056,2.233442
2025-12-12,sh.600117,2.75,2.78,2.75,2.76,2.76,13908100.0,38417182.0,0.0,0.4273,-8.787056,2.233442
2025-12-15,sh.600117,2.76,2.9,2.74,2.83,2.76,44641800.0,126807590.0,2.5362,1.3714,-9.009916,2.290087
2025-12-16,sh.600117,2.81,2.85,2.76,2.76,2.83,23870352.0,66503754.56,-2.4735,0.7333,-8.787056,2.233442
2025-12-17,sh.600117,2.75,2.76,2.71,2.75,2.76,19693700.0,53854041.18,-0.3623,0.605,-8.755219,2.22535
2025-12-18,sh.600117,2.73,2.79,2.73,2.75,2.75,16194600.0,44734231.0,0.0,0.4975,-8.755219,2.22535
2025-12-19,sh.600117,2.76,2.85,2.75,2.83,2.75,34574287.0,97324662.19,2.9091,1.0622,-9.009916,2.290087
2025-12-22,sh.600117,2.83,2.88,2.81,2.83,2.83,19443709.0,55390718.29,0.0,0.5973,-9.009916,2.290087
2025-12-23,sh.600117,2.83,2.83,2.76,2.77,2.83,22073646.0,61432612.96,-2.1201,0.6781,-8.818893,2.241534
2025-12-24,sh.600117,2.77,2.81,2.75,2.81,2.77,14116399.0,39297538.28,1.444,0.4337,-8.946242,2.273903
2025-12-25,sh.600117,2.8,2.91,2.78,2.86,2.81,32029387.0,91682367.31,1.7794,0.984,-9.105428,2.314364
2025-12-26,sh.600117,2.84,2.89,2.84,2.88,2.86,25715101.0,73792646.87,0.6993,0.79,-9.169102,2.330548
2025-12-29,sh.600117,2.86,2.89,2.85,2.88,2.88,21815208.0,62702141.5,0.0,0.6702,-9.169102,2.330548
2025-12-30,sh.600117,2.87,2.88,2.82,2.84,2.88,20111302.0,57333826.68,-1.3889,0.6178,-9.041753,2.298179
2025-12-31,sh.600117,2.84,2.85,2.8,2.84,2.84,16400410.0,46340160.1,0.0,0.5038,-9.041753,2.298179
2026-01-05,sh.600117,2.84,2.85,2.82,2.83,2.84,17399910.0,49268848.4,-0.3521,0.5345,-9.009916,2.290087
2026-01-06,sh.600117,2.83,2.89,2.82,2.89,2.83,29672515.0,85150475.2,2.1201,0.9116,-9.200939,2.33864
2026-01-07,sh.600117,2.91,2.91,2.88,2.91,2.89,30683400.0,88894136.0,0.692,0.9426,-9.264613,2.354824
2026-01-08,sh.600117,2.9,2.95,2.89,2.93,2.91,29241800.0,85603780.0,0.6873,0.8983,-9.328288,2.371009
2026-01-09,sh.600117,2.92,2.97,2.91,2.94,2.93,27879601.0,81788879.92,0.3413,0.8565,-9.360125,2.379101
2026-01-12,sh.600117,2.94,3.03,2.94,3.01,2.94,48738237.0,146376261.78,2.381,1.4973,-9.582985,2.435746
2026-01-13,sh.600117,3.01,3.02,2.94,2.95,3.01,39568147.0,117474636.53,-1.9934,1.2156,-9.391962,2.387193
2026-01-14,sh.600117,2.95,3.03,2.93,2.96,2.95,43423400.0,129058547.0,0.339,1.334,-9.423799,2.395285
2026-01-15,sh.600117,2.94,2.95,2.89,2.9,2.96,29825188.0,86823415.62,-2.027,0.9163,-9.232776,2.346732
2026-01-16,sh.600117,2.91,2.93,2.87,2.87,2.9,31476609.0,91167202.28,-1.0345,0.967,-9.137265,2.322456
2026-01-19,sh.600117,2.87,2.91,2.85,2.9,2.87,23340400.0,67391712.0,1.0453,0.717,-9.232776,2.346732
2026-01-20,sh.600117,2.88,2.92,2.84,2.88,2.9,28365400.0,81302096.0,-0.6897,0.8714,-9.169102,2.330548
2026-01-21,sh.600117,2.87,2.91,2.84,2.91,2.88,25775000.0,74346625.0,1.0417,0.7918,-9.264613,2.354824
2026-01-22,sh.600117,2.92,2.98,2.89,2.98,2.91,43200725.0,127349949.25,2.4055,1.3272,-9.487473,2.41147
2026-01-23,sh.600117,2.98,3.06,2.95,3.05,2.98,45389313.0,136695125.8,2.349,1.3944,-9.710334,2.468115
2026-01-26,sh.600117,3.05,3.06,2.97,3.01,3.05,39141610.0,117847545.55,-1.3115,1.2025,-9.582985,2.435746
2026-01-27,sh.600117,3.01,3.03,2.92,2.94,3.01,29471300.0,86827780.0,-2.3256,0.9054,-9.360125,2.379101
2026-01-28,sh.600117,2.94,3.0,2.89,2.98,2.94,29538541.0,87290419.7,1.3605,0.9075,-9.487473,2.41147
2026-01-29,sh.600117,2.98,3.03,2.96,2.99,2.98,36658890.0,109965902.1,0.3356,1.1262,-9.519311,2.419562
2026-01-30,sh.600117,3.0,3.0,2.87,2.9,2.99,41200989.0,120301257.33,-3.01,1.2657,-9.232776,2.346732
2026-02-02,sh.600117,2.93,2.94,2.75,2.76,2.9,46563600.0,131402660.0,-4.8276,1.4305,-8.787056,2.233442
2026-02-03,sh.600117,2.77,2.81,2.76,2.81,2.76,23927254.0,66731847.2,1.8116,0.7351,-8.946242,2.273903
2026-02-04,sh.600117,2.81,2.89,2.79,2.89,2.81,31375447.0,89501146.41,2.847,0.9639,-9.200939,2.33864
2026-02-05,sh.600117,2.88,2.89,2.83,2.84,2.89,18366401.0,52393300.87,-1.7301,0.5642,-9.041753,2.298179
2026-02-06,sh.600117,2.84,2.84,2.8,2.81,2.84,16879225.0,47651912.65,-1.0563,0.5185,-8.946242,2.273903
2026-02-09,sh.600117,2.83,2.9,2.82,2.88,2.81,26949800.0,77654333.0,2.4911,0.8279,-9.169102,2.330548
2026-02-10,sh.600117,2.88,2.9,2.85,2.87,2.88,16525600.0,47577346.0,-0.3472,0.5077,-9.137265,2.322456
2026-02-11,sh.600117,2.86,2.9,2.84,2.88,2.87,14338700.0,41242391.0,0.3484,0.4405,-9.169102,2.330548
2026-02-12,sh.600117,2.87,2.89,2.82,2.85,2.88,19015417.0,54256147.14,-1.0417,0.5842,-9.07359,2.306271
2026-02-13,sh.600117,2.84,2.84,2.75,2.76,2.85,34501703.0,96206382.31,-3.1579,1.0599,-8.787056,2.233442
2026-02-24,sh.600117,2.76,2.83,2.76,2.83,2.76,23252931.0,65356734.81,2.5362,0.7144,-9.009916,2.290087
2026-02-25,sh.600117,2.82,3.04,2.81,2.98,2.83,82211458.0,243871411.68,5.3004,2.5256,-9.487473,2.41147
2026-02-26,sh.600117,2.98,3.02,2.94,2.98,2.98,38997510.0,116199440.65,0.0,1.198,-9.487473,2.41147
2026-02-27,sh.600117,2.97,3.05,2.95,3.03,2.98,42148611.0,127207785.12,1.6779,1.2948,-9.646659,2.451931
2026-03-02,sh.600117,3.02,3.04,2.96,3.01,3.03,37583700.0,112633937.0,-0.6601,1.1546,-9.582985,2.435746
2026-03-03,sh.600117,3.0,3.02,2.89,2.9,3.01,37127816.0,109409256.55,-3.6545,1.1406,-9.232776,2.346732
2026-03-04,sh.600117,2.88,2.94,2.85,2.87,2.9,25998301.0,74864899.86,-1.0345,0.7987,-9.137265,2.322456
2026-03-05,sh.600117,2.88,2.93,2.86,2.89,2.87,19657137.0,56876042.19,0.6969,0.6039,-9.200939,2.33864
2026-03-06,sh.600117,2.89,2.96,2.86,2.94,2.89,24464615.0,71537569.25,1.7301,0.7516,-9.360125,2.379101
2026-03-09,sh.600117,2.91,2.93,2.86,2.93,2.94,23699300.0,68729952.0,-0.3401,0.7281,-9.328288,2.371009
2026-03-10,sh.600117,2.92,2.94,2.86,2.87,2.93,29471200.0,84950163.0,-2.0478,0.9054,-9.137265,2.322456
2026-03-11,sh.600117,2.89,2.89,2.82,2.84,2.87,31191800.0,88384266.0,-1.0453,0.9582,-9.041753,2.298179
2026-03-12,sh.600117,2.83,2.88,2.81,2.88,2.84,28238699.0,80833512.13,1.4085,0.8675,-9.169102,2.330548
2026-03-13,sh.600117,2.86,2.98,2.86,2.93,2.88,46165382.0,135643074.9,1.7361,1.4182,-9.328288,2.371009
2026-03-16,sh.600117,2.92,2.94,2.78,2.81,2.93,58209047.0,164099746.43,-4.0956,1.7882,-8.946242,2.273903
