date,code,open,high,low,close,preclose,volume,amount,pctChg,turn,peTTM,pbMRQ
2020-01-02,sh.603387,10.47518525,10.5975695,10.4343905,10.57490575,10.44798875,3066972,71284769.0,1.2148,2.3726,22.645744,4.094022
2020-01-03,sh.603387,10.588504,10.62929875,10.47518525,10.5613075,10.57490575,2290958,53358642.0,-0.1286,1.7723,22.616624,4.088758
2020-01-06,sh.603387,10.52957825,10.64742975,10.4525215,10.5431765,10.5613075,2701929,62944407.0,-0.1717,2.0902,22.577797,4.081739
2020-01-07,sh.603387,10.5069145,10.824207,10.5069145,10.787945,10.5431765,3936654,93000363.0,2.3216,3.0453,23.101959,4.1765
2020-01-08,sh.603387,10.7426175,10.8332725,10.5613075,10.606635,10.787945,2996279,70691182.0,-1.6807,2.3179,22.713691,4.106306
2020-01-09,sh.603387,10.71995375,10.824207,10.69729,10.787945,10.606635,3246769,77176721.0,1.7094,2.5117,23.101959,4.1765
2020-01-10,sh.603387,10.7970105,11.13696675,10.7970105,11.0145825,10.787945,4985177,121065179.0,2.1008,3.8565,23.587295,4.264241
2020-01-13,sh.603387,11.00098425,11.17322875,10.8876655,11.168696,11.0145825,3275302,80001522.0,1.3992,2.5337,23.917323,4.323905
2020-01-14,sh.603387,11.19135975,11.22762175,10.99191875,11.02818075,11.168696,3309594,80932624.0,-1.2581,2.5603,23.616415,4.269506
2020-01-15,sh.603387,11.005517,11.13696675,10.93752575,10.98285325,11.02818075,2265998,55098063.0,-0.411,1.7529,23.519348,4.251957
2020-01-16,sh.603387,10.9783205,11.0327135,10.8151415,10.82873975,10.98285325,3237718,77633807.0,-1.4032,2.5047,23.18932,4.192293
2020-01-17,sh.603387,10.896731,10.914862,10.7970105,10.80154325,10.82873975,2467512,59139682.0,-0.2511,1.9088,23.131079,4.181764
2020-01-20,sh.603387,10.787945,11.88033775,10.679159,11.88033775,10.80154325,11232292,280092856.0,9.9874,8.6892,25.441275,4.599414
2020-01-21,sh.603387,12.3200145,12.56025025,11.694495,11.7398225,11.88033775,18237267,489939736.0,-1.1828,14.1081,25.140368,4.545014
2020-01-22,sh.603387,11.8667395,11.98005825,11.331875,11.45425925,11.7398225,8565044,217866730.0,-2.4324,6.6258,24.528845,4.43446
2020-01-23,sh.603387,11.4497265,11.8304775,11.0871065,11.1958925,11.45425925,7380706,186757736.0,-2.2556,5.7096,23.975563,4.334434
2020-02-03,sh.603387,10.3074735,11.1958925,10.2893425,10.64742975,11.1958925,8577740,203697631.0,-4.8988,6.6356,22.801051,4.1221
2020-02-04,sh.603387,10.8695345,11.1414995,10.5613075,10.9964515,10.64742975,7661903,183141693.0,3.278,5.9272,23.548468,4.257222
2020-02-05,sh.603387,10.92846025,11.821412,10.7970105,11.730757,10.9964515,10488827,263040053.0,6.6777,8.114,25.120954,4.541505
2020-02-06,sh.603387,11.5585125,12.854879,11.51771775,12.6645035,11.730757,15005625,411865054.0,7.9598,11.6082,27.120535,4.903
2020-02-07,sh.603387,12.51039,12.582914,11.89846875,11.9936565,12.6645035,10866971,292552891.0,-5.2971,8.4066,25.683943,4.643285
2020-02-10,sh.603387,12.35174375,12.365342,11.640102,11.839543,11.9936565,7508308,197252779.0,-1.285,5.8083,25.353915,4.58362
2020-02-11,sh.603387,11.87127225,11.98912375,11.621971,11.857674,11.839543,5139238,133607516.0,0.1531,3.9757,25.392742,4.59064
2020-02-12,sh.603387,11.85314125,12.184032,11.730757,11.893936,11.857674,4776814,125507532.0,0.3058,3.6953,25.470396,4.604678
2020-02-13,sh.603387,13.0815165,13.0815165,13.0815165,13.0815165,11.893936,3078179,88836246.0,9.9848,2.3812,22.204939,5.064444
2020-02-14,sh.603387,14.39148125,14.39148125,14.39148125,14.39148125,13.0815165,1015946,32256286.0,10.0139,0.7859,24.428511,5.571591
2020-02-17,sh.603387,15.83289575,15.83289575,15.27990025,15.83289575,14.39148125,29864875,1037442425.0,10.0157,23.1031,26.875209,6.129627
2020-02-18,sh.603387,16.6895855,17.4148255,16.29523625,17.4148255,15.83289575,20609054,771227183.0,9.9914,15.9429,29.560421,6.742064
2020-02-19,sh.603387,17.67319225,17.67319225,16.1819175,16.1819175,17.4148255,25624063,945524788.0,-7.0796,19.8225,29.560421,6.742064
2020-02-20,sh.603387,16.4538825,16.8890265,16.082197,16.553603,16.1819175,17067935,620374208.0,2.2969,13.2036,28.098558,6.408645
2020-02-21,sh.603387,16.354162,17.33776875,16.0912625,16.83916625,16.553603,13880969,514844192.0,1.7251,10.7382,28.583281,6.5192
2020-02-24,sh.603387,17.188188,18.10833625,17.188188,17.70038875,16.83916625,13596357,528978476.0,5.1144,10.518,30.045145,6.852618
2020-02-25,sh.603387,17.4510875,18.076607,16.952485,17.677725,17.70038875,11958456,462297668.0,-0.128,9.2509,30.006674,6.843844
2020-02-26,sh.603387,17.32870325,17.49188225,16.49921,16.71224925,17.677725,10157508,378603930.0,-5.4615,7.8577,28.367848,6.470065
2020-02-27,sh.603387,16.716782,17.2153845,16.32243275,17.02047625,16.71224925,7966873,296884918.0,1.8443,6.1631,28.891042,6.589393
2020-02-28,sh.603387,16.5445375,17.20178625,15.864625,15.864625,17.02047625,9951423,359890098.0,-6.7909,7.6983,26.929067,6.141911
2020-03-02,sh.603387,16.24990875,16.73944575,16.045935,16.52187375,15.864625,7090850,257548029.0,4.1429,5.4854,28.0447,6.396362
2020-03-03,sh.603387,16.771175,17.5780045,16.75757675,16.99327975,16.52187375,9518715,359798137.0,2.8532,7.3636,28.844878,6.578864
2020-03-04,sh.603387,16.7258475,16.83916625,16.3269655,16.626127,16.99327975,5974568,218273680.0,-2.1606,4.6219,28.221662,6.436723
2020-03-05,sh.603387,16.9615505,17.2697775,16.5807995,16.6714545,16.626127,6571087,244227746.0,0.2726,5.0833,28.298602,6.454271
2020-03-06,sh.603387,16.227245,17.133795,16.19551575,16.62159425,16.6714545,6532251,241274171.0,-0.2991,5.0533,28.213968,6.434968
2020-03-09,sh.603387,16.59439775,17.2153845,16.46748075,16.70318375,16.62159425,10384982,386406913.0,0.4909,8.0337,28.35246,6.466555
2020-03-10,sh.603387,16.5445375,16.68052,15.03513175,16.5626685,16.70318375,9425308,334950479.0,-0.8412,7.2913,28.113946,6.412155
2020-03-11,sh.603387,16.4538825,17.11113125,16.3813585,16.6895855,16.5626685,8543869,316282827.0,0.7663,6.6094,28.329378,6.46129
2020-03-12,sh.603387,16.49921,16.97514875,15.77397,15.79663375,16.6895855,8553919,307211969.0,-5.3504,6.6172,26.813657,6.115589
2020-03-13,sh.603387,14.86742,15.41588275,14.776765,15.157516,15.79663375,7799762,260084015.0,-4.0459,6.0338,25.7288,5.868157
2020-03-16,sh.603387,15.3660225,15.5473325,14.3144245,14.4050795,15.157516,6404550,210928834.0,-4.9641,4.9298,24.451593,5.576855
2020-03-17,sh.603387,14.48213625,14.6407825,13.6254465,14.105918,14.4050795,6465332,202340226.0,-2.0768,4.9766,23.943787,5.461036
2020-03-18,sh.603387,14.68611,15.338826,14.45493975,14.468538,14.105918,8205900,268753938.0,2.5707,6.3164,24.559309,5.601423
2020-03-19,sh.603387,14.8220925,14.86742,13.88381325,14.359752,14.468538,6531708,206727976.0,-0.7519,5.0277,24.374652,5.559307
2020-03-20,sh.603387,14.66344625,15.012468,14.19204025,14.849289,14.359752,4877251,156642449.0,3.4091,3.7542,25.205607,5.748829
2020-03-23,sh.603387,14.522931,15.29803125,14.450407,14.7495685,14.849289,6842387,223603918.0,-0.6715,5.2669,25.036338,5.710222
2020-03-24,sh.603387,14.813027,14.903682,13.59825,14.14218,14.7495685,10398005,327866084.0,-4.118,8.0038,23.916772,4.999383
2020-03-25,sh.603387,14.30082625,15.2572365,14.250966,14.9671405,14.14218,10282180,338132005.0,5.8333,7.9146,25.311917,5.291014
2020-03-26,sh.603387,14.958075,15.66971675,14.86742,15.556398,14.9671405,9201646,312055609.0,3.937,7.0829,26.308449,5.499322
2020-03-27,sh.603387,15.937149,15.95528,15.07139375,15.18017975,15.556398,7560837,255548605.0,-2.4184,5.8199,25.672202,5.366325
2020-03-30,sh.603387,15.1847125,15.41135,14.76316675,14.81755975,15.18017975,5780975,191894563.0,-2.3888,4.4499,25.058951,5.238136
2020-03-31,sh.603387,14.9127475,14.95354225,14.32802275,14.450407,14.81755975,6410244,206499937.0,-2.4778,4.9342,24.438035,5.108344
2020-04-01,sh.603387,14.61811875,14.69970825,14.2600315,14.341621,14.450407,4932292,157684747.0,-0.7528,3.7966,24.25406,5.069888
2020-04-02,sh.603387,14.20110575,14.5682585,14.10138525,14.5682585,14.341621,4006844,127011571.0,1.5803,3.0842,24.637341,5.150006
2020-04-03,sh.603387,14.5682585,14.794896,14.269097,14.43680875,14.5682585,4516301,144531478.0,-0.9023,3.4764,24.415038,5.103537
2020-04-07,sh.603387,14.613586,14.8583545,14.43680875,14.80849425,14.43680875,6704937,217241155.0,2.5746,5.1611,25.04362,5.234931
2020-04-08,sh.603387,14.849289,14.885551,14.5138655,14.61811875,14.80849425,4586365,148257018.0,-1.2856,3.5303,24.721663,5.167632
2020-04-09,sh.603387,14.6407825,15.175647,14.3688175,15.04419725,14.61811875,8538582,278771260.0,2.9147,6.5725,25.442233,5.318254
2020-04-10,sh.603387,14.96260775,14.96260775,14.30082625,14.414145,15.04419725,7035286,226275504.0,-4.188,5.4153,24.37671,5.095525
2020-04-13,sh.603387,14.43680875,14.43680875,13.82942025,14.1693765,14.414145,5473844,169959355.0,-1.6981,4.2134,23.962766,5.008998
2020-04-14,sh.603387,14.22830225,14.34615375,13.906477,14.305359,14.1693765,3791695,118676152.0,0.9597,2.9186,24.192735,5.057069
2020-04-15,sh.603387,14.38241575,15.737708,14.25549875,15.737708,14.305359,17870644,598191892.0,10.0127,13.7558,26.615074,5.563416
2020-04-16,sh.603387,15.34335875,16.52187375,15.2572365,16.2363105,15.737708,20382413,721129590.0,3.1682,15.6892,27.458294,5.739677
2020-04-17,sh.603387,16.40402225,16.9071575,15.93261625,16.24084325,16.2363105,15660846,565288095.0,0.0279,12.0548,27.465959,5.741279
2020-04-20,sh.603387,16.52187375,17.86356775,16.24084325,17.41029275,16.24084325,17602266,665290231.0,7.2007,13.5492,29.443693,6.15469
2020-04-21,sh.603387,17.39216175,17.81824025,16.5445375,17.54627525,17.41029275,14042872,530389466.0,0.781,10.8094,29.673661,6.202761
2020-04-22,sh.603387,17.34683425,17.6323975,16.96608325,17.51907875,17.54627525,10327375,393874728.0,-0.155,7.9494,29.627668,6.193146
2020-04-23,sh.603387,18.4301615,18.8109125,15.76943725,16.86183,17.51907875,17314691,670715325.0,-3.7516,13.3278,28.516151,5.960803
2020-04-24,sh.603387,16.952485,17.02047625,15.7830355,16.009673,16.86183,10292743,371432116.0,-5.0538,7.9227,27.075012,5.659558
2020-04-27,sh.603387,15.864625,16.06859875,15.40681725,15.665184,16.009673,8566945,297907041.0,-2.1518,6.5943,26.492424,5.537778
2020-04-28,sh.603387,15.864625,15.95528,14.88101825,15.17111425,15.665184,7532439,255197409.0,-3.1539,5.798,25.65687,5.363121
2020-04-29,sh.603387,15.4385465,15.67878225,15.1121885,15.2391055,15.17111425,5832289,198035982.0,0.4482,4.4894,25.771855,5.387156
2020-04-30,sh.603387,13.77956,14.414145,13.77956,14.16484375,15.2391055,14863906,463415701.0,-7.0494,11.4414,27.312332,4.875741
2020-05-06,sh.603387,14.16484375,14.269097,13.89287875,14.2419005,14.16484375,6597220,204688030.0,0.544,5.0781,27.460911,4.902265
2020-05-07,sh.603387,14.27362975,14.27362975,13.90194425,13.98353375,14.2419005,5933172,183596920.0,-1.8141,4.567,26.962734,4.813332
2020-05-08,sh.603387,14.1718378,14.1718378,13.868746,13.9973304,13.9835535,4861048,148462724.0,0.0985,3.7417,26.639356,4.755603
2020-05-11,sh.603387,14.006515,14.2039839,13.7906769,13.8962998,13.9973304,4402036,133613466.0,-0.7218,3.3884,26.447077,4.721278
2020-05-12,sh.603387,13.9559997,14.2590915,13.8274153,14.1534686,13.8962998,5731548,175881901.0,1.8506,4.4118,26.936514,4.808651
2020-05-13,sh.603387,14.052438,14.1259148,13.8825229,14.006515,14.1534686,4339827,132180986.0,-1.0383,3.3405,26.656836,4.758723
2020-05-14,sh.603387,13.960592,13.960592,13.7447539,13.8871152,14.006515,4428871,133586622.0,-0.8525,3.4091,26.429597,4.718157
2020-05-15,sh.603387,13.8962998,13.960592,13.4187006,13.5518773,13.8871152,7148874,212520225.0,-2.414,5.5028,25.791581,4.60426
2020-05-18,sh.603387,13.5610619,13.9835535,13.2120471,13.730977,13.5518773,5811938,172269864.0,1.3216,4.4737,26.132439,4.665109
2020-05-19,sh.603387,13.4829928,13.6483156,13.1890856,13.2304163,13.730977,7132395,206413861.0,-3.6455,5.4901,25.179785,4.495043
2020-05-20,sh.603387,13.225824,13.3590007,13.0008013,13.3038931,13.2304163,3763208,107906925.0,0.5554,2.8967,25.319624,4.520007
2020-05-21,sh.603387,13.4187006,14.1213225,13.3038931,13.6712771,13.3038931,8208755,247391176.0,2.7615,6.3186,26.01882,4.644826
2020-05-22,sh.603387,13.6758694,13.868746,13.547285,13.7860846,13.6712771,5002706,149308441.0,0.8398,3.8508,26.237318,4.683832
2020-05-25,sh.603387,13.7217924,13.7217924,13.1936779,13.3268546,13.7860846,4273390,124793557.0,-3.3311,3.2894,25.363324,4.527808
2020-05-26,sh.603387,13.4784005,13.9697766,13.3498161,13.9330382,13.3268546,5255673,157632635.0,4.5486,4.0455,26.516997,4.733759
2020-05-27,sh.603387,14.0156996,14.0156996,13.547285,13.6758694,13.9330382,3893465,116321701.0,-1.8457,2.997,26.02756,4.646386
2020-05-28,sh.603387,13.6620925,13.6758694,13.2166394,13.3773699,13.6758694,3084003,90204924.0,-2.1827,2.3739,25.459463,4.544971
2020-05-29,sh.603387,13.31767,13.8274153,13.2396009,13.639131,13.3773699,3051046,90761177.0,1.9568,2.3485,25.95764,4.633904
2020-06-01,sh.603387,13.6896463,14.0478457,13.6345387,13.9008921,13.639131,4672352,141430875.0,1.9192,3.5965,26.455817,4.722838
2020-06-02,sh.603387,13.914669,13.9468151,13.5381004,13.5702465,13.9008921,5616171,166838230.0,-2.3786,4.323,25.826541,4.610501
2020-06-03,sh.603387,13.639131,13.960592,13.5886157,13.8365999,13.5702465,5239446,157969393.0,1.9628,4.033,26.333458,4.700995
2020-06-04,sh.603387,13.8641537,14.6264755,13.7126078,14.419822,13.8365999,9959879,311332598.0,4.2151,7.6665,27.443431,4.899145
2020-06-05,sh.603387,14.4106374,14.6356601,14.190207,14.5805525,14.419822,5935518,186395670.0,1.1147,4.5688,27.749329,4.953753
2020-06-08,sh.603387,14.5805525,15.1362208,14.5070757,14.5805525,14.5805525,6379724,205769533.0,0.0,4.9107,27.749329,4.953753
2020-06-09,sh.603387,14.6448447,15.5357509,14.3968605,15.2739898,14.5805525,7811384,255887973.0,4.7559,6.0127,29.069061,5.189349
2020-06-10,sh.603387,15.2739898,15.981204,15.1591823,15.9306887,15.2739898,9846730,336434833.0,4.2995,7.5794,30.318873,5.412463
2020-06-11,sh.603387,15.751589,16.0087578,15.3061359,15.476051,15.9306887,7817939,266439173.0,-2.8538,6.0178,29.453618,5.257999
2020-06-12,sh.603387,15.200513,15.7791428,15.1637746,15.61382,15.476051,7160954,242251988.0,0.8902,5.5121,29.715817,5.304806
2020-06-15,sh.603387,15.843435,16.5690184,15.843435,16.5690184,15.61382,11472815,408879713.0,6.1177,8.8311,31.533726,5.629336
2020-06-16,sh.603387,16.3715495,16.7067874,16.1465268,16.6011645,16.5690184,8455757,302735216.0,0.194,6.5087,31.594905,5.640257
2020-06-17,sh.603387,16.3761418,16.9501793,16.3118496,16.4496186,16.6011645,7021089,253435898.0,-0.9129,5.4044,31.306487,5.588769
2020-06-18,sh.603387,16.53228,16.6011645,15.797512,15.9857963,16.4496186,8846878,309432231.0,-2.8196,6.8098,30.423752,5.431185
2020-06-19,sh.603387,16.0087578,16.9731408,15.8112889,16.807818,15.9857963,9584860,345353834.0,5.1422,7.3779,31.988203,5.710468
2020-06-22,sh.603387,16.807818,17.3956324,16.6838259,17.0282484,16.807818,8946769,332661857.0,1.3115,6.8867,32.40772,5.785359
2020-06-23,sh.603387,17.0282484,18.6079996,16.8858871,18.139585,17.0282484,12317982,482697388.0,6.5264,9.4817,34.51759,6.162009
2020-06-24,sh.603387,18.2268387,18.690661,18.001816,18.5942227,18.139585,9402306,376729411.0,2.5063,7.2373,35.382714,6.316449
2020-06-29,sh.603387,18.3646077,19.0488604,18.2911309,18.6722918,18.5942227,6228149,253460087.0,0.4199,4.7941,35.531271,6.342969
2020-06-30,sh.603387,18.920276,18.920276,18.2865386,18.5023767,18.6722918,5380518,217668487.0,-0.91,4.1416,35.207942,6.285249
2020-07-01,sh.603387,18.5896304,18.9937528,18.0982543,18.5115613,18.5023767,6423130,259539905.0,0.0496,4.9441,35.225419,6.288369
2020-07-02,sh.603387,18.6998456,18.7962839,17.9053777,18.1441773,18.5115613,9166452,364918489.0,-1.9846,7.0558,34.526328,6.163569
2020-07-03,sh.603387,18.001816,18.3600154,17.7308703,18.2911309,18.1441773,8473976,332802108.0,0.8099,6.5228,34.805965,6.213489
2020-07-06,sh.603387,18.6217765,18.9937528,18.1946926,18.6309611,18.2911309,7202397,291014989.0,1.8579,5.544,35.452623,6.328929
2020-07-07,sh.603387,18.4702306,19.058045,18.001816,18.6079996,18.6309611,7068769,286453332.0,-0.1232,5.4411,35.40893,6.321129
2020-07-08,sh.603387,18.9064991,19.74689,18.5850381,18.7733224,18.6079996,8972954,370550103.0,0.8885,6.9068,35.723521,6.377289
2020-07-09,sh.603387,18.7182148,19.884659,18.506969,19.6320825,18.7733224,8973779,379129172.0,4.5744,6.9075,37.357645,6.66901
2020-07-10,sh.603387,19.6780055,21.3220489,19.6366748,20.6056501,19.6320825,9529303,422661735.0,4.9591,7.3351,39.210234,6.99973
2020-07-13,sh.603387,20.711273,21.1153954,20.114274,20.3347044,20.6056501,9339275,414039024.0,-1.3149,7.1888,38.694655,6.90769
2020-07-14,sh.603387,20.1280509,20.4311427,18.8238377,19.3152138,20.3347044,10346213,439099627.0,-5.0135,7.9639,36.754679,6.561369
2020-07-15,sh.603387,19.3565445,20.4586965,19.103968,19.3703214,19.3152138,8720737,375753454.0,0.2853,6.7127,36.859543,6.580089
2020-07-16,sh.603387,19.517275,19.609121,17.8916008,17.9696699,19.3703214,7405609,300587998.0,-7.2309,5.7004,34.19426,6.104289
2020-07-17,sh.603387,18.0339621,19.7377054,17.7079088,18.6355534,17.9696699,6196108,251474430.0,3.7056,2.3858,35.461362,6.330489
2020-07-20,sh.603387,18.8008762,18.9707913,17.7170934,18.2957232,18.6355534,6204730,245660750.0,-1.8236,2.3892,34.814703,6.215049
2020-07-21,sh.603387,18.2222464,18.782507,18.0890697,18.5482997,18.2957232,4452608,179275381.11,1.3805,1.7145,35.295328,6.300849
2020-07-22,sh.603387,18.3967538,19.0350835,18.3783846,18.966199,18.5482997,5191917,213142522.51,2.253,1.9992,36.090543,6.442809
2020-07-23,sh.603387,18.82843,19.3611368,18.3692,19.2463293,18.966199,5742023,237003002.64,1.477,2.211,36.6236,6.537969
2020-07-24,sh.603387,19.517275,19.6963747,17.6252474,17.634432,19.2463293,8144699,327282352.34,-8.3751,3.1362,33.55634,5.990409
2020-07-27,sh.603387,17.5563629,18.0247775,17.1338713,17.5242168,17.634432,5407620,206310071.43,-0.625,2.0822,33.346613,5.952969
2020-07-28,sh.603387,17.6849473,17.6987242,17.1568328,17.5334014,17.5242168,3543376,134473934.42,0.0524,1.3644,33.364091,5.956089
2020-07-29,sh.603387,17.5379937,18.9110914,17.4553323,18.82843,17.5334014,6937167,277702866.41,7.3861,2.6712,35.828384,6.396009
2020-07-30,sh.603387,18.8376146,19.2830677,18.5345228,18.6585149,18.82843,5652768,232428179.73,-0.9024,2.1766,35.505055,6.338289
2020-07-31,sh.603387,18.6585149,19.0167143,18.1533619,18.6493303,18.6585149,4861843,197051419.45,-0.0492,1.8721,35.487578,6.335169
2020-08-03,sh.603387,18.82843,19.2601062,18.5574843,18.8973145,18.6493303,5022736,206368457.44,1.3297,1.934,35.959464,6.419409
2020-08-04,sh.603387,18.920276,19.3381753,18.3692,18.7090302,18.8973145,6468261,266675517.32,-0.9964,2.4906,35.60118,6.355449
2020-08-05,sh.603387,18.82843,19.3703214,18.5299305,19.1820371,18.7090302,5757528,238454903.6,2.5282,2.217,36.501259,6.516129
2020-08-06,sh.603387,19.1866294,19.1912217,18.5942227,18.8054685,19.1820371,5855188,239578420.59,-1.9631,2.2546,35.784691,6.388209
2020-08-07,sh.603387,18.82843,19.471352,18.0615159,18.3049078,18.8054685,5466972,222761487.56,-2.6618,2.1051,34.83218,6.218169
2020-08-10,sh.603387,18.3692,18.5574843,17.8273086,18.3646077,18.3049078,4360139,172933248.57,0.3261,1.6789,34.945783,6.238449
2020-08-11,sh.603387,18.277354,18.506969,17.9604853,18.0293698,18.3646077,3699588,146319300.15,-1.8255,1.4245,34.307863,6.124569
2020-08-12,sh.603387,18.0201852,18.0201852,17.0649868,17.45074,18.0293698,3989796,151592841.77,-3.2094,1.5363,33.206795,5.928009
2020-08-13,sh.603387,17.4599246,17.6711704,17.2808249,17.4553323,17.45074,2300102,87571888.54,0.0263,0.8857,33.215534,5.929569
2020-08-14,sh.603387,17.4599246,17.5150322,16.945587,17.221125,17.4553323,2947067,110510241.93,-1.3418,1.1348,32.769864,5.850008
2020-08-17,sh.603387,17.312971,17.3864478,16.8767025,17.2624557,17.221125,4717631,176367678.48,0.24,1.8166,32.848511,5.864048
2020-08-18,sh.603387,17.3910401,17.6252474,17.0420253,17.1889789,17.2624557,3767829,141744871.78,-0.4256,1.4508,32.708693,5.839088
2020-08-19,sh.603387,17.1246867,17.1889789,16.7940411,16.8353718,17.1889789,2752939,101552197.16,-2.0572,1.06,32.035819,5.718968
2020-08-20,sh.603387,16.8399641,17.0512099,16.5276877,16.5552415,16.8353718,2990535,108767217.5,-1.6639,1.1515,31.502762,5.623808
2020-08-21,sh.603387,16.5736107,17.1246867,16.5736107,16.8583333,16.5552415,3311460,122126029.84,1.8308,1.2751,32.079512,5.726768
2020-08-24,sh.603387,17.0282484,17.0971329,16.5873876,16.8445564,16.8583333,3006570,110291050.84,-0.0817,1.1577,32.053296,5.722088
2020-08-25,sh.603387,16.853741,17.0558022,16.6287183,16.7573027,16.8445564,2541504,93302188.18,-0.518,0.9786,31.887262,5.692448
2020-08-26,sh.603387,16.7389335,16.9731408,16.53228,16.5919799,16.7573027,2753613,100384724.78,-0.9866,1.0603,31.572671,5.636288
2020-08-27,sh.603387,16.5230954,16.7573027,15.4576818,16.5690184,16.5919799,6960912,245992098.41,-0.1384,2.6803,33.33722,5.77083
2020-08-28,sh.603387,16.4909493,17.2946018,16.4174725,17.2624557,16.5690184,5174747,191567272.13,4.1851,1.9926,34.732431,6.012348
2020-08-31,sh.603387,17.1843866,18.690661,17.0879483,18.1258081,17.2624557,8815679,346585220.12,5.0013,3.3945,36.469514,6.313045
2020-09-01,sh.603387,18.3646077,18.6631072,17.90997,18.3783846,18.1258081,4868158,195353983.26,1.3935,1.8745,36.977704,6.401015
2020-09-02,sh.603387,18.3967538,18.506969,17.9145623,18.047739,18.3783846,4663048,183806625.02,-1.7991,1.7955,36.312438,6.285854
2020-09-03,sh.603387,17.8043471,18.6539226,17.8043471,18.3875692,18.047739,3651916,146353840.68,1.883,1.4062,36.996183,6.404214
2020-09-04,sh.603387,18.2819463,18.8789453,18.1304004,18.7411763,18.3875692,5258465,212970708.12,1.9231,2.0248,37.707648,6.527372
2020-09-07,sh.603387,18.7090302,19.2187755,18.1349927,18.231431,18.7411763,5223884,212237445.1,-2.7199,2.0115,36.68203,6.349832
2020-09-08,sh.603387,18.323277,18.5207459,17.90997,18.0982543,18.231431,3065869,121297589.13,-0.7305,1.1805,36.414076,6.303448
2020-09-09,sh.603387,17.9788545,18.0890697,16.761895,17.1109098,18.0982543,4776316,180548725.47,-5.4555,1.8391,34.427517,5.959566
2020-09-10,sh.603387,17.1797943,17.4461477,16.2062267,16.2383728,17.1109098,4165317,151554172.31,-5.0993,1.6039,32.671954,5.655669
2020-09-11,sh.603387,16.302665,16.7389335,16.256742,16.4909493,16.2383728,2690790,96366015.99,1.5554,1.0361,33.180144,5.743639
2020-09-14,sh.603387,16.4771724,16.7573027,15.8526196,16.0179424,16.4909493,3732795,132067050.26,-2.8683,1.4373,32.228443,5.578896
2020-09-15,sh.603387,16.0960115,17.037433,15.9490579,16.9042563,16.0179424,3446488,124046030.57,5.5333,1.3271,34.011726,5.88759
2020-09-16,sh.603387,16.9042563,17.129279,16.7297489,16.9318101,16.9042563,2715640,100029061.89,0.163,1.0457,34.067165,5.897187
2020-09-17,sh.603387,16.9364024,17.3359325,16.7894488,16.9593639,16.9318101,2733444,101348754.92,0.1627,1.0525,34.122604,5.906784
2020-09-18,sh.603387,16.8675179,17.0558022,16.624126,16.945587,16.9593639,3716508,136627365.73,-0.0812,1.4311,34.094884,5.901985
2020-09-21,sh.603387,16.945587,17.1706097,16.7251566,16.7297489,16.945587,3539155,130107229.14,-1.2737,1.3628,33.660613,5.826811
2020-09-22,sh.603387,16.5414646,17.4874784,16.5414646,17.083356,16.7297489,3994733,149039252.08,2.1136,1.5382,34.372079,5.949969
2020-09-23,sh.603387,17.1338713,17.5150322,16.8170026,17.4277785,17.083356,3127348,117445129.44,2.0161,1.2042,35.065064,6.069928
2020-09-24,sh.603387,17.3221556,17.4691092,16.9318101,16.9731408,17.4277785,2111371,78693871.03,-2.6087,0.813,34.150323,5.911582
2020-09-25,sh.603387,17.0420253,17.2165327,16.6516798,16.7251566,16.9731408,2292790,84263450.14,-1.461,0.8829,33.651374,5.825212
2020-09-28,sh.603387,16.6884182,16.853741,16.2613343,16.2980727,16.7251566,2562962,92109796.16,-2.5535,0.9869,32.792072,5.676462
2020-09-29,sh.603387,16.4817647,17.0603945,16.0914192,16.9685485,16.2980727,3266936,119152994.15,4.1138,1.258,34.141083,5.909983
2020-09-30,sh.603387,16.899664,17.1614251,16.7435258,16.853741,16.9685485,2639217,97390647.98,-0.6766,1.0162,33.910088,5.869996
2020-10-09,sh.603387,17.2027558,17.5747321,17.2027558,17.4369631,16.853741,2787685,105702701.62,3.4605,1.0734,35.083544,6.073127
2020-10-12,sh.603387,17.6022859,17.818124,17.45074,17.726278,17.4369631,3975422,152338782.93,1.6592,1.5308,35.665651,6.173893
2020-10-13,sh.603387,17.864047,18.2268387,17.6573935,17.7216857,17.726278,3186464,123845914.81,-0.0259,1.227,35.656412,6.172293
2020-10-14,sh.603387,17.8916008,19.058045,17.6573935,18.8973145,17.7216857,9173389,369700971.49,6.6338,3.5323,38.021802,6.581753
2020-10-15,sh.603387,18.966199,19.3703214,18.8146531,19.058045,18.8973145,7203114,298745850.91,0.8505,2.7736,38.345195,6.637734
2020-10-16,sh.603387,19.1866294,19.425429,18.8054685,18.9156837,19.058045,5146173,213789469.82,-0.747,1.9816,38.058761,6.588151
2020-10-19,sh.603387,19.1269295,19.149891,18.5345228,18.5666689,18.9156837,4503793,184566083.33,-1.8451,1.7342,37.356536,6.466593
2020-10-20,sh.603387,18.598815,18.6355534,18.3003155,18.6034073,18.5666689,2978963,119850390.48,0.1979,1.1471,37.430454,6.479388
2020-10-21,sh.603387,18.4794152,18.9340529,18.2681694,18.6263688,18.6034073,4921119,198996709.66,0.1234,1.8949,37.476653,6.487386
2020-10-22,sh.603387,18.552892,19.3519522,18.2865386,19.2371447,18.6263688,7862457,322178899.02,3.2791,3.0275,38.705548,6.700113
2020-10-23,sh.603387,19.28766,19.7285208,18.7916916,19.0672296,19.2371447,6706960,281958284.25,-0.8833,2.5826,38.363675,6.640933
2020-10-26,sh.603387,19.058045,19.2325524,18.8330223,19.0764142,19.0672296,4337397,179531664.78,0.0482,1.6701,38.382154,6.644132
2020-10-27,sh.603387,19.0718219,19.8433283,18.8973145,19.8433283,19.0764142,8038388,341877115.2,4.0202,3.0952,39.925202,6.911241
2020-10-28,sh.603387,20.757196,21.1153954,18.3692,18.736584,19.8433283,14803322,621469439.1,-5.5774,5.7001,31.432562,6.141327
2020-10-29,sh.603387,18.047739,18.461046,17.588509,18.1441773,18.736584,8138887,319080243.22,-3.1618,3.1339,30.438739,5.947153
2020-10-30,sh.603387,18.1304004,18.2727617,17.5609552,17.680355,18.1441773,5160324,201034542.9,-2.5563,1.987,29.660629,5.795125
2020-11-02,sh.603387,17.8548624,17.8732316,16.8812948,17.1706097,17.680355,7143230,267234704.27,-2.8831,2.7505,28.805478,5.628045
2020-11-03,sh.603387,17.221125,17.5242168,17.037433,17.45074,17.1706097,2951168,111248188.17,1.6315,1.1364,29.275426,5.719864
2020-11-04,sh.603387,17.45074,17.6711704,17.2991941,17.45074,17.45074,2241277,85220369.06,0.0,0.863,29.275426,5.719864
2020-11-05,sh.603387,17.634432,17.7079088,16.9869177,17.45074,17.45074,5072357,191490446.48,0.0,1.9531,29.275426,5.719864
2020-11-06,sh.603387,17.45074,17.5379937,16.5460569,16.7251566,17.45074,5247924,192834631.82,-4.1579,2.0207,28.058184,5.482038
2020-11-09,sh.603387,16.6195337,17.0741714,16.53228,16.807818,16.7251566,4954011,181875270.99,0.4942,1.9076,28.196857,5.509132
2020-11-10,sh.603387,16.9409947,17.037433,16.578203,16.8491487,16.807818,2981128,109009548.49,0.2459,1.1479,28.266194,5.522679
2020-11-11,sh.603387,16.6792336,16.8215949,16.0776423,16.2888881,16.8491487,3738319,133258042.44,-3.3252,1.4395,27.326299,5.339041
2020-11-12,sh.603387,16.348588,16.4633955,16.1740806,16.2475574,16.2888881,1596079,56604852.2,-0.2537,0.6146,27.256962,5.325494
2020-11-13,sh.603387,16.3256265,16.6516798,16.0960115,16.5276877,16.2475574,1744160,62326140.31,1.7241,0.6716,27.72691,5.417313
2020-11-16,sh.603387,16.5276877,16.6424952,16.3256265,16.5827953,16.5276877,1865639,66972615.17,0.3334,0.7184,27.819358,5.435376
2020-11-17,sh.603387,16.6470875,16.6976028,16.302665,16.4955416,16.5827953,1780560,63970698.56,-0.5262,0.6856,27.672981,5.406776
2020-11-18,sh.603387,16.53228,16.6103491,16.3899187,16.5139108,16.4955416,1296110,46649935.82,0.1114,0.4991,27.703798,5.412797
2020-11-19,sh.603387,16.4909493,16.6608644,16.394511,16.5368723,16.5139108,1378673,49623420.13,0.139,0.5309,27.742318,5.420323
2020-11-20,sh.603387,16.5414646,16.9226255,16.4909493,16.7021951,16.5368723,1870869,68200436.45,0.9997,0.7204,28.019664,5.474511
2020-11-23,sh.603387,16.7021951,16.9777331,16.624126,16.9226255,16.7021951,1993866,73207021.17,1.3198,0.7677,28.389459,5.546762
2020-11-24,sh.603387,16.853741,16.8858871,15.981204,15.981204,16.9226255,4622236,164256103.84,-5.5631,1.7798,26.810127,5.238191
2020-11-25,sh.603387,16.027127,16.0409039,15.1362208,15.2234745,15.981204,5629183,188149714.24,-4.7414,2.1676,25.538957,4.989828
2020-11-26,sh.603387,15.0994824,15.2234745,14.7963906,15.016821,15.2234745,2551882,83163599.68,-1.3575,0.9826,25.192274,4.922093
2020-11-27,sh.603387,15.0765209,15.2648052,14.970898,15.0811132,15.016821,2690042,88510802.43,0.4281,1.0358,25.300131,4.943166
2020-11-30,sh.603387,15.0811132,15.1040747,14.7275061,14.9157904,15.0811132,1907040,62015341.54,-1.0962,0.7343,25.022785,4.888978
2020-12-01,sh.603387,14.8652751,15.2418437,14.8560905,15.1729592,14.9157904,1912829,63053284.56,1.7241,0.7365,25.454212,4.973271
2020-12-02,sh.603387,15.1729592,15.3612435,15.0351902,15.0351902,15.1729592,1835446,60642055.41,-0.908,0.7067,25.22309,4.928114
2020-12-03,sh.603387,15.1040747,15.3107282,14.970898,15.0765209,15.0351902,3122999,102901224.99,0.2749,1.2025,25.292427,4.941661
2020-12-04,sh.603387,14.9754903,15.0902978,14.8974212,14.9800826,15.0765209,2763147,90016620.89,-0.6397,1.064,25.130642,4.910051
2020-12-07,sh.603387,14.9800826,15.1316285,14.5989217,14.649437,14.9800826,3654183,117753875.2,-2.2072,1.4071,24.575949,4.801675
2020-12-08,sh.603387,14.649437,14.8377213,14.5805525,14.7642445,14.649437,1952444,62632518.04,0.7837,0.7518,24.768551,4.839306
2020-12-09,sh.603387,14.7917983,14.8560905,14.3187914,14.4290066,14.7642445,2831808,89700854.85,-2.2706,1.0904,24.206155,4.729424
2020-12-10,sh.603387,14.4290066,14.5759602,14.2912376,14.4244143,14.4290066,2722792,85479844.34,-0.0318,1.0484,24.198451,4.727919
2020-12-11,sh.603387,14.373899,14.511668,14.0248842,14.2131685,14.4244143,3586097,111199832.2,-1.4645,1.3808,23.844064,4.658678
2020-12-14,sh.603387,14.23613,14.4152297,14.0662149,14.3463452,14.2131685,3042081,94546670.82,0.937,1.1714,24.067482,4.70233
2020-12-15,sh.603387,14.3463452,14.7504676,14.1993916,14.557591,14.3463452,2591599,82059368.76,1.4725,0.9979,24.421868,4.77157
2020-12-16,sh.603387,14.5392218,14.8606828,14.4703373,14.787206,14.557591,2569366,82184025.27,1.5773,0.9893,24.807071,4.846832
2020-12-17,sh.603387,14.741283,14.8514982,14.5346295,14.7275061,14.787206,2007344,64263058.33,-0.4037,0.7729,24.706919,4.827264
2020-12-18,sh.603387,14.7137292,15.0397825,14.6999523,14.9341596,14.7275061,2934350,95054349.84,1.4032,1.1299,25.053601,4.894999
2020-12-21,sh.603387,15.0076364,15.1499977,14.7780214,14.9387519,14.9341596,2329780,75999549.2,0.0308,0.8971,25.061305,4.896504
2020-12-22,sh.603387,14.9479365,15.4668664,14.9479365,15.0857055,14.9387519,3562767,118284601.74,0.9837,1.3719,25.307835,4.944671
2020-12-23,sh.603387,15.200513,15.2234745,14.7045446,14.8469059,15.0857055,2290814,74354467.33,-1.583,0.8821,24.907224,4.8664
2020-12-24,sh.603387,14.8514982,14.9341596,14.23613,14.3050145,14.8469059,2603599,82038215.07,-3.6499,1.0025,23.998145,4.688783
2020-12-25,sh.603387,14.3004222,14.6448447,14.2407223,14.5667756,14.3050145,2009793,63390199.47,1.8299,0.7739,24.437276,4.774581
2020-12-28,sh.603387,14.511668,14.6815831,14.1075456,14.144284,14.5667756,2616658,81722989.08,-2.9004,1.0076,23.728503,4.6361
2020-12-29,sh.603387,14.1534686,14.3693067,13.914669,14.2636838,14.144284,2569148,79362626.4,0.8442,0.9893,23.928808,4.675236
2020-12-30,sh.603387,14.2131685,14.4244143,14.098361,14.2912376,14.2636838,1843071,57126232.83,0.1932,0.7097,23.975033,4.684267
2020-12-31,sh.603387,14.6907677,15.7194429,14.5897371,15.7194429,14.2912376,7647445,257285999.03,9.9936,2.9447,26.370995,5.152393
2021-01-04,sh.603387,15.981204,15.9949809,15.5127894,15.6964814,15.7194429,6553692,224545922.38,-0.1461,2.5235,26.332475,5.144867
2021-01-05,sh.603387,15.5495278,16.164896,15.4530895,15.843435,15.6964814,4782638,164474955.28,0.9362,1.8416,26.579005,5.193034
2021-01-06,sh.603387,15.9398733,15.981204,15.5587124,15.7561813,15.843435,3457580,118442860.18,-0.5507,1.3314,26.432628,5.164435
2021-01-07,sh.603387,15.843435,15.8663965,15.0857055,15.2693975,15.7561813,3951154,132310172.66,-3.0895,1.5214,25.615998,5.004881
2021-01-08,sh.603387,15.3153205,15.4806433,15.0122287,15.3107282,15.2693975,2423673,80732767.51,0.2707,0.9332,25.685334,5.018428
2021-01-11,sh.603387,15.3107282,15.3658358,14.924975,15.0489671,15.3107282,2790754,91544765.97,-1.7097,1.0746,25.246203,4.93263
2021-01-12,sh.603387,15.0351902,15.843435,14.879052,15.7883274,15.0489671,4226579,141376531.75,4.913,1.6275,26.486556,5.174971
2021-01-13,sh.603387,15.6092277,15.61382,15.15459,15.3245051,15.7883274,2857184,95431475.94,-2.9378,1.1002,25.708446,5.022943
2021-01-14,sh.603387,15.3153205,15.3153205,14.833129,15.246436,15.3245051,1987440,65121024.59,-0.5094,0.7653,25.577477,4.997354
2021-01-15,sh.603387,15.2280668,15.2280668,14.8836443,14.9984518,15.246436,1570803,51329695.35,-1.6265,0.6048,25.161458,4.916072
2021-01-18,sh.603387,14.9984518,15.2051053,14.8882366,15.1040747,14.9984518,1878808,61538586.23,0.7042,0.7234,25.338651,4.950692
2021-01-19,sh.603387,15.0535594,15.0535594,14.7045446,14.833129,15.1040747,2444890,78910924.46,-1.7939,0.9414,24.884112,4.861884
2021-01-20,sh.603387,14.7458753,15.2280668,14.6126986,15.2096976,14.833129,2541066,82703810.11,2.5387,0.9785,25.515845,4.985313
2021-01-21,sh.603387,15.200513,15.5954508,15.200513,15.384205,15.2096976,3375479,113610142.66,1.1473,1.2997,25.808599,5.042511
2021-01-22,sh.603387,15.2877667,15.843435,15.1637746,15.7883274,15.384205,4990579,170217933.54,2.6269,1.9217,26.486556,5.174971
2021-01-25,sh.603387,15.6964814,16.0454962,15.3979819,15.8388427,15.7883274,4066629,139104441.39,0.32,1.5659,26.571301,5.191529
2021-01-26,sh.603387,15.6918891,15.8112889,14.9938595,15.0948901,15.8388427,3071136,102313502.77,-4.697,1.1826,25.323243,4.947682
2021-01-27,sh.603387,14.9295673,15.3199128,14.8698674,14.8836443,15.0948901,2100826,68931745.62,-1.3995,0.8089,24.968857,4.878441
2021-01-28,sh.603387,14.7458753,15.0076364,14.2728684,14.4381912,14.8836443,2435683,77225444.32,-2.9929,0.9379,24.221563,4.732434
2021-01-29,sh.603387,14.603514,14.6723985,13.8136384,13.914669,14.4381912,2746602,83956277.58,-3.626,1.0576,23.3433,4.560839
2021-02-01,sh.603387,13.9192613,14.2131685,13.9192613,13.9881458,13.914669,1496314,45785035.8,0.5281,0.5762,23.466565,4.584922
2021-02-02,sh.603387,14.0616226,14.2131685,13.6437233,14.1764301,13.9881458,2368714,71667129.94,1.346,0.9121,23.782431,4.646636
2021-02-03,sh.603387,14.0294765,14.0937687,13.7172001,13.8917075,14.1764301,1721985,52024069.03,-2.0084,0.6631,23.30478,4.553312
2021-02-04,sh.603387,13.9376305,14.052438,13.4003314,13.7677154,13.8917075,2497894,74432972.66,-0.8926,0.9618,23.09677,4.512671
2021-02-05,sh.603387,13.9008921,14.2223531,13.7539385,13.8090461,13.7677154,2062976,62623733.23,0.3002,0.7944,23.166107,4.526218
2021-02-08,sh.603387,13.8090461,13.9835535,13.7080155,13.7814923,13.8090461,1956050,58926922.34,-0.1995,0.7532,23.119882,4.517187
2021-02-09,sh.603387,13.7814923,13.9789612,13.639131,13.9100767,13.7814923,1728614,52194365.85,0.933,0.6656,23.335596,4.559333
2021-02-10,sh.603387,13.914669,14.5024834,13.8595614,14.4565604,13.9100767,2393716,73872788.31,3.9287,0.9217,24.252379,4.738455
2021-02-18,sh.603387,14.465745,14.6402524,14.098361,14.2315377,14.4565604,2604323,81067470.53,-1.5565,1.0028,23.87488,4.664699
2021-02-19,sh.603387,14.1993916,14.6264755,14.144284,14.6264755,14.2315377,2250392,70454502.62,2.7751,0.8665,24.537429,4.794149
2021-02-22,sh.603387,14.6264755,14.8744597,14.557591,14.8055752,14.6264755,2318062,74146347.71,1.2245,0.8926,24.837888,4.852853
2021-02-23,sh.603387,14.787206,14.8698674,14.23613,14.649437,14.8055752,1920735,61003292.08,-1.0546,0.7396,24.575949,4.801675
2021-02-24,sh.603387,14.5759602,14.6586216,14.3922682,14.5897371,14.649437,1548704,48855640.21,-0.4075,0.5963,24.475797,4.782107
2021-02-25,sh.603387,14.5346295,14.6448447,14.4014528,14.5162603,14.5897371,1122611,35446071.39,-0.5036,0.4323,24.352532,4.758023
2021-02-26,sh.603387,14.373899,14.3830836,14.1259148,14.327976,14.5162603,1635802,50681460.39,-1.2971,0.6299,24.036665,4.696309
2021-03-01,sh.603387,14.4152297,14.5943294,14.3187914,14.5346295,14.327976,1450001,45779273.8,1.4423,0.5583,24.383348,4.764044
2021-03-02,sh.603387,14.69536,14.6999523,14.4106374,14.4749296,14.5346295,1365040,43166799.35,-0.4107,0.5256,24.283195,4.744476
2021-03-03,sh.603387,14.4795219,15.843435,14.4244143,15.6459661,14.4749296,5368242,177880272.64,8.0901,2.0671,26.24773,5.128309
2021-03-04,sh.603387,15.3061359,15.843435,14.7917983,14.9387519,15.6459661,5231821,172692836.77,-4.5201,2.0145,27.152045,4.896504
2021-03-05,sh.603387,14.8377213,15.3336897,14.5805525,15.200513,14.9387519,2565587,83566110.92,1.7522,0.9879,27.627811,4.982302
2021-03-08,sh.603387,15.1729592,15.5862662,14.7917983,15.0351902,15.200513,2275982,74846213.98,-1.0876,0.8764,27.327327,4.928114
2021-03-09,sh.603387,14.8882366,15.2648052,14.5713679,14.787206,15.0351902,2134120,69412742.8,-1.6494,0.8218,26.876602,4.846832
2021-03-10,sh.603387,14.9479365,15.0857055,14.6815831,14.8836443,14.787206,1986628,64425656.4,0.6522,0.765,27.051884,4.878441
2021-03-11,sh.603387,15.0397825,15.3704281,14.8882366,15.200513,14.8836443,2280663,75074880.88,2.129,0.8782,27.627811,4.982302
2021-03-12,sh.603387,15.2142899,15.61382,15.108667,15.3566512,15.200513,2382118,79490130.65,1.0272,0.9172,27.911601,5.03348
2021-03-15,sh.603387,15.476051,15.705666,15.292359,15.3979819,15.3566512,2570316,86818199.64,0.2691,0.9897,27.986722,5.047027
2021-03-16,sh.603387,15.3933896,15.6551507,15.2326591,15.6413738,15.3979819,2252943,76069520.99,1.5807,0.8675,28.429101,5.126804
2021-03-17,sh.603387,15.6413738,15.7837351,15.5127894,15.6918891,15.6413738,2088508,71262519.03,0.323,0.8042,28.520916,5.143361
2021-03-18,sh.603387,15.7699582,15.8296581,15.5816739,15.6230046,15.6918891,1705844,58393417.89,-0.439,0.6568,28.395714,5.120783
2021-03-19,sh.603387,15.6275969,15.6275969,15.200513,15.3245051,15.6230046,1894075,63550514.47,-1.9106,0.7293,27.853174,5.022943
2021-03-22,sh.603387,15.476051,15.7745505,15.4622741,15.6827045,15.3245051,2072274,70488097.33,2.3374,0.7979,28.504222,5.140351
2021-03-23,sh.603387,15.6275969,16.0409039,15.6275969,15.7883274,15.6827045,2788091,96047643.01,0.6735,1.0736,28.696198,5.174971
2021-03-24,sh.603387,15.7791428,15.8250658,15.4806433,15.5173817,15.7883274,1588373,54091928.75,-1.7161,0.6116,28.203738,5.086163
2021-03-25,sh.603387,15.5357509,15.5954508,15.3245051,15.3474666,15.5173817,1192505,40077189.66,-1.095,0.4592,27.894908,5.030469
2021-03-26,sh.603387,15.3750204,15.4714587,14.9984518,15.2510283,15.3474666,2752966,91081898.3,-0.6284,1.06,27.719626,4.99886
2021-03-29,sh.603387,15.2831744,15.8342504,15.016821,15.6827045,15.2510283,4639974,156067988.25,2.8305,1.7825,28.504222,5.140351
2021-03-30,sh.603387,15.7010737,15.8112889,15.521974,15.6367815,15.6827045,2400214,81795849.34,-0.2928,0.9221,28.420754,5.125299
2021-03-31,sh.603387,15.5633047,15.6964814,15.1821438,15.6046354,15.6367815,2666056,89636280.41,-0.2056,1.0242,28.362327,5.114762
2021-04-01,sh.603387,15.7745505,15.7745505,15.292359,15.4668664,15.6046354,1717215,57874391.49,-0.8829,0.6597,28.111924,5.069605
2021-04-02,sh.603387,15.5449355,15.6367815,15.3887973,15.4576818,15.4668664,1371147,46360945.51,-0.0594,0.5267,28.09523,5.066595
2021-04-06,sh.603387,15.3153205,15.6459661,15.200513,15.384205,15.4576818,1566432,52519438.18,-0.4753,0.6018,27.961682,5.042511
2021-04-07,sh.603387,15.3750204,15.6964814,15.3612435,15.4806433,15.384205,1691453,57140529.38,0.6269,0.6498,28.136964,5.074121
2021-04-08,sh.603387,15.4530895,15.7653659,15.3887973,15.5311586,15.4806433,2411764,81796361.48,0.3263,0.9265,28.228779,5.090679
2021-04-09,sh.603387,15.567897,15.751589,15.4898279,15.6964814,15.5311586,1845357,62895134.78,1.0645,0.7089,28.529262,5.144867
2021-04-12,sh.603387,15.7653659,15.8296581,15.108667,15.108667,15.6964814,2708121,91114758.17,-3.7449,1.0403,27.460876,4.952198
2021-04-13,sh.603387,15.062744,15.3474666,15.062744,15.1499977,15.108667,1560373,51578988.75,0.2736,0.5994,27.535997,4.965745
2021-04-14,sh.603387,15.1499977,15.4668664,15.0948901,15.430128,15.1499977,1257500,41906655.5,1.849,0.4831,28.04515,5.057564
2021-04-15,sh.603387,15.2831744,15.4071665,15.0719286,15.1454054,15.430128,1485306,49167873.23,-1.8452,0.5706,27.52765,4.964239
2021-04-16,sh.603387,15.2326591,15.6459661,15.15459,15.6184123,15.1454054,3166469,106847250.56,3.1231,1.2164,28.387367,5.119278
2021-04-19,sh.603387,15.705666,15.8342504,15.5311586,15.797512,15.6184123,2890252,99097907.52,1.1467,1.1103,28.712891,5.177982
2021-04-20,sh.603387,15.7883274,15.9995732,15.751589,15.8158812,15.797512,1866377,64491651.18,0.1163,0.717,28.746278,5.184003
2021-04-21,sh.603387,15.8204735,17.1614251,15.8158812,17.037433,15.8158812,7443931,271140054.1,7.7236,2.8596,30.966519,5.584393
2021-04-22,sh.603387,17.0328407,17.4553323,16.9272178,17.4002247,17.037433,5267266,198256653.19,2.1294,2.0234,31.625914,5.703306
2021-04-23,sh.603387,17.45074,17.542586,17.175202,17.3680786,17.4002247,2759892,104134334.98,-0.1847,1.0602,31.567487,5.692769
2021-04-26,sh.603387,17.7170934,18.782507,17.7170934,17.8319009,17.3680786,8939651,354855928.88,2.6705,3.4342,32.410511,5.844797
2021-04-27,sh.603387,18.0707005,18.415123,17.7905702,17.9191546,17.8319009,6825767,268123926.47,0.4893,2.6221,32.569099,5.873397
2021-04-28,sh.603387,16.8675179,17.3267479,16.1281576,16.1281576,17.9191546,12101656,433593002.15,-9.9949,4.6489,28.206895,4.882659
2021-04-29,sh.603387,16.1281576,16.6562721,15.9903886,16.0087578,16.1281576,7575833,268497199.53,-0.7403,2.9103,27.998074,4.846512
2021-04-30,sh.603387,15.935281,16.4542109,15.751589,15.9766117,16.0087578,4780627,167136686.51,-0.2008,1.8365,27.941853,4.83678
2021-05-06,sh.603387,16.5276877,16.9639562,16.2751112,16.4633955,15.9766117,7173027,259632374.55,3.0469,2.7555,28.7932,4.98415
2021-05-07,sh.603387,16.4450263,16.624126,16.1419345,16.164896,16.4633955,4142538,147569620.4,-1.8131,1.5914,28.271148,4.893782
2021-05-10,sh.603387,16.118973,16.3164419,15.567897,15.7102583,16.164896,3996169,137626497.83,-2.8125,1.5351,27.476022,4.756144
2021-05-11,sh.603387,15.7010737,16.07305,15.3658358,15.567897,15.7102583,3276218,111755160.64,-0.9062,1.2586,27.227043,4.713045
2021-05-12,sh.603387,15.567897,15.6092277,15.2739898,15.4439049,15.567897,2560077,85989836.94,-0.7965,0.9835,27.01019,4.675508
2021-05-13,sh.603387,15.384205,15.521974,15.1040747,15.1591823,15.4439049,2909390,96937692.4,-1.8436,1.1177,26.512232,4.589311
2021-05-14,sh.603387,15.200513,15.4163511,15.1040747,15.3290974,15.1591823,2337215,77880885.32,1.1209,0.8978,26.809401,4.640751
2021-05-17,sh.603387,15.3796127,15.5127894,15.0673363,15.1683669,15.3290974,3598713,119379125.95,-1.0485,1.3825,26.528296,4.592091
2021-05-18,sh.603387,15.0673363,15.1454054,13.6988309,14.6769908,15.1683669,5108163,160890842.72,-3.2395,1.9623,25.668917,4.443331
2021-05-19,sh.603387,14.7320984,14.9617134,14.4749296,14.8009829,14.6769908,2893403,92856099.33,0.8448,1.1115,25.885769,4.480869
2021-05-20,sh.603387,14.7320984,14.879052,14.5300372,14.5759602,14.8009829,1935451,61765747.4,-1.5203,0.7435,25.492222,4.412745
2021-05-21,sh.603387,14.6402524,14.649437,14.2912376,14.3004222,14.5759602,2010176,62948468.24,-1.8904,0.7722,25.010328,4.329328
2021-05-24,sh.603387,14.23613,14.4749296,13.9376305,14.4335989,14.3004222,3007164,93111344.53,0.9313,1.1552,25.243243,4.369646
2021-05-25,sh.603387,14.4519681,14.7504676,14.098361,14.5667756,14.4335989,3119842,98323334.56,0.9227,1.1985,25.476159,4.409965
2021-05-26,sh.603387,14.4749296,14.7642445,14.4749296,14.6540293,14.5667756,1791741,57195356.49,0.599,0.6883,25.628759,4.43638
2021-05-27,sh.603387,14.6540293,14.8744597,14.5070757,14.7780214,14.6540293,1808875,58052019.14,0.8461,0.6949,25.845612,4.473917
2021-05-28,sh.603387,14.7780214,14.9111981,14.465745,14.511668,14.7780214,2041340,65055475.8,-1.8024,0.7842,25.37978,4.393281
2021-05-31,sh.603387,14.511668,14.6723985,14.3830836,14.4841142,14.511668,2378931,75340387.85,-0.1899,0.9139,25.331591,4.38494
2021-06-01,sh.603387,14.4841142,14.5805525,14.1672455,14.3141991,14.4841142,3611498,112354938.0,-1.1731,1.3874,25.034422,4.333499
2021-06-02,sh.603387,14.2544992,14.3647144,14.190207,14.2912376,14.3141991,2193038,68112666.5,-0.1604,0.8425,24.994265,4.326548
2021-06-03,sh.603387,14.2912376,14.3417529,14.0478457,14.1213225,14.2912376,2252920,69546076.2,-1.1889,0.8655,24.697096,4.275108
2021-06-04,sh.603387,14.0662149,14.2269454,13.9008921,14.098361,14.1213225,2017229,61721439.29,-0.1626,0.7749,24.656938,4.268156
2021-06-07,sh.603387,14.1075456,14.4841142,14.1075456,14.373899,14.098361,2521649,78709922.02,1.9544,0.9687,25.138833,4.351573
2021-06-08,sh.603387,14.4106374,14.4473758,14.0799918,14.144284,14.373899,1918099,59449064.51,-1.5974,0.7368,24.737254,4.282059
2021-06-09,sh.603387,14.190207,14.741283,14.006515,14.6172909,14.144284,3636919,114807228.02,3.3442,1.3971,25.564506,4.425258
2021-06-10,sh.603387,14.557591,14.8009829,14.465745,14.5621833,14.6172909,2584851,82059895.07,-0.377,0.993,25.468128,4.408574
2021-06-11,sh.603387,14.5667756,14.5713679,14.2223531,14.2407223,14.5621833,2571953,80534403.31,-2.2075,0.988,24.905917,4.311255
2021-06-15,sh.603387,14.2269454,14.3050145,14.1213225,14.1626532,14.2407223,1194556,36924107.28,-0.5482,0.4589,24.76938,4.28762
2021-06-16,sh.603387,14.144284,14.2269454,13.9973304,14.0386611,14.1626532,1224054,37501793.64,-0.8755,0.4702,24.552528,4.250083
2021-06-17,sh.603387,14.1488763,14.190207,14.0019227,14.1029533,14.0386611,1373326,42116933.85,0.458,0.5276,24.66497,4.269546
2021-06-18,sh.603387,14.098361,14.2958299,14.0294765,14.190207,14.1029533,1508551,46490195.11,0.6187,0.5795,24.81757,4.295962
2021-06-21,sh.603387,14.1580609,14.4887065,14.1029533,14.4703373,14.190207,2221208,69426278.55,1.9741,0.8533,25.307496,4.380769
2021-06-22,sh.603387,14.4932988,14.5529987,14.419822,14.4932988,14.4703373,1983853,62541556.92,0.1587,0.7621,25.347654,4.38772
2021-06-23,sh.603387,14.486796,14.915169,14.460834,14.616606,14.4932865,2529693,57220073.31,0.8509,0.6953,25.278579,4.375763
2021-06-24,sh.603387,14.512758,14.577663,14.084385,14.1038565,14.616606,3071586,67486627.48,-3.508,0.8443,24.391808,4.222262
2021-06-25,sh.603387,14.071404,14.2206855,13.993518,14.1427995,14.1038565,1651657,35871462.79,0.2761,0.454,24.459158,4.23392
2021-06-28,sh.603387,14.1427995,14.344005,14.084385,14.2336665,14.1427995,1903249,41636220.44,0.6425,0.5231,24.616307,4.261123
2021-06-29,sh.603387,14.292081,14.6101155,14.2206855,14.473815,14.2336665,3779139,84171147.55,1.6872,1.0388,25.03163,4.333016
2021-06-30,sh.603387,14.473815,14.850264,14.2466475,14.590644,14.473815,3420707,76245139.18,0.8072,0.9402,25.233679,4.367991
2021-07-01,sh.603387,14.577663,14.7399255,14.2985715,14.344005,14.590644,2645994,59259451.83,-1.6904,0.7273,24.807131,4.294155
2021-07-02,sh.603387,14.4024195,14.40891,14.14929,14.201214,14.344005,1633345,35846512.36,-0.9955,0.449,24.560182,4.251407
2021-07-05,sh.603387,14.2466475,14.2791,14.084385,14.240157,14.201214,1181614,25854909.84,0.2742,0.3248,24.627532,4.263066
2021-07-06,sh.603387,14.2985715,14.331024,13.7923125,13.8961605,14.240157,2973631,64093536.98,-2.4157,0.8174,24.03261,4.160084
2021-07-07,sh.603387,13.863708,13.9480845,13.785822,13.8312555,13.8961605,1774798,37872002.43,-0.4671,0.4878,23.92036,4.140653
2021-07-08,sh.603387,13.837746,13.88967,13.253601,13.565145,13.8312555,4069915,84726901.23,-1.924,1.1187,23.460137,4.060988
2021-07-09,sh.603387,13.4807685,13.643031,13.331487,13.50024,13.565145,1793737,37181538.28,-0.4785,0.493,23.347888,4.041557
2021-07-12,sh.603387,13.5197115,13.7144265,13.487259,13.63005,13.50024,1726585,36214342.43,0.9615,0.4746,23.572387,4.080419
2021-07-13,sh.603387,13.6235595,13.6235595,13.3899015,13.4807685,13.63005,2157459,44762444.67,-1.0952,0.593,23.314213,4.035728
2021-07-14,sh.603387,13.513221,13.7274075,13.4028825,13.552164,13.4807685,2529238,52700884.2,0.5296,0.6952,23.437687,4.057102
2021-07-15,sh.603387,13.4158635,13.5456735,13.383411,13.4677875,13.552164,1922351,39806346.95,-0.6226,0.5284,23.291763,4.031842
2021-07-16,sh.603387,13.4677875,13.9091415,13.435335,13.8182745,13.4677875,3211792,67656163.57,2.6024,0.8828,23.89791,4.136767
2021-07-19,sh.603387,13.7923125,13.798803,13.5975975,13.63005,13.8182745,1700521,35779191.36,-1.3621,0.4674,23.572387,4.080419
2021-07-20,sh.603387,13.5975975,13.75986,13.4677875,13.6625025,13.63005,1425562,29993204.61,0.2381,0.3918,23.628512,4.090134
2021-07-21,sh.603387,13.746879,14.14929,13.668993,14.1168375,13.6625025,3709537,79310030.62,3.3254,1.0196,24.414258,4.226148
2021-07-22,sh.603387,14.071404,14.071404,13.668993,13.7663505,14.1168375,3479436,73914967.99,-2.4828,0.9564,23.808111,4.121223
2021-07-23,sh.603387,13.694955,13.707936,13.1302815,13.3769205,13.7663505,3749766,77201606.08,-2.8289,1.0307,23.134614,4.004639
2021-07-26,sh.603387,13.279563,13.357449,12.513684,12.993981,13.3769205,4052894,80476571.27,-2.8627,1.114,22.472342,3.889999
2021-07-27,sh.603387,12.968019,13.11081,12.474741,12.474741,12.993981,2586056,50502230.54,-3.996,0.7108,21.574346,3.734554
2021-07-28,sh.603387,12.409836,12.46176,12.007425,12.3124785,12.474741,2140803,40416999.96,-1.3007,0.5884,21.293723,3.685978
2021-07-29,sh.603387,12.3644025,12.4942125,12.2475735,12.2735355,12.3124785,1826754,34747510.21,-0.3163,0.5021,21.226373,3.67432
2021-07-30,sh.603387,12.2735355,12.396855,11.8451625,12.344931,12.2735355,3189023,59599568.29,0.5817,0.8766,21.349847,3.695693
2021-08-02,sh.603387,12.4033455,12.669456,12.007425,12.656475,12.344931,3746241,71336326.96,2.5237,1.0297,21.888645,3.78896
2021-08-03,sh.603387,12.72138,13.9221225,12.695418,13.9221225,12.656475,9891485,208147608.68,10.0,2.7188,24.077509,4.167856
2021-08-04,sh.603387,14.14929,15.239694,14.058423,14.7269445,13.9221225,21728574,488887486.86,5.7809,5.9725,25.469403,4.408795
2021-08-05,sh.603387,14.564682,14.92815,14.058423,14.058423,14.7269445,11887001,263968434.67,-4.5394,3.2673,24.313233,4.20866
2021-08-06,sh.603387,14.01948,14.0519325,13.305525,13.4418255,14.058423,8384270,174700288.84,-4.386,2.3046,23.246863,4.02407
2021-08-09,sh.603387,13.266582,13.409373,13.11081,13.305525,13.4418255,4699481,96270004.57,-1.014,1.2917,23.01114,3.983266
2021-08-10,sh.603387,13.2990345,13.305525,13.019943,13.1302815,13.305525,4173912,84464551.67,-1.3171,1.1473,22.708066,3.930803
2021-08-11,sh.603387,13.1951865,13.305525,12.955038,13.097829,13.1302815,5135898,103843328.42,-0.2472,1.4117,22.651941,3.921088
2021-08-12,sh.603387,13.136772,13.149753,12.72138,12.773304,13.097829,7071533,140904662.08,-2.4777,1.9437,22.090694,3.823935
2021-08-13,sh.603387,12.7538325,13.032924,12.669456,12.916095,12.773304,4078421,80819815.53,1.1179,1.121,22.337643,3.866682
2021-08-16,sh.603387,12.916095,13.0783575,12.7538325,12.9874905,12.916095,3632119,72574265.31,0.5528,0.9983,22.461117,3.888056
2021-08-17,sh.603387,12.9615285,13.071867,12.7797945,12.864171,12.9874905,3659945,72970834.53,-0.9495,1.006,22.247843,3.851138
2021-08-18,sh.603387,13.24062,13.5067305,12.8966235,12.968019,12.864171,4849870,97827343.78,0.8073,1.3331,19.148766,3.878393
2021-08-19,sh.603387,12.9745095,13.0134525,12.4942125,12.5461365,12.968019,4428970,86496667.84,-3.2533,1.2174,18.525809,3.752219
2021-08-20,sh.603387,12.500703,12.500703,11.9879535,12.0528585,12.5461365,5372311,100477008.52,-3.9317,1.4767,17.797427,3.604692
2021-08-23,sh.603387,12.059349,12.20214,12.020406,12.1437255,12.0528585,4185554,78019720.57,0.7539,1.1505,17.931603,3.631868
2021-08-24,sh.603387,12.1047825,12.4942125,12.1047825,12.448779,12.1437255,3506763,66738008.11,2.512,0.9639,18.382049,3.723102
2021-08-25,sh.603387,12.526665,12.526665,12.2994975,12.46176,12.448779,2574423,49188384.93,0.1043,0.7076,18.401217,3.726984
2021-08-26,sh.603387,12.46176,12.604551,12.280026,12.422817,12.46176,3130784,59960206.12,-0.3125,0.8605,18.343713,3.715337
2021-08-27,sh.603387,12.422817,12.422817,12.1177635,12.1696875,12.422817,2784164,52581047.12,-2.0376,0.7653,17.969938,3.639633
2021-08-30,sh.603387,12.20214,12.254064,11.8970865,11.9230485,12.1696875,3895315,72238828.76,-2.0267,1.0707,17.605748,3.56587
2021-08-31,sh.603387,11.9879535,12.33195,11.877615,12.2865165,11.9230485,3221175,60061157.61,3.0484,0.8854,18.14245,3.674573
2021-09-01,sh.603387,12.254064,12.8836425,12.2475735,12.812247,12.2865165,5738832,111655256.54,4.2789,1.5774,18.918751,3.831806
2021-09-02,sh.603387,12.8706615,12.8706615,12.5071935,12.59157,12.812247,2722042,52937367.04,-1.7224,0.7482,18.592896,3.765807
2021-09-03,sh.603387,12.46176,12.6889275,12.4293075,12.526665,12.59157,2880384,55432400.14,-0.5155,0.7917,18.497057,3.746396
2021-09-06,sh.603387,12.4942125,12.7408515,12.396855,12.656475,12.526665,3425485,66650647.75,1.0363,0.9416,18.688736,3.785218
2021-09-07,sh.603387,12.708399,12.7278705,12.5071935,12.617532,12.656475,2617909,50761571.66,-0.3077,0.7196,18.631232,3.773571
2021-09-08,sh.603387,12.617532,12.7668135,12.5850795,12.6499845,12.617532,2263648,44121930.36,0.2572,0.6222,18.679152,3.783277
2021-09-09,sh.603387,12.656475,12.682437,12.539646,12.6240225,12.6499845,2620812,50843891.0,-0.2052,0.7204,18.640816,3.775513
2021-09-10,sh.603387,12.6759465,12.8966235,12.617532,12.7668135,12.6240225,3577126,70272349.18,1.1311,0.9832,18.851663,3.818218
2021-09-13,sh.603387,12.7797945,13.0913385,12.6499845,12.6759465,12.7668135,3679746,72925897.99,-0.7117,1.0114,18.717488,3.791042
2021-09-14,sh.603387,12.8446995,12.8706615,12.383874,12.4422885,12.6759465,3950044,76985462.08,-1.8433,1.0857,18.372465,3.721161
2021-09-15,sh.603387,12.4422885,12.5201745,12.2086305,12.422817,12.4422885,2328033,44329361.55,-0.1565,0.6399,18.343713,3.715337
2021-09-16,sh.603387,12.409836,12.5591175,12.0658395,12.137235,12.422817,4264821,80663227.45,-2.2989,1.1723,17.920068,3.629532
2021-09-17,sh.603387,12.1307445,12.254064,12.0398775,12.1177635,12.137235,3421425,63917933.49,-0.1604,0.9404,17.891319,3.623709
2021-09-22,sh.603387,12.0788205,12.2345925,12.0139155,12.1307445,12.1177635,2548062,47510955.2,0.1071,0.7004,17.910485,3.627591
2021-09-23,sh.603387,12.137235,12.370893,12.137235,12.280026,12.1307445,2347658,44370287.03,1.2306,0.6453,18.130892,3.672233
2021-09-24,sh.603387,12.293007,12.33195,12.137235,12.1567065,12.280026,1799445,33855112.85,-1.0042,0.4946,17.948817,3.635355
2021-09-27,sh.603387,12.1567065,12.267045,12.0398775,12.07233,12.1567065,2563789,47848919.96,-0.6941,0.7047,17.824239,3.610123
2021-09-28,sh.603387,12.07233,12.280026,11.994444,12.2475735,12.07233,2412177,45026785.64,1.4516,0.663,18.082978,3.662528
2021-09-29,sh.603387,12.2086305,12.2735355,11.9360295,11.94252,12.2475735,2316257,43064803.6,-2.4907,0.6367,17.63258,3.571304
2021-09-30,sh.603387,11.94252,12.059349,11.890596,11.9100675,11.94252,2220906,40812761.9,-0.2717,0.6105,17.584666,3.5616
2021-10-08,sh.603387,11.916558,12.07233,11.8841055,12.0398775,11.9100675,2085627,38536148.88,1.0899,0.5733,17.776324,3.600418
2021-10-11,sh.603387,11.9619915,12.1047825,11.9619915,12.0918015,12.0398775,1887317,35080341.69,0.4313,0.5188,17.852988,3.615946
2021-10-12,sh.603387,12.0658395,12.2475735,11.981463,12.163197,12.0918015,2167427,40522731.29,0.5904,0.5958,17.9584,3.637296
2021-10-13,sh.603387,12.137235,12.254064,12.0528585,12.1956495,12.163197,1544832,28911687.11,0.2668,0.4246,18.006314,3.647001
2021-10-14,sh.603387,12.1956495,12.280026,12.137235,12.189159,12.1956495,1673565,31470555.51,-0.0532,0.46,17.996731,3.64506
2021-10-15,sh.603387,12.20214,12.2216115,12.020406,12.0528585,12.189159,2050815,38155820.65,-1.1182,0.5637,17.79549,3.6043
2021-10-18,sh.603387,12.0528585,12.085311,11.8711245,11.994444,12.0528585,2111731,38867821.96,-0.4847,0.5804,17.709244,3.586832
2021-10-19,sh.603387,11.955501,12.2475735,11.955501,12.176178,11.994444,2165068,40382734.54,1.5152,0.5951,17.977566,3.641178
2021-10-20,sh.603387,12.176178,12.267045,12.1307445,12.2345925,12.176178,1732222,32583122.08,0.4797,0.4761,18.063812,3.658646
2021-10-21,sh.603387,12.150216,12.3773835,12.150216,12.2735355,12.2345925,1961346,37035274.01,0.3183,0.5391,18.121309,3.670292
2021-10-22,sh.603387,12.254064,12.383874,12.254064,12.3254595,12.2735355,2100539,39878448.28,0.4231,0.5774,18.197973,3.685819
2021-10-25,sh.603387,12.4293075,12.4293075,12.124254,12.1956495,12.3254595,2249738,42402091.7,-1.0532,0.6184,18.006314,3.647001
2021-10-26,sh.603387,12.1047825,12.773304,12.0528585,12.6759465,12.1956495,6589083,127413104.19,3.9383,1.8111,18.715451,3.790629
2021-10-27,sh.603387,12.5331555,12.5980605,12.1047825,12.1567065,12.6759465,5833011,110630243.07,-4.0963,1.6033,17.948817,3.635355
2021-10-28,sh.603387,12.07233,12.137235,11.2999605,11.3389035,12.1567065,7820709,138646042.18,-6.7272,2.1496,17.61954,3.247674
2021-10-29,sh.603387,11.3389035,11.488185,11.241546,11.3518845,11.3389035,2955047,51676707.72,0.1145,0.8122,17.639711,3.251392
2021-11-01,sh.603387,11.345394,11.579052,11.0922645,11.566071,11.3518845,3126028,54526430.43,1.8868,0.8592,17.972535,3.312739
2021-11-02,sh.603387,11.5595805,11.6115045,11.267508,11.592033,11.566071,2561686,45239732.33,0.2245,0.7041,18.012878,3.320175
2021-11-03,sh.603387,11.540109,11.734824,11.4946755,11.605014,11.592033,1522191,27265558.07,0.112,0.4184,18.033049,3.323893
2021-11-04,sh.603387,11.605014,11.695881,11.397318,11.6115045,11.605014,2017247,35937857.46,0.0559,0.5545,18.043135,3.325752
2021-11-05,sh.603387,11.605014,11.734824,11.514147,11.6115045,11.6115045,1482780,26632996.36,0.0,0.4076,18.043135,3.325752
2021-11-08,sh.603387,11.5985235,11.5985235,11.3908275,11.475204,11.6115045,1668626,29435132.53,-1.1738,0.4586,17.831337,3.286713
2021-11-09,sh.603387,11.4687135,11.540109,11.410299,11.436261,11.475204,1433803,25326251.99,-0.3394,0.3941,17.770824,3.275559
2021-11-10,sh.603387,11.42328,11.5206375,11.306451,11.514147,11.436261,1798880,31686812.08,0.681,0.4945,17.891851,3.297867
2021-11-11,sh.603387,11.501166,11.5725615,11.410299,11.501166,11.514147,1900023,33658484.47,-0.1127,0.5223,17.87168,3.294149
2021-11-12,sh.603387,11.4946755,11.669919,11.488185,11.617995,11.501166,1804792,32214140.85,1.0158,0.4961,18.05322,3.327611
2021-11-15,sh.603387,11.6764095,12.007425,11.617995,11.8062195,11.617995,3723556,67924117.38,1.6201,1.0235,18.345703,3.381522
2021-11-16,sh.603387,11.851653,11.968482,11.734824,11.7672765,11.8062195,2636876,48044121.59,-0.3299,0.7248,18.285189,3.370368
2021-11-17,sh.603387,11.7672765,11.877615,11.6829,11.7672765,11.7672765,2270584,41135026.98,0.0,0.6241,18.285189,3.370368
2021-11-18,sh.603387,11.8451625,11.8451625,11.669919,11.721843,11.7672765,1829996,33081687.81,-0.3861,0.503,18.21459,3.357355
2021-11-19,sh.603387,11.6504475,11.6829,11.527128,11.6374665,11.721843,2061919,36872528.07,-0.7198,0.5668,18.083477,3.333188
2021-11-22,sh.603387,11.6115045,11.6829,11.449242,11.540109,11.6374665,2319803,41185375.3,-0.8366,0.6376,17.932193,3.305303
2021-11-23,sh.603387,11.514147,11.81271,11.488185,11.6115045,11.540109,2475425,44276044.62,0.6187,0.6804,18.043135,3.325752
2021-11-24,sh.603387,11.605014,11.81271,11.5076565,11.7283335,11.6115045,2490511,44840574.19,1.0061,0.6846,18.224675,3.359214
2021-11-25,sh.603387,11.7802575,12.903114,11.6893905,12.903114,11.7283335,7672130,147002747.02,10.0166,2.1088,20.050169,3.695693
2021-11-26,sh.603387,14.1168375,14.1168375,12.993981,13.136772,12.903114,26213236,548323184.74,1.8109,7.2051,20.41325,3.762617
2021-11-29,sh.603387,13.63005,14.01948,13.136772,13.448316,13.136772,21364659,446228266.23,2.3715,5.8724,20.897359,3.851849
2021-11-30,sh.603387,13.071867,13.694955,12.812247,13.5067305,13.448316,18881113,381927562.6,0.4344,5.1898,20.988129,3.86858
2021-12-01,sh.603387,13.305525,13.305525,12.903114,12.916095,13.5067305,10941358,219695304.48,-4.3729,3.0074,20.07034,3.699411
2021-12-02,sh.603387,12.8187375,13.1432625,12.5720985,12.5720985,12.916095,9170033,181923717.25,-2.6633,2.5205,19.535803,3.600884
2021-12-03,sh.603387,12.4942125,12.656475,12.267045,12.33195,12.5720985,8170837,156012674.77,-1.9102,2.2459,19.162636,3.532101
2021-12-06,sh.603387,12.33195,12.4812315,12.1567065,12.4293075,12.33195,5434313,103207664.25,0.7895,1.4937,19.31392,3.559986
2021-12-07,sh.603387,12.33195,12.4293075,12.0658395,12.2086305,12.4293075,4863644,91544475.74,-1.7755,1.3369,18.97101,3.49678
2021-12-08,sh.603387,12.20214,12.4552695,12.137235,12.370893,12.2086305,3978906,75401086.72,1.3291,1.0937,19.22315,3.543255
2021-12-09,sh.603387,12.370893,12.435798,12.318969,12.396855,12.370893,4296672,81966894.74,0.2099,1.181,19.263492,3.550691
2021-12-10,sh.603387,12.396855,12.409836,12.1956495,12.2216115,12.396855,3797504,71770333.26,-1.4136,1.0438,18.991181,3.500498
2021-12-13,sh.603387,12.1696875,12.318969,12.1567065,12.228102,12.2216115,2856203,53907348.56,0.0531,0.7851,19.001266,3.502357
2021-12-14,sh.603387,12.2345925,12.59157,12.2345925,12.59157,12.228102,7143859,137546985.44,2.9724,1.9636,19.56606,3.606461
2021-12-15,sh.603387,12.5980605,12.6889275,12.4033455,12.448779,12.59157,4709719,90824017.41,-1.134,1.2945,19.344177,3.565563
2021-12-16,sh.603387,12.4942125,12.630513,12.383874,12.526665,12.448779,3621781,69704851.74,0.6257,0.9955,19.465204,3.587871
2021-12-17,sh.603387,12.526665,12.59157,12.396855,12.4942125,12.526665,2948014,56761649.61,-0.2591,0.8103,19.414776,3.578576
2021-12-20,sh.603387,12.526665,12.903114,12.526665,12.7278705,12.4942125,7591188,149281018.69,1.8701,2.0866,19.777858,3.6455
2021-12-21,sh.603387,12.7538325,12.799266,12.4552695,12.552627,12.7278705,4362569,84326521.53,-1.3768,1.1991,19.505546,3.595307
2021-12-22,sh.603387,12.474741,12.6759465,12.46176,12.630513,12.552627,3598414,69590585.84,0.6205,0.9891,19.626574,3.617615
2021-12-23,sh.603387,12.643494,12.643494,12.4942125,12.500703,12.630513,2779368,53660525.66,-1.0277,0.764,19.424862,3.580435
2021-12-24,sh.603387,12.448779,12.5331555,12.254064,12.293007,12.500703,3200561,60902091.92,-1.6615,0.8797,19.102122,3.520947
2021-12-27,sh.603387,12.267045,12.513684,12.2216115,12.4682505,12.293007,2947385,56353916.8,1.4256,0.8101,19.374434,3.57114
2021-12-28,sh.603387,12.4942125,12.565608,12.370893,12.513684,12.4682505,3071208,59063725.44,0.3644,0.8442,19.445033,3.584153
2021-12-29,sh.603387,12.513684,13.266582,12.4942125,13.0004715,12.513684,11220571,224211234.39,3.89,3.0842,20.201453,3.723578
2021-12-30,sh.603387,12.85119,13.0913385,12.838209,12.9874905,13.0004715,5884885,117555599.39,-0.0999,1.6176,20.181281,3.71986
2021-12-31,sh.603387,12.9745095,13.253601,12.8576805,13.019943,12.9874905,7259542,146156271.12,0.2499,1.9954,20.231709,3.729155
2022-01-04,sh.603387,13.11081,13.2860535,12.9355665,12.9874905,13.019943,6985922,140853117.92,-0.2493,1.9202,20.181281,3.71986
2022-01-05,sh.603387,12.981,13.0134525,12.59157,12.929076,12.9874905,5825154,114808432.52,-0.4498,1.6011,20.090511,3.703129
2022-01-06,sh.603387,12.8446995,13.032924,12.760323,12.942057,12.929076,3967853,78873494.73,0.1004,1.0906,20.110682,3.706847
2022-01-07,sh.603387,12.9355665,13.461297,12.890133,13.1562435,12.942057,9357544,190510308.47,1.655,2.5721,20.443507,3.768194
2022-01-10,sh.603387,13.552164,13.772841,13.2341295,13.3379775,13.1562435,14442580,299531096.16,1.3814,3.9698,20.725904,3.820246
2022-01-11,sh.603387,13.3379775,14.629587,13.149753,13.9870275,13.3379775,24577408,522725885.64,4.8662,6.7555,21.734464,4.006146
2022-01-12,sh.603387,13.88967,15.3889755,13.5846165,15.3889755,13.9870275,42897249,976949264.88,10.0232,11.791,23.912953,4.40769
2022-01-13,sh.603387,15.3889755,15.940668,14.629587,15.4149375,15.3889755,46770659,1110042755.86,0.1687,12.8557,23.953295,4.415126
2022-01-14,sh.603387,15.122865,16.8947715,14.9606025,16.5702465,15.4149375,44076809,1086567683.47,7.4947,12.1152,25.748531,4.746028
2022-01-17,sh.603387,16.4663985,16.472889,15.3500325,15.512295,16.5702465,33107827,806490055.75,-6.3846,9.1002,24.104579,4.443011
2022-01-18,sh.603387,15.0644505,15.070941,13.9610655,13.9610655,15.512295,25503605,559128873.01,-10.0,7.0101,21.694121,3.99871
2022-01-19,sh.603387,13.681974,14.53872,13.6365405,14.499777,13.9610655,16755021,366106894.46,3.8587,4.6054,22.531226,4.153007
2022-01-20,sh.603387,14.3245335,14.733435,13.928613,13.9610655,14.499777,13134018,289891337.33,-3.7153,3.6101,21.694121,3.99871
2022-01-21,sh.603387,13.824765,13.967556,13.0394145,13.11081,13.9610655,14720830,302443195.8,-6.0902,4.0463,20.372908,3.755181
2022-01-24,sh.603387,12.8576805,13.1302815,12.7927755,12.955038,13.11081,7384440,147482429.17,-1.1881,2.0297,20.130853,3.710565
2022-01-25,sh.603387,12.8966235,13.162734,12.2345925,12.2475735,12.955038,9186643,178795354.55,-5.4609,2.5251,19.031523,3.507934
2022-01-26,sh.603387,12.383874,12.5461365,12.228102,12.370893,12.2475735,5315648,101391377.69,1.0069,1.4611,19.22315,3.543255
2022-01-27,sh.603387,12.3903645,12.487722,11.877615,11.955501,12.370893,6940706,129225952.95,-3.3578,1.9078,18.577671,3.424279
2022-01-28,sh.603387,12.0658395,12.2216115,11.8711245,12.0658395,11.955501,5053428,93825742.64,0.9229,1.389,18.749127,3.455882
2022-02-07,sh.603387,12.318969,12.33195,11.9490105,12.098292,12.0658395,4312036,80480267.92,0.269,1.1852,18.799555,3.465177
2022-02-08,sh.603387,12.07233,12.228102,11.8062195,12.124254,12.098292,5104459,94385355.75,0.2146,1.403,18.839897,3.472613
2022-02-09,sh.603387,12.163197,12.3644025,12.0139155,12.3124785,12.124254,5504437,103625974.48,1.5525,1.513,19.132379,3.526524
2022-02-10,sh.603387,12.318969,12.4293075,12.163197,12.267045,12.3124785,4123973,78086034.94,-0.369,1.1335,19.06178,3.513511
2022-02-11,sh.603387,12.3254595,12.3254595,11.7413145,11.838672,12.267045,6877731,126146441.25,-3.4921,1.8905,18.396131,3.390817
2022-02-14,sh.603387,11.81271,12.007425,11.760786,11.8451625,11.838672,3084299,56563602.4,0.0548,0.8478,18.406216,3.392676
2022-02-15,sh.603387,11.94252,12.0268965,11.734824,11.890596,11.8451625,3326089,60888952.77,0.3836,0.9142,18.476815,3.405689
2022-02-16,sh.603387,11.916558,12.176178,11.799729,12.059349,11.890596,5165178,95562940.2,1.4192,1.4197,18.739041,3.454023
2022-02-17,sh.603387,12.0528585,12.059349,11.825691,11.8841055,12.059349,4059228,74453722.39,-1.4532,1.1157,18.46673,3.40383
2022-02-18,sh.603387,11.760786,12.046368,11.7153525,11.94252,11.8841055,4722055,86448980.59,0.4915,1.2979,18.5575,3.420561
2022-02-21,sh.603387,11.94252,12.1047825,11.877615,12.0918015,11.94252,5731894,106024845.5,1.25,1.5755,18.789469,3.463318
2022-02-22,sh.603387,11.994444,12.0009345,11.721843,11.8192005,12.0918015,5994860,109150785.1,-2.2544,1.6478,18.365874,3.38524
2022-02-23,sh.603387,11.838672,11.9749725,11.7802575,11.94252,11.8192005,4415013,81039538.62,1.0434,1.2135,18.5575,3.420561
2022-02-24,sh.603387,11.94252,12.6889275,11.929539,12.2865165,11.94252,15646023,297891013.74,2.8804,4.3006,19.092037,3.519088
2022-02-25,sh.603387,12.241083,12.5720985,12.2086305,12.5201745,12.2865165,9003176,172388529.85,1.9017,2.4747,19.455118,3.586012
2022-02-28,sh.603387,12.5850795,12.72138,12.176178,12.539646,12.5201745,7865324,151127821.0,0.1555,2.1619,19.485375,3.591589
2022-03-01,sh.603387,12.539646,12.643494,12.3644025,12.4552695,12.539646,5343577,102798470.0,-0.6729,1.4688,19.354262,3.567422
2022-03-02,sh.603387,12.396855,12.747342,12.267045,12.6110415,12.4552695,7693098,149320806.0,1.2507,2.1146,19.596317,3.612038
2022-03-03,sh.603387,12.59157,12.7538325,12.5591175,12.6370035,12.6110415,7083694,138218117.0,0.2059,1.9471,19.636659,3.619474
2022-03-04,sh.603387,12.526665,13.1432625,12.5201745,13.0134525,12.6370035,10842975,216256027.0,2.9789,2.9804,20.221624,3.727296
2022-03-07,sh.603387,13.149753,13.2081675,12.6759465,12.8057565,13.0134525,8028389,158969931.0,-1.596,2.2067,19.898885,3.667808
2022-03-08,sh.603387,12.7668135,12.7668135,11.94252,12.318969,12.8057565,8054516,152775763.0,-3.8013,2.2139,19.142465,3.528383
2022-03-09,sh.603387,12.318969,12.4812315,11.6634285,12.0788205,12.318969,6782622,125001541.0,-1.9494,1.8643,18.769298,3.4596
2022-03-10,sh.603387,12.2735355,13.071867,12.2086305,13.045905,12.0788205,12970276,254066045.0,8.0064,3.5651,20.272052,3.736591
2022-03-11,sh.603387,12.942057,14.3115525,12.708399,14.136309,13.045905,27878619,584658400.0,8.3582,7.6629,21.966432,4.048903
2022-03-14,sh.603387,14.603625,14.92815,13.604088,13.617069,14.136309,29629948,650212688.0,-3.6731,8.1443,19.468109,3.900183
2022-03-15,sh.603387,13.2341295,13.617069,12.812247,12.890133,13.617069,16579987,338774928.0,-5.3384,4.5573,18.42882,3.691975
2022-03-16,sh.603387,12.9355665,13.162734,11.9360295,12.565608,12.890133,17354936,329687056.0,-2.5176,4.7703,17.964852,3.599025
2022-03-17,sh.603387,12.383874,13.227639,12.3644025,12.682437,12.565608,14284311,283685360.0,0.9298,3.9263,18.13188,3.632487
2022-03-18,sh.603387,12.695418,13.188696,12.5461365,12.968019,12.682437,10462259,208373638.52,2.2518,2.8757,18.540172,3.714283
2022-03-21,sh.603387,13.032924,13.2081675,12.6499845,12.916095,12.968019,11277080,224207212.07,-0.4004,3.0997,18.465937,3.699411
2022-03-22,sh.603387,12.7927755,12.838209,12.280026,12.4682505,12.916095,10251499,197005494.12,-3.4673,2.8178,17.825661,3.57114
2022-03-23,sh.603387,12.3773835,12.59157,12.3514215,12.4552695,12.4682505,6540298,125681666.64,-0.1041,1.7977,17.807103,3.567422
2022-03-24,sh.603387,13.0394145,13.7014455,12.8057565,13.7014455,12.4552695,24238603,502695852.9,10.0052,6.6624,19.588741,3.92435
2022-03-25,sh.603387,13.591107,13.7144265,12.864171,12.877152,13.7014455,28798690,589995389.59,-6.0161,7.9158,18.410261,3.688257
2022-03-28,sh.603387,13.0004715,14.162271,13.0004715,13.915632,12.877152,33598091,708182481.86,8.0645,9.235,19.89496,3.985697
2022-03-29,sh.603387,13.7144265,14.318043,13.461297,13.539183,13.915632,28681609,614007531.05,-2.7052,7.8836,19.356757,3.877875
2022-03-30,sh.603387,13.4028825,13.6105785,13.162734,13.4937495,13.539183,17473155,361653168.04,-0.3356,4.8028,19.291801,3.864862
2022-03-31,sh.603387,13.396392,13.6365405,13.175715,13.2860535,13.4937495,16458261,339525976.3,-1.5392,4.5238,18.994861,3.805374
2022-04-01,sh.603387,13.214658,13.227639,12.8576805,12.9615285,13.2860535,11365643,227455559.98,-2.4426,3.124,18.530893,3.712424
2022-04-06,sh.603387,13.0523955,13.2860535,12.9096045,13.1562435,12.9615285,10740779,217001557.58,1.5023,2.9523,18.809274,3.768194
2022-04-07,sh.603387,12.981,13.0783575,12.59157,12.617532,13.1562435,10237899,201561518.41,-4.0947,2.8141,18.039087,3.613897
2022-04-08,sh.603387,12.552627,12.7797945,12.4552695,12.5461365,12.617532,7261943,140837808.46,-0.5658,1.9961,17.937014,3.593448
2022-04-11,sh.603387,13.0394145,13.552164,12.7927755,12.8057565,12.5461365,11842305,238373613.8,2.0693,3.2551,18.308188,3.667808
2022-04-12,sh.603387,13.058886,13.058886,12.344931,12.604551,12.8057565,8628206,166703985.5,-1.5712,2.3716,18.020528,3.610179
2022-04-13,sh.603387,12.4942125,12.500703,12.0398775,12.0398775,12.604551,7582668,142718856.06,-4.4799,2.0842,17.213223,3.448446
2022-04-14,sh.603387,12.0918015,12.9485475,12.0139155,12.6889275,12.0398775,10434430,201234947.4,5.3908,2.8681,18.14116,3.634346
2022-04-15,sh.603387,12.500703,12.656475,12.163197,12.2216115,12.6889275,6686664,126979959.04,-3.6829,1.8379,17.473045,3.500498
2022-04-18,sh.603387,12.1307445,12.20214,11.6829,12.0918015,12.2216115,4889167,90261370.65,-1.0621,1.3439,17.287458,3.463318
2022-04-19,sh.603387,12.07233,12.1696875,11.81271,11.94252,12.0918015,4750628,87640610.02,-1.2346,1.3058,17.074033,3.420561
2022-04-20,sh.603387,11.9360295,12.1047825,11.6634285,11.7413145,11.94252,5328560,97157041.55,-1.6848,1.4646,16.786372,3.362932
2022-04-21,sh.603387,11.747805,11.8451625,11.098755,11.2090935,11.7413145,7577540,132737328.32,-4.5329,2.0828,16.025464,3.210494
2022-04-22,sh.603387,11.072793,11.137698,10.7028345,10.7807205,11.2090935,6833182,114740517.96,-3.8217,1.8782,15.413026,3.0878
2022-04-25,sh.603387,10.670382,10.670382,9.917484,9.9369555,10.7807205,6862308,108907032.21,-7.8266,1.8862,14.206709,2.84613
2022-04-26,sh.603387,9.73575,10.2225375,9.709788,9.891522,9.9369555,5689130,87479103.96,-0.4572,1.5637,14.141753,2.833117
2022-04-27,sh.603387,9.6383925,10.540572,9.592959,10.540572,9.891522,6421130,100116744.73,6.5617,1.765,15.06969,3.019017
2022-04-28,sh.603387,11.03385,11.592033,10.8975495,11.267508,10.540572,19986117,350002839.33,6.8966,5.4935,11.378785,2.715615
2022-04-29,sh.603387,11.280489,11.6504475,11.111736,11.5336185,11.267508,13905681,243945192.57,2.3618,3.8222,11.647524,2.779751
2022-05-05,sh.603387,11.5465995,12.280026,11.384337,12.1307445,11.5336185,12779498,236993017.17,5.1773,3.5127,12.250547,2.923667
2022-05-06,sh.603387,11.9100675,12.8317185,11.8451625,12.6240225,12.1307445,15699483,302304460.95,4.0663,4.3153,12.748696,3.042553
2022-05-09,sh.603387,12.59157,12.747342,12.383874,12.643494,12.6240225,8817525,171191221.49,0.1542,2.4236,12.76836,3.047246
2022-05-10,sh.603387,12.4033455,12.9485475,12.3644025,12.8966235,12.643494,9882329,194660438.02,2.0021,2.7163,13.02399,3.108253
2022-05-11,sh.603387,12.890133,13.2990345,12.6759465,12.682437,12.8966235,10376032,207087365.15,-1.6608,2.852,12.807688,3.056632
2022-05-12,sh.603387,12.6240225,13.162734,12.5850795,12.890133,12.682437,8907979,177447892.95,1.6377,2.4485,13.017435,3.106689
2022-05-13,sh.603387,12.85119,13.188696,12.72138,12.955038,12.890133,5982056,119161213.63,0.5035,1.6443,13.082981,3.122332
2022-05-16,sh.603387,12.981,12.981,12.630513,12.6889275,12.955038,5576387,109903994.39,-2.0541,1.5328,12.814242,3.058196
2022-05-17,sh.603387,12.72138,12.734361,12.396855,12.4812315,12.6889275,5000160,96338598.86,-1.6368,1.3803,12.550421,2.995233
2022-05-18,sh.603387,12.5331555,12.5980605,12.318969,12.318969,12.4812315,4153102,79598567.87,-1.3001,1.1465,12.387259,2.956294
2022-05-19,sh.603387,12.3254595,12.422817,12.020406,12.396855,12.318969,4859069,91700830.46,0.6322,1.3413,12.465577,2.974985
2022-05-20,sh.603387,12.513684,12.5591175,12.267045,12.448779,12.396855,4382791,83923235.22,0.4188,1.2099,12.517788,2.987445
2022-05-23,sh.603387,12.6240225,12.955038,12.500703,12.9225855,12.448779,8011307,157851073.61,3.806,2.2115,12.994221,3.101149
2022-05-24,sh.603387,12.929076,12.9355665,12.1047825,12.111273,12.9225855,8377513,160809073.01,-6.2783,2.3126,12.178411,2.906451
2022-05-25,sh.603387,12.111273,12.305988,12.033387,12.1956495,12.111273,4102328,77036755.76,0.6967,1.1324,12.263256,2.9267
2022-05-26,sh.603387,12.280026,12.293007,11.527128,11.8711245,12.1956495,7821139,142088221.48,-2.661,2.159,11.936932,2.84882
2022-05-27,sh.603387,11.8711245,12.254064,11.721843,11.864634,11.8711245,4739495,87375438.26,-0.0547,1.3083,11.930405,2.847263
2022-05-30,sh.603387,11.8711245,11.929539,11.656938,11.81271,11.864634,3296374,59949466.79,-0.4376,0.91,11.878193,2.834802
2022-05-31,sh.603387,11.864634,12.1956495,11.6504475,12.1437255,11.81271,6656996,122496288.3,2.8022,1.8377,12.211044,2.914239
2022-06-01,sh.603387,12.2345925,12.435798,12.176178,12.344931,12.1437255,6301234,119607726.0,1.6569,1.7395,12.413365,2.962524
2022-06-02,sh.603387,12.150216,12.46176,12.150216,12.409836,12.344931,4937462,93931290.23,0.5258,1.363,12.47863,2.9781
2022-06-06,sh.603387,12.409836,12.578589,12.344931,12.552627,12.409836,5327020,102572447.77,1.1506,1.4705,12.622212,3.012367
2022-06-07,sh.603387,12.6370035,12.7797945,12.539646,12.7278705,12.552627,6555270,128115725.35,1.3961,1.8096,12.798427,3.054421
2022-06-08,sh.603387,12.83887508,13.17187184,12.82037526,13.11637238,12.72787616,9398384,132186659.3,3.0523,1.8532,12.956368,3.092115
2022-06-09,sh.603387,13.00537346,13.00537346,12.5798776,12.58912751,13.11637238,10110561,138714802.91,-4.0197,1.9936,12.435555,2.96782
2022-06-10,sh.603387,12.49662841,12.82037526,12.47812859,12.77412571,12.58912751,7590961,104079136.57,1.4695,1.4968,12.618296,3.011432
2022-06-13,sh.603387,12.58912751,13.02387328,12.58912751,12.93137418,12.77412571,7490560,104128200.78,1.231,1.477,12.773626,3.048503
2022-06-14,sh.603387,12.82037526,12.93137418,12.57062769,12.90362445,12.93137418,6047949,83561562.01,-0.2146,1.1925,12.746215,3.041961
2022-06-15,sh.603387,12.949874,13.06087292,12.77412571,12.78337562,12.90362445,6413805,89452840.62,-0.9319,1.2647,12.627433,3.013613
2022-06-16,sh.603387,12.78337562,13.10712247,12.77412571,12.94062409,12.78337562,6389474,89599258.66,1.2301,1.2599,12.782764,3.050683
2022-06-17,sh.603387,12.93137418,13.03312319,12.7648758,13.01462337,12.94062409,6063319,84867337.0,0.5718,1.1956,12.85586,3.068128
2022-06-20,sh.603387,13.07012283,13.4123695,13.02387328,13.34762013,13.01462337,8344260,119855755.05,2.5586,1.6453,13.184795,3.14663
2022-06-21,sh.603387,13.3198704,13.46786896,13.05162301,13.21812139,13.34762013,5836852,83720743.27,-0.9702,1.1509,13.056876,3.116102
2022-06-22,sh.603387,13.30137058,13.45861905,13.08862265,13.10712247,13.21812139,6201913,89173797.3,-0.8397,1.2229,12.947231,3.089934
2022-06-23,sh.603387,13.07012283,13.3198704,12.83887508,13.18112175,13.10712247,6983378,98542652.54,0.5646,1.377,13.020327,3.107379
2022-06-24,sh.603387,13.19037166,13.39386968,13.18112175,13.3198704,13.18112175,6290588,90389170.73,1.0526,1.2404,13.157383,3.140089
2022-06-27,sh.603387,13.28287076,13.5973677,13.19962157,13.32912031,13.3198704,6482148,93436516.28,0.0694,1.2781,13.166521,3.142269
2022-06-28,sh.603387,13.31062049,13.34762013,13.08862265,13.25512103,13.32912031,6237140,88939754.11,-0.5552,1.2298,13.093424,3.124824
2022-06-29,sh.603387,13.14412211,13.45861905,13.06087292,13.1348722,13.25512103,8289054,118748134.3,-0.9072,1.6344,12.974642,3.096476
2022-06-30,sh.603387,13.1348722,13.31062049,13.07012283,13.19037166,13.1348722,6306656,90020035.32,0.4225,1.2435,13.029464,3.10956
2022-07-01,sh.603387,13.33837022,13.54186824,13.19037166,13.52336842,13.19037166,10517366,152010286.52,2.5245,2.0738,13.358399,3.188062
2022-07-04,sh.603387,13.55111815,13.73611635,13.29212067,13.65286716,13.52336842,12848861,187647743.26,0.9576,2.5335,13.486318,3.218591
2022-07-05,sh.603387,13.51411851,13.62511743,13.23662121,13.35687004,13.65286716,9224317,133521575.48,-2.168,1.8188,13.193932,3.148811
2022-07-06,sh.603387,13.38461977,13.62511743,13.25512103,13.52336842,13.35687004,10596150,154024356.53,1.2465,2.0893,13.358399,3.188062
2022-07-07,sh.603387,13.5048686,13.5048686,12.94062409,13.00537346,13.52336842,11805395,166624361.09,-3.8304,2.3278,12.846723,3.065948
2022-07-08,sh.603387,13.00537346,13.56961797,13.00537346,13.32912031,13.00537346,11879283,172215132.5,2.4893,2.3423,13.166521,3.142269
2022-07-11,sh.603387,13.33837022,13.64361725,13.2273713,13.31062049,13.32912031,8135324,117736560.44,-0.1388,1.6041,13.148246,3.137908
2022-07-12,sh.603387,13.30137058,13.36611995,12.89437454,12.91287436,13.31062049,7979118,112452016.28,-2.9882,1.5733,12.755352,3.044141
2022-07-13,sh.603387,12.91287436,13.02387328,12.58912751,12.91287436,12.91287436,7367758,101649858.96,0.0,1.4528,12.755352,3.044141
2022-07-14,sh.603387,12.84812499,13.20887148,12.77412571,13.12562229,12.91287436,8407951,119058659.85,1.6476,1.6579,12.965505,3.094296
2022-07-15,sh.603387,12.8573749,12.92212427,12.37637958,12.59837742,13.12562229,16856207,229880426.8,-4.0169,3.3237,12.444692,2.97
2022-07-18,sh.603387,12.65387688,12.74637598,12.3948794,12.53362805,12.59837742,10345503,139515800.23,-0.514,2.0399,12.380732,2.954736
2022-07-19,sh.603387,12.57062769,12.79262553,12.42262913,12.5798776,12.53362805,8351705,113658077.54,0.369,1.6468,12.426418,2.965639
2022-07-20,sh.603387,12.6723767,13.07937274,12.59837742,13.07937274,12.5798776,12365088,172500881.49,3.9706,2.4381,12.91982,3.083392
2022-07-21,sh.603387,12.98687364,13.18112175,12.95912391,13.03312319,13.07937274,6205445,87611342.45,-0.3536,1.2236,12.874134,3.072489
2022-07-22,sh.603387,12.96837382,13.17187184,12.59837742,12.73712607,13.03312319,8186712,113467945.45,-2.2711,1.6142,12.581748,3.00271
2022-07-25,sh.603387,13.18112175,13.45861905,12.92212427,13.06087292,12.73712607,13366764,190439159.33,2.5418,2.6356,12.901545,3.079031
2022-07-26,sh.603387,13.16262193,13.20887148,12.80187544,12.86662481,13.06087292,8263776,115139449.78,-1.4873,1.6294,12.709667,3.033238
2022-07-27,sh.603387,12.87587472,13.36611995,12.72787616,13.15337202,12.86662481,14215418,201082236.03,2.2286,2.803,12.992916,3.100837
2022-07-28,sh.603387,13.09787256,13.18112175,13.00537346,13.15337202,13.15337202,9455219,133887194.74,0.0,1.8644,12.992916,3.100837
2022-07-29,sh.603387,13.11637238,13.27362085,12.82037526,12.92212427,13.15337202,11824536,166320668.79,-1.7581,2.3315,12.764489,3.046322
2022-08-01,sh.603387,12.82037526,12.89437454,12.59837742,12.6723767,12.92212427,10165034,139410932.68,-1.9327,2.0043,12.517788,2.987445
2022-08-02,sh.603387,12.58912751,12.58912751,11.72888588,11.98788336,12.6723767,14292448,186102312.85,-5.4015,2.8182,11.841645,2.82608
2022-08-03,sh.603387,11.98788336,12.16363165,11.82138498,11.8398848,11.98788336,7176282,93236244.79,-1.2346,1.415,11.695452,2.79119
2022-08-04,sh.603387,11.97863345,12.024883,11.81213507,12.01563309,11.8398848,4808128,62074320.0,1.4844,0.9481,11.869056,2.832622
2022-08-05,sh.603387,12.09888228,12.27463057,12.024883,12.26538066,12.01563309,6036231,79396742.0,2.0785,1.1902,12.115757,2.891498
2022-08-08,sh.603387,12.29313039,12.46887868,12.27463057,12.38562949,12.26538066,5014442,67066080.0,0.9804,0.9887,12.234539,2.919846
2022-08-09,sh.603387,12.37637958,12.43187904,12.2098812,12.3948794,12.38562949,4559013,60695161.0,0.0747,0.8989,12.243676,2.922027
2022-08-10,sh.603387,12.35787976,12.51512823,12.26538066,12.37637958,12.3948794,4274139,57168399.0,-0.1493,0.8428,12.225402,2.917666
2022-08-11,sh.603387,12.37637958,12.50587832,12.33013003,12.4873785,12.37637958,5844783,78650426.0,0.8969,1.1525,12.335047,2.943833
2022-08-12,sh.603387,12.47812859,12.73712607,12.42262913,12.70937634,12.4873785,7721413,105209232.0,1.7778,1.5225,12.554337,2.996168
2022-08-15,sh.603387,12.62612715,12.68162661,12.47812859,12.61687724,12.70937634,5343621,72789927.23,-0.7278,1.0536,12.462966,2.974362
2022-08-16,sh.603387,12.61687724,12.82037526,12.56137778,12.63537706,12.61687724,4303099,58730857.89,0.1466,0.8485,12.48124,2.978723
2022-08-17,sh.603387,12.61687724,12.69087652,12.50587832,12.59837742,12.63537706,3657920,49718886.12,-0.2928,0.7213,12.444692,2.97
2022-08-18,sh.603387,12.59837742,12.61687724,12.36712967,12.47812859,12.59837742,4567627,61521212.61,-0.9545,0.9006,12.32591,2.941652
2022-08-19,sh.603387,12.49662841,12.7648758,12.36712967,12.37637958,12.47812859,5949202,80651688.45,-0.8154,1.1731,12.225402,2.917666
2022-08-22,sh.603387,12.37637958,12.56137778,12.14513183,12.4873785,12.37637958,5048490,67696441.92,0.8969,0.9955,12.335047,2.943833
2022-08-23,sh.603387,12.45037886,12.50587832,12.32088012,12.47812859,12.4873785,5021686,67304093.38,-0.0741,0.9902,12.32591,2.941652
2022-08-24,sh.603387,12.53362805,12.60762733,11.8398848,11.87688444,12.47812859,13981397,182601919.54,-4.8184,2.7568,11.671332,2.816666
2022-08-25,sh.603387,11.87688444,11.96013363,11.55313759,11.6548866,11.87688444,9996010,126203719.07,-1.8692,1.971,11.453177,2.764018
2022-08-26,sh.603387,11.6548866,11.90463417,11.61788696,11.69188624,11.6548866,5726982,72705598.67,0.3175,1.1292,11.489536,2.772793
2022-08-29,sh.603387,11.6548866,11.69188624,11.39588912,11.64563669,11.69188624,5205348,65110476.15,-0.3956,1.0264,11.444087,2.761824
2022-08-30,sh.603387,11.63638678,11.80288516,11.5623875,11.7473857,11.64563669,5082737,64325213.31,0.8737,1.0022,11.544075,2.785955
2022-08-31,sh.603387,11.7473857,11.86763453,11.55313759,11.66413651,11.7473857,5677135,71736018.67,-0.7087,1.1194,11.462267,2.766212
2022-09-01,sh.603387,11.57163741,11.79363525,11.5623875,11.60863705,11.66413651,6573207,82945421.86,-0.4758,1.2961,11.407728,2.75305
2022-09-02,sh.603387,11.6548866,11.86763453,11.5623875,11.66413651,11.60863705,7498856,94769613.21,0.4781,1.4786,11.462267,2.766212
2022-09-05,sh.603387,11.63638678,11.85838462,11.49763813,11.59938714,11.66413651,5372465,67566588.17,-0.5551,1.0593,11.398638,2.750856
2022-09-06,sh.603387,11.59938714,11.63638678,11.4698884,11.58088732,11.59938714,5446836,67904973.63,-0.1595,1.074,11.380458,2.746469
2022-09-07,sh.603387,11.55313759,11.58088732,11.4698884,11.49763813,11.58088732,4246507,52851242.03,-0.7188,0.8373,11.29865,2.726726
2022-09-08,sh.603387,11.54388768,11.58088732,11.3773893,11.3773893,11.49763813,6011311,74363248.33,-1.0459,1.1853,11.180482,2.698208
2022-09-09,sh.603387,11.21089092,11.46063849,11.16464137,11.36813939,11.3773893,5260833,64293384.85,-0.0813,1.0373,11.171392,2.696014
2022-09-13,sh.603387,11.3773893,11.5623875,11.34963957,11.41438894,11.36813939,4200540,52010309.05,0.4068,0.8283,11.216841,2.706983
2022-09-14,sh.603387,11.26639038,11.31263993,11.15539146,11.23864065,11.41438894,3635977,44160938.85,-1.5397,0.7169,11.044135,2.665303
2022-09-15,sh.603387,11.29414011,11.34963957,10.92414371,11.05364245,11.23864065,5779293,69347657.89,-1.6461,1.1396,10.862338,2.62143
2022-09-16,sh.603387,11.05364245,11.09064209,10.7298956,10.74839542,11.05364245,4564565,53628343.03,-2.7615,0.9,10.562374,2.549039
2022-09-19,sh.603387,10.76689524,10.81314479,10.56339722,10.66514623,10.74839542,3295098,38030588.72,-0.7745,0.6497,10.480566,2.529296
2022-09-20,sh.603387,10.77614515,10.89639398,10.67439614,10.71139578,10.66514623,2794159,32444485.73,0.4337,0.5509,10.526015,2.540264
2022-09-21,sh.603387,10.70214587,10.79464497,10.53564749,10.74839542,10.71139578,2819641,32522414.24,0.3454,0.556,10.562374,2.549039
2022-09-22,sh.603387,10.6373965,10.76689524,10.61889668,10.67439614,10.74839542,2345554,27161049.73,-0.6885,0.4625,10.489655,2.53149
2022-09-23,sh.603387,10.69289596,10.73914551,10.34139938,10.38764893,10.67439614,4143832,47013069.95,-2.6863,0.8171,10.207871,2.463486
2022-09-26,sh.603387,10.3598992,10.40614875,10.20265073,10.23040046,10.38764893,3638084,40429303.93,-1.5138,0.7174,10.053344,2.426194
2022-09-27,sh.603387,10.23965037,10.68364605,10.23965037,10.67439614,10.23040046,5638059,64003862.42,4.34,1.1117,10.489655,2.53149
2022-09-28,sh.603387,10.6373965,10.85014443,10.50789776,10.53564749,10.67439614,4268953,49219605.62,-1.2998,0.8417,10.353308,2.498585
2022-09-29,sh.603387,10.56339722,10.89639398,10.56339722,10.70214587,10.53564749,4815388,55926071.01,1.5803,0.9495,10.516925,2.538071
2022-09-30,sh.603387,10.70214587,10.85939434,10.62814659,10.69289596,10.70214587,4056874,47134828.94,-0.0864,0.7999,10.507835,2.535877
2022-10-10,sh.603387,10.74839542,10.90564389,10.4523983,10.52639758,10.69289596,4091859,47500606.23,-1.5571,0.8068,10.344218,2.496391
2022-10-11,sh.603387,10.53564749,10.61889668,10.29514983,10.40614875,10.52639758,3359417,37743548.47,-1.1424,0.6624,10.226051,2.467873
2022-10-12,sh.603387,10.43389848,10.67439614,10.28589992,10.65589632,10.40614875,4031357,45587225.7,2.4,0.7949,10.471476,2.527102
2022-10-13,sh.603387,10.61889668,11.099892,10.55414731,10.98889308,10.65589632,6979980,82369538.08,3.125,1.3763,10.798709,2.606074
2022-10-14,sh.603387,11.14614155,12.08963237,11.14614155,11.96938354,10.98889308,22498168,285251664.56,8.9226,4.4362,11.762231,2.838603
2022-10-17,sh.603387,11.96938354,11.96938354,11.6548866,11.7473857,11.96938354,15382789,196367888.31,-1.8547,3.0332,11.544075,2.785955
2022-10-18,sh.603387,11.77513543,11.9323839,11.50688804,11.88613435,11.7473857,12322951,157188362.92,1.1811,2.4298,11.680422,2.81886
2022-10-19,sh.603387,11.85838462,11.92313399,11.59013723,11.61788696,11.88613435,7319889,92616872.47,-2.2568,1.4433,11.416817,2.755243
2022-10-20,sh.603387,11.57163741,11.91388408,11.53463777,11.7473857,11.61788696,9109567,116013743.95,1.1146,1.7962,11.544075,2.785955
2022-10-21,sh.603387,12.92212427,12.92212427,12.41337922,12.54287796,11.7473857,33225040,453361345.13,6.7717,6.5513,12.3258,2.97461
2022-10-24,sh.603387,12.50587832,12.65387688,11.96013363,11.97863345,12.54287796,18898129,250457367.84,-4.4985,3.7263,11.77132,2.840796
2022-10-25,sh.603387,12.05263273,12.05263273,11.49763813,11.72888588,11.97863345,11497989,146296230.24,-2.0849,2.2672,11.525895,2.781567
2022-10-26,sh.603387,11.83063489,12.34862985,11.75663561,12.23763093,11.72888588,12554759,165036125.05,4.3375,2.4755,12.025836,2.902219
2022-10-27,sh.603387,12.45037886,12.7648758,12.25613075,12.64462697,12.23763093,17324934,234827360.79,3.3258,3.4161,11.162548,2.819557
2022-10-28,sh.603387,12.53362805,12.74637598,12.07113255,12.1173821,12.64462697,12235217,163581272.13,-4.1697,2.4125,10.697102,2.701989
2022-10-31,sh.603387,12.024883,12.42262913,11.97863345,12.22838102,12.1173821,11558777,152553698.48,0.916,2.2791,10.79509,2.72674
2022-11-01,sh.603387,12.31163021,12.54287796,12.08038246,12.47812859,12.22838102,12032196,160751441.5,2.0424,2.3725,11.015565,2.78243
2022-11-02,sh.603387,12.37637958,12.82962517,12.35787976,12.47812859,12.47812859,13034583,177987834.04,0.0,2.5701,11.015565,2.78243
2022-11-03,sh.603387,12.35787976,12.61687724,12.33013003,12.51512823,12.47812859,7017944,94590863.62,0.2965,1.3838,11.048228,2.79068
2022-11-04,sh.603387,12.53362805,12.68162661,12.28388048,12.4873785,12.51512823,9670617,130325725.33,-0.2217,1.9068,11.023731,2.784493
2022-11-07,sh.603387,12.3948794,12.53362805,12.33013003,12.42262913,12.4873785,6594792,88594415.12,-0.5185,1.3004,10.966571,2.770054
2022-11-08,sh.603387,12.42262913,12.4873785,12.18213147,12.35787976,12.42262913,6072897,80832833.98,-0.5212,1.1974,10.90941,2.755616
2022-11-09,sh.603387,12.3023803,12.4873785,12.22838102,12.45037886,12.35787976,5032742,67471947.88,0.7485,0.9924,10.991068,2.776242
2022-11-10,sh.603387,12.38562949,12.62612715,12.33937994,12.36712967,12.45037886,7593637,102374682.49,-0.6686,1.4973,10.917576,2.757679
2022-11-11,sh.603387,12.54287796,12.83887508,12.32088012,12.33937994,12.36712967,14092181,191983459.19,-0.2244,2.7787,10.893079,2.751491
2022-11-14,sh.603387,12.19138138,12.68162661,11.91388408,12.44112895,12.33937994,13425036,179598323.38,0.8246,2.6471,10.982902,2.77418
2022-11-15,sh.603387,12.44112895,12.6723767,12.32088012,12.66312679,12.44112895,9558438,129738423.94,1.7844,1.8847,11.178879,2.823682
2022-11-16,sh.603387,12.62612715,12.7648758,12.49662841,12.53362805,12.66312679,5614908,76420885.68,-1.0226,1.1071,11.064559,2.794805
2022-11-17,sh.603387,12.52437814,12.71862625,12.40412931,12.6723767,12.53362805,6578490,89811009.78,1.107,1.2971,11.187045,2.825744
2022-11-18,sh.603387,12.75562589,13.1348722,12.6723767,12.91287436,12.6723767,15145924,211437931.91,1.8978,2.9865,11.399354,2.879372
2022-11-21,sh.603387,12.86662481,13.12562229,12.58912751,13.10712247,12.91287436,16085601,224778071.9,1.5043,3.1717,11.570834,2.922686
2022-11-22,sh.603387,13.11637238,13.1348722,12.40412931,12.46887868,13.10712247,15229965,209068087.6,-4.8694,3.003,11.007399,2.780367
2022-11-23,sh.603387,12.44112895,12.56137778,12.14513183,12.27463057,12.46887868,8403839,111608126.96,-1.5579,1.6571,10.835919,2.737053
2022-11-24,sh.603387,12.27463057,12.47812859,12.19138138,12.40412931,12.27463057,6784230,90559237.93,1.055,1.3377,10.950239,2.765929
2022-11-25,sh.603387,12.41337922,12.42262913,11.96013363,12.24688084,12.40412931,9292438,122445294.04,-1.2677,1.8323,10.811422,2.730865
2022-11-28,sh.603387,12.06188264,12.40412931,11.9323839,12.03413291,12.24688084,7448975,97637704.6,-1.7372,1.4688,10.62361,2.683426
2022-11-29,sh.603387,12.04338282,12.949874,12.04338282,12.81112535,12.03413291,17497693,238753011.54,6.4566,3.4502,11.309531,2.856683
2022-11-30,sh.603387,12.78337562,12.93137418,12.53362805,12.59837742,12.81112535,9147607,125576683.95,-1.6606,1.8037,11.121719,2.809244
2022-12-01,sh.603387,12.72787616,12.7648758,12.17288156,12.3023803,12.59837742,12127713,162059923.15,-2.3495,2.3913,10.860416,2.743241
2022-12-02,sh.603387,12.3023803,12.5798776,12.26538066,12.44112895,12.3023803,7573923,101778186.66,1.1278,1.4934,10.982902,2.77418
2022-12-05,sh.603387,12.4873785,12.5798776,12.17288156,12.2098812,12.44112895,9050855,120365164.77,-1.8587,1.7846,10.778759,2.722615
2022-12-06,sh.603387,12.20063129,12.21913111,11.8398848,11.86763453,12.2098812,10493941,136036853.91,-2.803,2.0692,10.476627,2.646299
2022-12-07,sh.603387,11.88613435,12.08963237,11.76588552,12.06188264,11.86763453,8274500,107017875.72,1.6368,1.6316,10.648107,2.689614
2022-12-08,sh.603387,12.07113255,12.23763093,11.94163381,12.14513183,12.06188264,8100038,106096779.4,0.6902,1.5972,10.721599,2.708177
2022-12-09,sh.603387,12.2098812,12.94062409,12.07113255,12.80187544,12.14513183,27409361,376261198.33,5.4075,5.4045,11.301365,2.85462
2022-12-12,sh.603387,14.07836302,14.07836302,13.64361725,14.07836302,12.80187544,30871183,467640537.36,9.9711,6.0871,12.428236,3.139257
2022-12-13,sh.603387,14.18011203,14.50385888,13.34762013,13.84711527,14.07836302,55347488,830400210.6,-1.6426,10.9134,12.224092,3.087693
2022-12-14,sh.603387,13.7823659,13.94886428,13.27362085,13.34762013,13.84711527,26292731,384279569.0,-3.6072,5.1844,11.783143,2.976313
2022-12-15,sh.603387,13.44011923,13.68061689,13.34762013,13.4123695,13.34762013,16637640,242275620.54,0.4851,3.2806,11.840303,2.990751
2022-12-16,sh.603387,13.33837022,13.76386608,13.31062049,13.52336842,13.4123695,19050189,278715543.18,0.8276,3.7563,11.938292,3.015502
2022-12-19,sh.603387,13.64361725,13.72686644,12.94062409,12.99612355,13.52336842,16779746,239171906.8,-3.8988,3.3086,11.472846,2.897935
2022-12-20,sh.603387,12.91287436,13.16262193,12.61687724,12.73712607,12.99612355,11221756,154921875.76,-1.9929,2.2127,11.244205,2.840182
2022-12-21,sh.603387,12.68162661,12.80187544,12.3948794,12.49662841,12.73712607,9455173,128245755.98,-1.8882,1.8644,11.031896,2.786555
2022-12-22,sh.603387,12.51512823,12.65387688,12.21913111,12.26538066,12.49662841,8003438,107563030.82,-1.8505,1.5781,10.827753,2.73499
2022-12-23,sh.603387,12.31163021,12.69087652,12.21913111,12.6723767,12.26538066,10056199,135582822.03,3.3183,1.9829,11.187045,2.825744
2022-12-26,sh.603387,12.61687724,12.61687724,12.07113255,12.10813219,12.6723767,12891186,170704395.72,-4.4526,2.5419,10.688936,2.699926
2022-12-27,sh.603387,12.1173821,12.12663201,11.60863705,11.88613435,12.10813219,11353052,144649827.02,-1.8335,2.2386,10.492958,2.650424
2022-12-28,sh.603387,11.76588552,11.9323839,11.61788696,11.70113615,11.88613435,7091727,90102843.9,-1.5564,1.3983,10.329644,2.609173
2022-12-29,sh.603387,11.72888588,11.88613435,11.63638678,11.73813579,11.70113615,6131973,78077578.06,0.3162,1.2091,10.362307,2.617423
2022-12-30,sh.603387,11.7473857,11.78438534,11.53463777,11.5623875,11.73813579,6970800,87481991.4,-1.4972,1.3745,10.207158,2.578234
2023-01-03,sh.603387,11.6548866,11.71038606,11.51613795,11.67338642,11.5623875,7357517,92629885.35,0.96,1.4507,10.305147,2.602985
2023-01-04,sh.603387,11.66413651,11.66413651,11.47913831,11.64563669,11.67338642,7757132,97083726.27,-0.2377,1.5295,10.28065,2.596797
2023-01-05,sh.603387,11.63638678,11.75663561,11.51613795,11.73813579,11.64563669,6070492,76572636.93,0.7943,1.197,10.362307,2.617423
2023-01-06,sh.603387,11.7473857,11.78438534,11.59013723,11.62713687,11.73813579,5903653,74509474.26,-0.9456,1.1641,10.264318,2.592672
2023-01-09,sh.603387,11.67338642,11.8398848,11.6548866,11.77513543,11.62713687,6105010,77652071.99,1.2729,1.2038,10.39497,2.625673
2023-01-10,sh.603387,11.83063489,11.83063489,11.6548866,11.78438534,11.77513543,4545061,57697812.46,0.0786,0.8962,10.403135,2.627736
2023-01-11,sh.603387,11.75663561,11.8398848,11.70113615,11.70113615,11.78438534,4196657,53383287.18,-0.7064,0.8275,10.329644,2.609173
2023-01-12,sh.603387,11.76588552,11.77513543,11.55313759,11.69188624,11.70113615,4306328,54365125.55,-0.0791,0.8491,10.321478,2.60711
2023-01-13,sh.603387,11.69188624,11.81213507,11.62713687,11.78438534,11.69188624,4994441,63468774.2,0.7911,0.9848,10.403135,2.627736
2023-01-16,sh.603387,11.81213507,12.03413291,11.79363525,11.98788336,11.78438534,7085587,91740326.19,1.7268,1.3971,10.582781,2.673113
2023-01-17,sh.603387,11.96013363,12.08963237,11.86763453,11.92313399,11.98788336,5094311,65838087.65,-0.5401,1.0045,10.525621,2.658675
2023-01-18,sh.603387,11.91388408,11.95088372,11.84913471,11.91388408,11.92313399,3697539,47543056.7,-0.0776,0.7291,10.517456,2.656612
2023-01-19,sh.603387,11.85838462,12.04338282,11.82138498,12.03413291,11.91388408,5093290,65924660.8,1.0093,1.0043,10.62361,2.683426
2023-01-20,sh.603387,12.08963237,12.22838102,12.06188264,12.17288156,12.03413291,5143365,67529386.13,1.153,1.0142,10.746096,2.714365
2023-01-30,sh.603387,12.22838102,12.3023803,12.09888228,12.10813219,12.17288156,7102116,93501550.48,-0.5319,1.4004,10.688936,2.699926
2023-01-31,sh.603387,12.05263273,12.1173821,11.91388408,12.01563309,12.10813219,5248625,68020406.53,-0.7639,1.0349,10.607279,2.679301
2023-02-01,sh.603387,12.024883,12.21913111,11.9323839,12.19138138,12.01563309,7675659,100143049.47,1.4627,1.5135,10.762427,2.71849
2023-02-02,sh.603387,12.16363165,12.33013003,12.14513183,12.27463057,12.19138138,6602265,87605375.17,0.6829,1.3018,10.835919,2.737053
2023-02-03,sh.603387,12.24688084,12.32088012,12.07113255,12.22838102,12.27463057,4999037,65825441.09,-0.3768,0.9857,10.79509,2.72674
2023-02-06,sh.603387,12.22838102,12.50587832,12.12663201,12.45037886,12.22838102,11458656,153687526.47,1.8154,2.2594,10.991068,2.776242
2023-02-07,sh.603387,12.3948794,12.45037886,12.29313039,12.3948794,12.45037886,6261276,83599865.99,-0.4458,1.2346,10.942073,2.763867
2023-02-08,sh.603387,12.3948794,12.43187904,12.3023803,12.3023803,12.3948794,4399524,58747541.1,-0.7463,0.8675,10.860416,2.743241
2023-02-09,sh.603387,12.29313039,12.42262913,12.27463057,12.40412931,12.3023803,5303300,70840781.7,0.8271,1.0457,10.950239,2.765929
2023-02-10,sh.603387,12.38562949,12.52437814,12.3023803,12.35787976,12.40412931,4656873,62482617.41,-0.3729,0.9182,10.90941,2.755616
2023-02-13,sh.603387,12.34862985,12.50587832,12.33013003,12.37637958,12.35787976,6066524,81338547.72,0.1497,1.1962,10.925742,2.759741
2023-02-14,sh.603387,12.44112895,12.49662841,12.38562949,12.45037886,12.37637958,4658002,62625138.92,0.5979,0.9185,10.991068,2.776242
2023-02-15,sh.603387,12.45037886,12.4873785,12.36712967,12.3948794,12.45037886,4901260,65836365.36,-0.4458,0.9664,10.942073,2.763867
2023-02-16,sh.603387,12.43187904,12.55212787,12.08963237,12.15438174,12.3948794,8344573,111641379.44,-1.9403,1.6454,10.729764,2.710239
2023-02-17,sh.603387,12.13588192,12.3948794,12.1173821,12.18213147,12.15438174,8679287,114769913.02,0.2283,1.7114,10.754262,2.716427
2023-02-20,sh.603387,12.24688084,12.42262913,12.04338282,12.37637958,12.18213147,6269693,82753504.34,1.5945,1.2363,10.925742,2.759741
2023-02-21,sh.603387,12.44112895,12.47812859,12.3023803,12.3948794,12.37637958,4390327,58764209.33,0.1495,0.8657,10.942073,2.763867
2023-02-22,sh.603387,12.36712967,12.47812859,12.26538066,12.44112895,12.3948794,4617814,61832467.26,0.3731,0.9105,10.982902,2.77418
2023-02-23,sh.603387,12.44112895,12.52437814,12.35787976,12.40412931,12.44112895,4898126,65855988.6,-0.2974,0.9658,10.950239,2.765929
2023-02-24,sh.603387,12.40412931,12.43187904,12.28388048,12.32088012,12.40412931,3161984,42185831.31,-0.6711,0.6235,10.876748,2.747366
2023-02-27,sh.603387,12.29313039,12.34862985,12.13588192,12.16363165,12.32088012,4362043,57603137.69,-1.2763,0.8601,10.73793,2.712302
2023-02-28,sh.603387,12.2098812,12.45962877,12.18213147,12.45962877,12.16363165,6987979,93572132.22,2.4335,1.3779,10.999233,2.778305
2023-03-01,sh.603387,12.45037886,12.50587832,12.36712967,12.44112895,12.45962877,4302087,57777698.92,-0.1485,0.8483,10.982902,2.77418
2023-03-02,sh.603387,12.3948794,12.46887868,12.33013003,12.36712967,12.44112895,3730957,49960021.79,-0.5948,0.7357,10.917576,2.757679
2023-03-03,sh.603387,12.3948794,12.44112895,12.23763093,12.27463057,12.36712967,3479152,46312759.36,-0.7479,0.686,10.835919,2.737053
2023-03-06,sh.603387,12.31163021,12.42262913,12.21913111,12.35787976,12.27463057,4113001,54954147.17,0.6782,0.811,10.90941,2.755616
2023-03-07,sh.603387,12.31163021,12.43187904,12.09888228,12.09888228,12.35787976,5655607,74897686.91,-2.0958,1.1152,10.68077,2.697864
2023-03-08,sh.603387,12.19138138,13.15337202,12.09888228,13.07012283,12.09888228,37104821,517864532.53,8.0275,7.3163,11.538171,2.914436
2023-03-09,sh.603387,12.97762373,12.97762373,12.63537706,12.70012643,13.07012283,15555071,214220811.74,-2.8309,3.0671,11.211542,2.831932
2023-03-10,sh.603387,12.59837742,12.93137418,12.58912751,12.68162661,12.70012643,13618427,187585932.36,-0.1457,2.6853,11.195211,2.827807
2023-03-13,sh.603387,12.63537706,12.83887508,12.49662841,12.78337562,12.68162661,9452111,129797687.21,0.8023,1.8638,11.285034,2.850495
2023-03-14,sh.603387,12.68162661,12.74637598,12.34862985,12.44112895,12.78337562,8867901,119801268.33,-2.6773,1.7486,10.982902,2.77418
2023-03-15,sh.603387,12.45037886,12.70937634,12.45037886,12.56137778,12.44112895,6809601,92722586.39,0.9665,1.3427,11.089056,2.800993
2023-03-16,sh.603387,12.49662841,12.72787616,12.41337922,12.5798776,12.56137778,8175481,111277195.17,0.1473,1.612,11.105388,2.805118
2023-03-17,sh.603387,12.52437814,12.71862625,12.46887868,12.49662841,12.5798776,9159964,124571992.22,-0.6618,1.8062,11.031896,2.786555
2023-03-20,sh.603387,12.52437814,12.55212787,12.14513183,12.27463057,12.49662841,7908405,104894798.86,-1.7765,1.5594,10.835919,2.737053
2023-03-21,sh.603387,12.28388048,12.5798776,12.28388048,12.53362805,12.27463057,6027044,81334944.72,2.11,1.1884,11.064559,2.794805
2023-03-22,sh.603387,12.5798776,12.74637598,12.53362805,12.63537706,12.53362805,5152188,70377796.48,0.8118,1.0159,11.154382,2.817494
2023-03-23,sh.603387,12.5798776,12.81112535,12.50587832,12.70937634,12.63537706,4715484,64565342.71,0.5857,0.9298,11.219708,2.833995
2023-03-24,sh.603387,12.70937634,12.82037526,12.58912751,12.61687724,12.70937634,4552258,62266809.17,-0.7278,0.8976,11.138051,2.813369
2023-03-27,sh.603387,12.63537706,12.91287436,12.44112895,12.7648758,12.61687724,8371806,115135561.09,1.173,1.6507,11.268702,2.84637
2023-03-28,sh.603387,12.78337562,12.99612355,12.70937634,12.88512463,12.7648758,9988801,139091070.48,0.942,1.9696,11.374857,2.873184
2023-03-29,sh.603387,12.88512463,12.91287436,12.64462697,12.75562589,12.88512463,5261638,72499305.15,-1.005,1.0375,11.260537,2.844308
2023-03-30,sh.603387,12.77412571,12.81112535,12.52437814,12.62612715,12.75562589,4366480,59601631.32,-1.0152,0.861,11.146217,2.815431
2023-03-31,sh.603387,12.58912751,12.69087652,12.37637958,12.40412931,12.62612715,8009480,107849740.12,-1.7582,1.5793,13.801426,2.765929
2023-04-03,sh.603387,12.40412931,12.51512823,12.22838102,12.32088012,12.40412931,8146753,108605809.44,-0.6711,1.6064,13.708799,2.747366
2023-04-04,sh.603387,12.31163021,12.38562949,12.23763093,12.35787976,12.32088012,5195271,69135802.21,0.3003,1.0244,13.749966,2.755616
2023-04-06,sh.603387,12.38562949,12.38562949,12.20063129,12.25613075,12.35787976,4551674,60412968.79,-0.8234,0.8975,13.636756,2.732928
2023-04-07,sh.603387,12.25613075,12.61687724,12.25613075,12.57062769,12.25613075,7535534,101658112.75,2.566,1.4858,13.98668,2.803056
2023-04-10,sh.603387,12.64462697,12.68162661,12.42262913,12.4873785,12.57062769,4879100,66207586.55,-0.6623,0.9621,13.894053,2.784493
2023-04-11,sh.603387,12.54287796,12.63537706,12.37637958,12.42262913,12.4873785,3840827,51716634.25,-0.5185,0.7573,13.82201,2.770054
2023-04-12,sh.603387,12.4873785,12.54287796,12.33013003,12.35787976,12.42262913,3603264,48340204.1,-0.5212,0.7105,13.749966,2.755616
2023-04-13,sh.603387,12.3948794,12.6723767,12.32088012,12.63537706,12.35787976,6855364,93082400.87,2.2455,1.3517,14.058723,2.817494
2023-04-14,sh.603387,12.70012643,12.82037526,12.45962877,12.55212787,12.63537706,6670350,91037609.84,-0.6589,1.3153,13.966096,2.798931
2023-04-17,sh.603387,12.56137778,12.65387688,12.46887868,12.65387688,12.55212787,3852299,52395037.75,0.8106,0.7596,14.079307,2.821619
2023-04-18,sh.603387,12.58912751,12.74637598,12.49662841,12.50587832,12.65387688,3504098,47675379.93,-1.1696,0.6909,13.914637,2.788618
2023-04-19,sh.603387,12.50587832,12.54287796,12.3023803,12.33013003,12.50587832,4535716,60749625.34,-1.4053,0.8943,13.719091,2.749429
2023-04-20,sh.603387,12.3023803,12.36712967,12.10813219,12.13588192,12.33013003,4701485,61899840.92,-1.5754,0.927,13.502961,2.706114
2023-04-21,sh.603387,12.1173821,12.31163021,12.03413291,12.05263273,12.13588192,4799148,63126668.5,-0.686,0.9463,13.410334,2.687551
2023-04-24,sh.603387,12.08963237,12.19138138,11.91388408,12.00638318,12.05263273,4449441,57857265.53,-0.3837,0.8773,13.358875,2.677238
2023-04-25,sh.603387,12.024883,12.024883,11.18314119,11.46063849,12.00638318,9962978,123812116.42,-4.5455,1.9645,12.751653,2.555545
2023-04-26,sh.603387,11.46063849,11.91388408,11.41438894,11.90463417,11.46063849,6289605,79958070.6,3.8741,1.2402,13.245664,2.65455
2023-04-27,sh.603387,12.08038246,13.0423731,12.08038246,12.92212427,11.90463417,24629859,338607828.64,8.547,4.8565,17.636723,2.721636
2023-04-28,sh.603387,12.97762373,13.56036806,12.97762373,13.17187184,12.92212427,19106711,274407662.47,1.9327,3.7674,17.977591,2.774238
2023-05-04,sh.603387,13.1348722,13.31062049,13.02387328,13.12562229,13.17187184,9728541,138381875.21,-0.3511,1.9183,17.914467,2.764497
2023-05-05,sh.603387,13.10712247,13.17187184,12.81112535,12.83887508,13.12562229,7444103,103897080.37,-2.1846,1.4678,17.523101,2.704102
2023-05-08,sh.603387,12.83887508,13.02387328,12.59837742,12.63537706,12.83887508,6367550,87476982.0,-1.585,1.2555,17.245357,2.661242
2023-05-09,sh.603387,12.59837742,12.6723767,12.38562949,12.40412931,12.63537706,5611778,75871189.56,-1.8302,1.1065,16.92974,2.612537
2023-05-10,sh.603387,12.35787976,12.4873785,12.21913111,12.41337922,12.40412931,6194257,82702163.22,0.0746,1.2214,16.942364,2.614485
2023-05-11,sh.603387,12.46887868,12.80187544,12.44112895,12.46887868,12.41337922,7042577,95639651.0,0.4471,1.3886,17.018113,2.626174
2023-05-12,sh.603387,12.41337922,12.72787616,12.41337922,12.46887868,12.46887868,5605486,76144116.42,0.0,1.1053,17.018113,2.626174
2023-05-15,sh.603387,12.45962877,12.6723767,12.3948794,12.64462697,12.46887868,4868468,66053400.01,1.4095,0.96,17.257982,2.66319
2023-05-16,sh.603387,12.65387688,12.73712607,12.54287796,12.69087652,12.64462697,4143766,56613674.08,0.3658,0.8171,17.321106,2.672931
2023-05-17,sh.603387,12.70012643,12.70012643,12.40412931,12.51512823,12.69087652,3832857,51772508.78,-1.3848,0.7558,17.081236,2.635915
2023-05-18,sh.603387,12.51512823,12.56137778,12.33013003,12.34862985,12.51512823,3954776,52976883.57,-1.3304,0.7798,16.853991,2.600848
2023-05-19,sh.603387,12.31163021,12.6723767,12.25613075,12.5798776,12.34862985,3989564,53883712.77,1.8727,0.7867,17.169609,2.649553
2023-05-22,sh.603387,12.61687724,12.70937634,12.4873785,12.55212787,12.5798776,2609464,35478049.56,-0.2206,0.5145,17.131735,2.643708
2023-05-23,sh.603387,12.61687724,12.83887508,12.5798776,12.69087652,12.55212787,5610457,77388241.0,1.1054,1.1063,17.321106,2.672931
2023-05-24,sh.603387,12.6723767,12.6723767,12.3948794,12.49662841,12.69087652,4136977,55849406.63,-1.5306,0.8157,17.055987,2.632019
2023-05-25,sh.603387,12.44112895,12.50587832,12.24688084,12.38562949,12.49662841,3525083,47083003.8,-0.8882,0.6951,16.90449,2.608641
2023-05-26,sh.603387,12.37637958,12.49662841,12.26538066,12.45037886,12.38562949,2937450,39316104.22,0.5228,0.5792,16.992863,2.622278
2023-05-29,sh.603387,12.60762733,12.949874,12.55212787,12.65387688,12.45037886,5633275,77420787.14,1.6345,1.1108,17.270607,2.665138
2023-05-30,sh.603387,12.63537706,12.81112535,12.59837742,12.81112535,12.65387688,4660285,64189049.73,1.2427,0.9189,17.485227,2.698258
2023-05-31,sh.603387,12.81112535,13.1348722,12.70012643,12.78337562,12.81112535,6232273,86925627.26,-0.2166,1.2289,17.447353,2.692413
2023-06-01,sh.603387,12.84812499,12.84812499,12.54287796,12.55212787,12.78337562,4595524,62738568.93,-1.809,0.9061,17.131735,2.643708
2023-06-02,sh.603387,12.6277917,12.83589014,12.54266052,12.57103758,12.55211954,4982277,66796446.56,0.1507,0.9824,16.778243,2.589159
2023-06-05,sh.603387,12.64670974,12.66562778,12.38185718,12.45752934,12.57103758,4287464,56484092.2,-0.9029,0.8454,16.626746,2.56578
2023-06-06,sh.603387,12.45752934,12.51428346,12.16429972,12.18321776,12.45752934,5174667,67354265.64,-2.202,1.0203,16.26063,2.509282
2023-06-07,sh.603387,12.23997188,12.32510306,12.08862756,12.12646364,12.18321776,2816451,36339624.41,-0.4658,0.5553,16.184881,2.497593
2023-06-08,sh.603387,12.12646364,12.2021358,11.99403736,12.17375874,12.12646364,3082526,39460770.58,0.39,0.6078,16.248005,2.507334
2023-06-09,sh.603387,12.2021358,12.32510306,12.12646364,12.19267678,12.17375874,4102038,52928277.06,0.1554,0.8088,16.273254,2.511231
2023-06-12,sh.603387,12.2021358,12.35348012,12.1548407,12.2021358,12.19267678,3752419,48527582.62,0.0776,0.7399,16.285879,2.513179
2023-06-13,sh.603387,12.2021358,12.2021358,11.99403736,12.0602505,12.2021358,3674989,46897701.15,-1.1628,0.7246,16.096509,2.483956
2023-06-14,sh.603387,12.07916854,12.11700462,11.94674226,11.99403736,12.0602505,2828296,35944322.28,-0.549,0.5577,16.008136,2.470318
2023-06-15,sh.603387,11.99403736,12.25888992,11.9656603,12.22105384,11.99403736,3211660,41252728.77,1.8927,0.6333,16.311129,2.517075
2023-06-16,sh.603387,12.2021358,12.33456208,12.2021358,12.23997188,12.22105384,2518793,32681272.15,0.1548,0.4967,16.336378,2.520972
2023-06-19,sh.603387,12.23997188,12.296726,12.05079148,12.06970952,12.23997188,2420778,31024255.52,-1.391,0.4773,16.109133,2.485904
2023-06-20,sh.603387,12.0602505,12.16429972,12.03187344,12.05079148,12.06970952,1507364,19243165.96,-0.1567,0.2972,16.083884,2.482008
2023-06-21,sh.603387,12.03187344,12.1075456,11.92782422,11.92782422,12.05079148,2759932,35029145.0,-1.0204,0.5442,15.919763,2.456681
2023-06-26,sh.603387,11.92782422,11.99403736,11.75756186,11.8710701,11.92782422,2311023,28977748.2,-0.4758,0.4557,15.844014,2.444992
2023-06-27,sh.603387,11.8710701,12.13592266,11.8710701,12.02241442,11.8710701,2015163,25606022.66,1.2749,0.3973,16.04601,2.476163
2023-06-28,sh.603387,11.99403736,12.06970952,11.8710701,12.03187344,12.02241442,1849092,23404911.52,0.0787,0.3646,16.058634,2.478111
2023-06-29,sh.603387,11.9656603,12.1548407,11.92782422,12.08862756,12.03187344,2047260,26163422.0,0.4717,0.4037,16.134383,2.4898
2023-06-30,sh.603387,12.09808658,12.28726698,12.08862756,12.19267678,12.08862756,2348447,30268147.48,0.8607,0.4631,16.273254,2.511231
2023-07-03,sh.603387,12.23997188,12.33456208,12.16429972,12.21159482,12.19267678,2669983,34536191.11,0.1552,0.5265,16.298504,2.515127
2023-07-04,sh.603387,12.22105384,12.27780796,12.13592266,12.2021358,12.21159482,2093211,27040935.28,-0.0775,0.4127,16.285879,2.513179
2023-07-05,sh.603387,12.2021358,12.25888992,12.06970952,12.12646364,12.2021358,1811738,23271239.86,-0.6202,0.3572,16.184881,2.497593
2023-07-06,sh.603387,12.12646364,12.12646364,11.99403736,12.0129554,12.12646364,2174819,27695803.41,-0.936,0.4288,16.033385,2.474215
2023-07-07,sh.603387,12.00349638,12.26834894,11.95620128,12.1548407,12.0129554,2604997,33365256.85,1.1811,0.5137,16.222756,2.503438
2023-07-10,sh.603387,12.2021358,12.28726698,12.1548407,12.16429972,12.1548407,1534476,19811951.44,0.0778,0.3026,16.23538,2.505386
2023-07-11,sh.603387,12.2021358,12.23997188,12.09808658,12.21159482,12.16429972,1473784,18982344.08,0.3888,0.2906,16.298504,2.515127
2023-07-12,sh.603387,12.21159482,12.2494309,12.11700462,12.14538168,12.21159482,1330072,17139122.08,-0.5422,0.2623,16.210131,2.50149
2023-07-13,sh.603387,12.2021358,12.26834894,12.11700462,12.23051286,12.14538168,2585420,33408314.66,0.7009,0.5098,16.323753,2.519023
2023-07-14,sh.603387,12.22105384,12.23997188,12.12646364,12.13592266,12.23051286,2110082,27200180.76,-0.7734,0.4161,16.197506,2.499541
2023-07-17,sh.603387,12.18321776,12.18321776,11.92782422,12.05079148,12.13592266,2567969,32557996.05,-0.7015,0.5063,16.083884,2.482008
2023-07-18,sh.603387,12.05079148,12.0602505,11.8710701,11.94674226,12.05079148,2576065,32458521.65,-0.8634,0.5079,15.945012,2.460577
2023-07-19,sh.603387,11.95620128,11.97511932,11.80485696,11.85215206,11.94674226,2821375,35396338.41,-0.7918,0.5563,15.818765,2.441095
2023-07-20,sh.603387,11.85215206,11.9183652,11.74810284,11.78593892,11.85215206,2376300,29760118.08,-0.5587,0.4686,15.730392,2.427458
2023-07-21,sh.603387,11.7764799,11.86161108,11.6818897,11.74810284,11.78593892,2895126,35982448.2,-0.321,0.5709,15.679893,2.419665
2023-07-24,sh.603387,11.78593892,11.81431598,11.66297166,11.75756186,11.74810284,1936802,24092662.76,0.0805,0.3819,15.692518,2.421613
2023-07-25,sh.603387,11.84269304,11.90890618,11.78593892,11.88052912,11.75756186,2911262,36528291.94,1.0459,0.574,15.856639,2.44694
2023-07-26,sh.603387,11.95620128,12.00349638,11.84269304,11.98457834,11.88052912,2667419,33704471.45,0.8758,0.526,15.995511,2.46837
2023-07-27,sh.603387,12.00349638,12.0129554,11.8710701,11.94674226,11.98457834,3999566,50464783.25,-0.3157,0.7886,15.945012,2.460577
2023-07-28,sh.603387,11.89944716,12.04133246,11.88998814,12.00349638,11.94674226,3207578,40593041.12,0.4751,0.6325,16.02076,2.472267
2023-07-31,sh.603387,12.00349638,12.1075456,11.88998814,11.92782422,12.00349638,3514310,44567131.04,-0.6304,0.6929,15.919763,2.456681
2023-08-01,sh.603387,11.93728324,12.00349638,11.74810284,11.79539794,11.92782422,4175347,52324674.52,-1.1102,0.8233,15.743017,2.429406
2023-08-02,sh.603387,11.79539794,11.79539794,11.61567656,11.62513558,11.79539794,3772524,46532439.7,-1.4435,0.7439,15.515772,2.394339
2023-08-03,sh.603387,11.6345946,11.94674226,11.57784048,11.823775,11.62513558,4912255,61309147.94,1.7087,0.9686,15.780891,2.435251
2023-08-04,sh.603387,11.88998814,11.98457834,11.78593892,11.85215206,11.823775,3307176,41575233.3,0.24,0.6521,15.818765,2.441095
2023-08-07,sh.603387,11.83323402,11.84269304,11.51162734,11.5400044,11.85215206,5668134,69423077.18,-2.6337,1.1176,15.402149,2.376805
2023-08-08,sh.603387,11.48325028,11.4927093,11.28461086,11.36974204,11.5400044,4132069,49636596.36,-1.4754,0.8148,15.174905,2.341737
2023-08-09,sh.603387,11.350824,11.61567656,11.31298792,11.53054538,11.36974204,3248506,39491878.08,1.4143,0.6405,15.389525,2.374857
2023-08-10,sh.603387,11.53054538,11.55892244,11.42649616,11.50216832,11.53054538,1728930,20989044.92,-0.2461,0.3409,15.35165,2.369012
2023-08-11,sh.603387,11.45487322,11.5872995,11.42649616,11.42649616,11.50216832,2801011,34060006.32,-0.6579,0.5523,15.250653,2.353426
2023-08-14,sh.603387,11.38866008,11.48325028,11.23731576,11.3981191,11.42649616,2476778,29636441.38,-0.2483,0.4884,15.212779,2.347582
2023-08-15,sh.603387,11.34136498,11.40757812,11.26569282,11.350824,11.3981191,2486036,29764479.32,-0.4149,0.4902,15.149655,2.337841
2023-08-16,sh.603387,11.350824,11.57784048,11.28461086,11.29406988,11.350824,3283464,39587435.4,-0.5,0.6474,15.073907,2.326152
2023-08-17,sh.603387,11.350824,11.350824,11.12380752,11.27515184,11.29406988,2720175,32211317.76,-0.1675,0.5364,15.048657,2.322255
2023-08-18,sh.603387,11.22785674,11.3035289,11.10488948,11.12380752,11.27515184,2382153,28182531.61,-1.3423,0.4697,14.846662,2.291084
2023-08-21,sh.603387,11.1143485,11.2089387,10.91570908,11.00084026,11.12380752,3368471,39362936.57,-1.1054,0.6642,14.682541,2.265757
2023-08-22,sh.603387,11.01029928,11.08597144,10.7832828,10.93462712,11.00084026,3288636,37855971.3,-0.6019,0.6484,14.594168,2.25212
2023-08-23,sh.603387,10.94408614,11.00084026,10.79274182,10.81165986,10.93462712,1632048,18774982.37,-1.1246,0.3218,14.430046,2.226793
2023-08-24,sh.603387,10.82111888,10.98192222,10.71706966,10.9251681,10.81165986,1448024,16647265.63,1.0499,0.2855,14.581543,2.250172
2023-08-25,sh.603387,10.9251681,11.0197583,10.84003692,10.877873,10.9251681,1875104,21656146.64,-0.4329,0.3697,14.518419,2.240431
2023-08-28,sh.603387,11.38866008,11.4454142,10.84949594,10.86841398,10.877873,3480861,40901038.74,-0.087,0.6864,14.505795,2.238482
2023-08-29,sh.603387,10.44275808,10.5941024,10.3103318,10.53734828,10.86841398,14705437,162360410.17,-3.0461,2.8996,16.723535,2.259257
2023-08-30,sh.603387,10.55626632,10.61302044,10.46167612,10.5468073,10.53734828,6815581,75913581.42,0.0898,1.3439,16.738547,2.261285
2023-08-31,sh.603387,10.4995122,10.66977456,10.48059416,10.5941024,10.5468073,4682693,52397050.12,0.4484,0.9233,16.813608,2.271425
2023-09-01,sh.603387,10.6413975,10.6413975,10.49005318,10.52788926,10.5941024,2849019,31720314.48,-0.625,0.5618,16.708523,2.257229
2023-09-04,sh.603387,10.53734828,10.61302044,10.4995122,10.5941024,10.52788926,3205649,35775973.08,0.6289,0.6321,16.813608,2.271425
2023-09-05,sh.603387,10.58464338,10.6413975,10.53734828,10.56572534,10.5941024,2639436,29517720.24,-0.2679,0.5204,16.768571,2.265341
2023-09-06,sh.603387,10.5468073,10.5941024,10.4522171,10.56572534,10.56572534,1847502,20591985.92,0.0,0.3643,16.768571,2.265341
2023-09-07,sh.603387,10.5941024,10.60356142,10.3103318,10.37654494,10.56572534,3820893,42059708.1,-1.7905,0.7534,16.468328,2.22478
2023-09-08,sh.603387,10.3103318,10.37654494,10.25357768,10.3103318,10.37654494,2649557,28863307.19,-0.6381,0.5224,16.363243,2.210584
2023-09-11,sh.603387,10.3103318,10.66977456,10.3103318,10.60356142,10.3103318,6934830,77276299.48,2.844,1.3674,16.82862,2.273453
2023-09-12,sh.603387,10.60356142,10.65085652,10.5468073,10.58464338,10.60356142,2613594,29296549.4,-0.1784,0.5153,16.798596,2.269397
2023-09-13,sh.603387,10.6413975,10.6413975,10.41438102,10.47113514,10.58464338,2567656,28482467.7,-1.0724,0.5063,16.61845,2.245061
2023-09-14,sh.603387,10.48059416,10.48059416,10.32924984,10.42384004,10.47113514,2246025,24694419.47,-0.4517,0.4429,16.543389,2.23492
2023-09-15,sh.603387,10.4522171,10.66977456,10.36708592,10.5941024,10.42384004,3420275,38202247.84,1.6334,0.6744,16.813608,2.271425
2023-09-18,sh.603387,10.5941024,10.72652868,10.56572534,10.70761064,10.5941024,3287541,37113636.93,1.0714,0.6482,16.993754,2.295762
2023-09-19,sh.603387,10.69815162,10.76436476,10.61302044,10.66977456,10.70761064,2263682,25530962.1,-0.3534,0.4464,16.933705,2.28765
2023-09-20,sh.603387,10.66031554,10.7359877,10.60356142,10.66977456,10.66977456,2742796,30975355.12,0.0,0.5408,16.933705,2.28765
2023-09-21,sh.603387,10.66977456,10.6886926,10.52788926,10.55626632,10.66977456,2125380,23769699.32,-1.0638,0.4191,16.753559,2.263313
2023-09-22,sh.603387,10.5468073,10.66977456,10.44275808,10.66031554,10.55626632,2565085,28565708.46,0.9857,0.5058,16.918693,2.285622
2023-09-25,sh.603387,10.65085652,10.74544672,10.60356142,10.72652868,10.66031554,2839713,32128340.8,0.6211,0.5599,17.023778,2.299818
2023-09-26,sh.603387,10.66977456,10.72652868,10.56572534,10.5941024,10.72652868,1944832,21866839.64,-1.2346,0.3835,16.813608,2.271425
2023-09-27,sh.603387,10.6418276,10.8327124,10.5941064,10.81362392,10.5941064,2779660,31342739.88,2.0721,0.5481,17.008766,2.29779
2023-09-28,sh.603387,10.84225664,10.84225664,10.67046032,10.69909304,10.81362392,2329456,26164900.96,-1.0591,0.4593,16.82862,2.273453
2023-10-09,sh.603387,10.70863728,10.76590272,10.63228336,10.69909304,10.69909304,2783471,31231817.8,0.0,0.5488,16.82862,2.273453
2023-10-10,sh.603387,10.75635848,10.80407968,10.56547368,10.57501792,10.69909304,3025792,33703073.0,-1.1597,0.5966,16.633462,2.247089
2023-10-11,sh.603387,10.57501792,10.87088936,10.57501792,10.72772576,10.57501792,3888913,43910542.69,1.444,0.7668,16.873656,2.279538
2023-10-12,sh.603387,10.77544696,10.91861056,10.75635848,10.81362392,10.72772576,2557936,29008767.96,0.8007,0.5044,17.008766,2.29779
2023-10-13,sh.603387,10.80407968,10.975876,10.76590272,10.90906632,10.81362392,2782960,31776396.72,0.8826,0.5487,17.158887,2.318071
2023-10-16,sh.603387,10.93769904,10.975876,10.72772576,10.7849912,10.90906632,2810716,31849973.82,-1.1374,0.5542,16.963729,2.291706
2023-10-17,sh.603387,10.7849912,10.8327124,10.58456216,10.65137184,10.7849912,3116489,34784241.64,-1.2389,0.6145,16.753559,2.263313
2023-10-18,sh.603387,10.67046032,10.69909304,10.34595616,10.38413312,10.65137184,3586178,39217922.08,-2.509,0.7071,16.333219,2.206528
2023-10-19,sh.603387,10.33641192,10.36504464,10.1168944,10.1168944,10.38413312,4036892,43089003.64,-2.5735,0.796,15.912879,2.149742
2023-10-20,sh.603387,10.13598288,10.15507136,10.01190776,10.03099624,10.1168944,2746544,29005492.12,-0.8491,0.5416,15.777769,2.131489
2023-10-23,sh.603387,10.05008472,10.07871744,9.77330176,9.8782884,10.03099624,3031612,31475724.3,-1.5224,0.5978,15.537575,2.09904
2023-10-24,sh.603387,9.85919992,10.07871744,9.79239024,10.04054048,9.8782884,2605374,27198996.26,1.6425,0.5137,15.792782,2.133517
2023-10-25,sh.603387,10.0691732,10.1646156,9.99281928,10.00236352,10.04054048,1976663,20875435.53,-0.3802,0.3898,15.732733,2.125405
2023-10-26,sh.603387,9.96418656,10.260058,9.8782884,10.18370408,10.00236352,2360996,24852904.45,1.813,0.4655,16.017964,2.163938
2023-10-27,sh.603387,10.14552712,10.76590272,10.05008472,10.69909304,10.18370408,5909658,65184441.16,5.0609,1.1653,16.82862,2.273453
2023-10-30,sh.603387,10.57501792,10.95678752,10.5463852,10.86134512,10.69909304,5208431,59292296.19,1.5165,1.027,22.831826,2.298939
2023-10-31,sh.603387,10.86134512,11.01405296,10.81362392,10.90906632,10.86134512,3800986,43493739.5,0.4394,0.7495,22.932142,2.30904
2023-11-01,sh.603387,10.8804336,10.95678752,10.72772576,10.82316816,10.90906632,3412216,38723287.6,-0.7874,0.6728,22.751574,2.290858
2023-11-02,sh.603387,10.82316816,10.93769904,10.7849912,10.79453544,10.82316816,2969956,33736802.44,-0.2646,0.5856,22.691384,2.284798
2023-11-03,sh.603387,10.81362392,10.96633176,10.77544696,10.81362392,10.79453544,2215532,25222517.52,0.1768,0.4369,22.731511,2.288838
2023-11-06,sh.603387,10.82316816,11.01405296,10.82316816,10.9281548,10.81362392,3496503,40049405.58,1.0591,0.6894,22.972268,2.31308
2023-11-07,sh.603387,10.95678752,11.01405296,10.88997784,10.88997784,10.9281548,2443336,28004065.64,-0.3493,0.4818,22.892016,2.304999
2023-11-08,sh.603387,10.91861056,11.04268568,10.85180088,11.00450872,10.88997784,3256153,37487012.92,1.0517,0.642,23.132773,2.329241
2023-11-09,sh.603387,10.99496448,11.214482,10.90906632,10.91861056,11.00450872,3581012,41456334.24,-0.7806,0.7061,22.952205,2.31106
2023-11-10,sh.603387,10.9281548,11.08086264,10.84225664,10.98542024,10.91861056,2238628,25749733.0,0.6119,0.4414,23.092647,2.325201
2023-11-13,sh.603387,10.99496448,11.03314144,10.87088936,10.96633176,10.98542024,2189500,25068700.8,-0.1738,0.4317,23.052521,2.321161
2023-11-14,sh.603387,10.98542024,11.05222992,10.89952208,11.04268568,10.96633176,2187661,25245475.07,0.6963,0.4314,23.213025,2.337322
2023-11-15,sh.603387,11.04268568,11.12858384,11.00450872,11.10949536,11.04268568,2797096,32428005.48,0.605,0.5515,23.353467,2.351463
2023-11-16,sh.603387,11.08086264,11.15721656,10.98542024,11.03314144,11.10949536,2263914,26215196.78,-0.6873,0.4464,23.192962,2.335302
2023-11-17,sh.603387,10.975876,11.09995112,10.95678752,11.06177416,11.03314144,2104028,24317264.66,0.2595,0.4149,23.253152,2.341362
2023-11-20,sh.603387,11.10949536,11.214482,11.06177416,11.17630504,11.06177416,3008485,35171657.79,1.0354,0.5932,23.493909,2.365604
2023-11-21,sh.603387,11.214482,11.3099244,11.15721656,11.19539352,11.17630504,2775197,32645111.32,0.1708,0.5472,23.534035,2.369644
2023-11-22,sh.603387,11.18584928,11.28129168,11.14767232,11.19539352,11.19539352,3135140,36824482.12,0.0,0.6182,23.534035,2.369644
2023-11-23,sh.603387,11.18584928,11.46263224,11.17630504,11.46263224,11.19539352,6117649,72914641.13,2.387,1.2063,24.095803,2.426209
2023-11-24,sh.603387,11.3576456,11.61534008,11.3576456,11.60579584,11.46263224,6541476,78908550.3,1.249,1.2898,24.396749,2.456511
2023-11-27,sh.603387,11.55807464,11.55807464,11.19539352,11.22402624,11.60579584,6331614,75116223.28,-3.2895,1.2485,23.594225,2.375705
2023-11-28,sh.603387,11.24311472,11.41491104,11.08086264,11.30038016,11.22402624,4480782,53063272.89,0.6803,0.8835,23.75473,2.391866
2023-11-29,sh.603387,11.29083592,11.38627832,11.14767232,11.19539352,11.30038016,5025524,59146836.33,-0.9291,0.9909,23.534035,2.369644
2023-11-30,sh.603387,11.17630504,11.24311472,11.10949536,11.20493776,11.19539352,3885522,45511956.88,0.0853,0.7661,23.554098,2.371665
2023-12-01,sh.603387,11.20493776,11.32901288,11.1667608,11.23357048,11.20493776,3277442,38585534.82,0.2555,0.6462,23.614288,2.377725
2023-12-04,sh.603387,11.2622032,11.28129168,11.0235972,11.18584928,11.23357048,4439024,52066902.67,-0.4248,0.8753,23.513972,2.367624
2023-12-05,sh.603387,11.1667608,11.30038016,11.01405296,11.0235972,11.18584928,4329718,50261076.7,-1.4505,0.8537,23.172899,2.333282
2023-12-06,sh.603387,11.10949536,11.20493776,10.96633176,11.09040688,11.0235972,2737142,31762953.12,0.6061,0.5397,23.313341,2.347423
2023-12-07,sh.603387,11.15721656,11.15721656,10.98542024,10.99496448,11.09040688,3601809,41634608.35,-0.8606,0.7102,23.11271,2.327221
2023-12-08,sh.603387,11.09040688,11.31946864,10.95678752,11.09995112,10.99496448,8609295,100422353.66,0.9549,1.6976,23.333404,2.349443
2023-12-11,sh.603387,11.04268568,11.04268568,10.81362392,10.95678752,11.09995112,6750703,77167152.88,-1.2898,1.3311,23.032457,2.319141
2023-12-12,sh.603387,10.95678752,10.95678752,10.63228336,10.69909304,10.95678752,6885861,77193816.88,-2.3519,1.3577,22.490753,2.264596
2023-12-13,sh.603387,10.6895488,10.90906632,10.67046032,10.75635848,10.69909304,4460264,50583092.1,0.5352,0.8795,22.611132,2.276717
2023-12-14,sh.603387,10.81362392,10.90906632,10.6895488,10.69909304,10.75635848,2916830,32972756.48,-0.5324,0.5751,22.490753,2.264596
2023-12-15,sh.603387,10.65137184,10.79453544,10.61319488,10.68000456,10.69909304,3917194,43922907.31,-0.1784,0.7724,22.450627,2.260556
2023-12-18,sh.603387,10.60365064,10.73727,10.5463852,10.5941064,10.68000456,3131992,34889803.82,-0.8043,0.6176,22.270059,2.242375
2023-12-19,sh.603387,10.56547368,10.62273912,10.46048704,10.57501792,10.5941064,2319756,25619653.16,-0.1802,0.4574,22.229933,2.238334
2023-12-20,sh.603387,10.58456216,10.62273912,10.498664,10.50820824,10.57501792,2343538,25952228.26,-0.6318,0.4621,22.089491,2.224193
2023-12-21,sh.603387,10.5463852,10.63228336,10.37458888,10.53684096,10.50820824,2840481,31224046.24,0.2725,0.5601,22.14968,2.230254
2023-12-22,sh.603387,10.46048704,10.50820824,10.29823496,10.34595616,10.53684096,3178784,34589182.4,-1.8116,0.6268,21.748418,2.18985
2023-12-25,sh.603387,10.3077792,10.36504464,10.18370408,10.24096952,10.34595616,2107349,22632808.9,-1.0148,0.4155,21.527724,2.167629
2023-12-26,sh.603387,10.25051376,10.29823496,10.15507136,10.2123368,10.24096952,2697928,28862513.64,-0.2796,0.532,21.467534,2.161568
2023-12-27,sh.603387,10.20279256,10.31732344,10.09780592,10.29823496,10.2123368,2970760,31765443.52,0.8411,0.5858,21.648102,2.17975
2023-12-28,sh.603387,10.3077792,10.44139856,10.18370408,10.4032216,10.29823496,3182203,34470054.48,1.0195,0.6275,21.868797,2.201971
2023-12-29,sh.603387,10.4032216,10.53684096,10.36504464,10.498664,10.4032216,3122446,34266440.0,0.9174,0.6157,22.069428,2.222173
2024-01-02,sh.603387,10.50820824,10.63228336,10.46048704,10.57501792,10.498664,2609693,28836269.23,0.7273,0.5146,22.229933,2.238334
2024-01-03,sh.603387,10.57501792,10.66091608,10.43185432,10.48911976,10.57501792,3342652,36862327.0,-0.8123,0.6591,22.049365,2.220153
2024-01-04,sh.603387,10.56547368,10.57501792,10.43185432,10.55592944,10.48911976,2136776,23538355.12,0.6369,0.4213,22.189807,2.234294
2024-01-05,sh.603387,10.61319488,10.61319488,10.34595616,10.39367736,10.55592944,2162192,23657709.72,-1.5371,0.4263,21.848734,2.199951
2024-01-08,sh.603387,10.47003128,10.47003128,10.260058,10.26960224,10.39367736,3190916,34573056.28,-1.1938,0.6292,21.587913,2.173689
2024-01-09,sh.603387,10.26960224,10.32686768,10.13598288,10.15507136,10.26960224,2815804,30116929.84,-1.1152,0.5552,21.347156,2.149447
2024-01-10,sh.603387,10.14552712,10.260058,10.01190776,10.0691732,10.15507136,2962616,31438918.64,-0.8459,0.5842,21.166588,2.131266
2024-01-11,sh.603387,10.05962896,10.14552712,9.94509808,10.08826168,10.0691732,3029068,31930688.21,0.1896,0.5973,21.206714,2.135306
2024-01-12,sh.603387,10.07871744,10.17415984,10.01190776,10.01190776,10.08826168,2735016,28905640.04,-0.7569,0.5393,21.046209,2.119145
2024-01-15,sh.603387,9.9260096,10.10735016,9.90692112,10.01190776,10.01190776,2597160,27189479.36,0.0,0.5121,21.046209,2.119145
2024-01-16,sh.603387,9.9737308,10.0691732,9.8305672,9.96418656,10.01190776,3118822,32487976.4,-0.4766,0.615,20.945893,2.109044
2024-01-17,sh.603387,9.8782884,10.01190776,9.71603632,9.72558056,9.96418656,2299968,23754234.64,-2.3946,0.4535,20.444315,2.05854
2024-01-18,sh.603387,9.65877088,9.71603632,9.22928008,9.51560728,9.72558056,6909312,67971388.12,-2.159,1.3624,20.002927,2.014097
2024-01-19,sh.603387,9.48697456,9.56332848,9.34381096,9.38198792,9.51560728,2814864,27874636.6,-1.4042,0.555,19.722043,1.985815
2024-01-22,sh.603387,9.36289944,9.36289944,8.79978928,8.84751048,9.38198792,4773215,45339627.85,-5.6968,0.9412,18.598509,1.872686
2024-01-23,sh.603387,8.83796624,8.91432016,8.58027176,8.84751048,8.84751048,4159799,38189749.01,0.0,0.8202,18.598509,1.872686
2024-01-24,sh.603387,8.95249712,9.04793952,8.589816,8.93340864,8.84751048,3382412,31237952.44,0.9709,0.6669,18.779077,1.890867
2024-01-25,sh.603387,8.96204136,9.29608976,8.81887776,9.27700128,8.93340864,3027671,28928055.26,3.8462,0.597,19.501349,1.963593
2024-01-26,sh.603387,9.24836856,9.38198792,9.14338192,9.20064736,9.27700128,2838298,27574171.94,-0.823,0.5597,19.340844,1.947432
2024-01-29,sh.603387,9.21973584,9.305634,8.84751048,8.8761432,9.20064736,4365254,41139322.85,-3.527,0.8607,18.658698,1.878746
2024-01-30,sh.603387,8.84751048,8.94295288,8.67571416,8.70434688,8.8761432,2751613,25426594.74,-1.9355,0.5426,18.297562,1.842383
2024-01-31,sh.603387,8.65662568,8.7329796,8.24622336,8.27485608,8.70434688,5419005,47677929.56,-4.9342,1.0685,17.394722,1.751476
2024-02-01,sh.603387,8.22713488,8.42756392,8.07442704,8.24622336,8.27485608,3839098,33161830.26,-0.346,0.757,17.334532,1.745416
2024-02-02,sh.603387,8.19850216,8.32257728,7.5876708,7.84536528,8.24622336,6483837,54006999.45,-4.8611,1.2785,16.491882,1.660569
2024-02-05,sh.603387,7.66402472,7.83582104,7.13909152,7.37769752,7.84536528,10254196,80060676.78,-5.9611,2.0219,15.508789,1.561582
2024-02-06,sh.603387,7.16772424,7.78809984,7.10091456,7.64493624,7.37769752,8497488,66354180.17,3.6223,1.6755,16.070556,1.618146
2024-02-07,sh.603387,7.60675928,8.03625008,7.4922284,7.67356896,7.64493624,9213558,75010740.14,0.3745,1.8167,16.130745,1.624206
2024-02-08,sh.603387,7.70220168,8.38938696,7.60675928,8.31303304,7.67356896,10214532,86017330.12,8.3333,2.0141,17.474974,1.759557
2024-02-19,sh.603387,8.37984272,8.72343536,8.34166576,8.51346208,8.31303304,8373603,74789907.44,2.411,1.6511,17.8963,1.80198
2024-02-20,sh.603387,8.4943736,8.57072752,8.27485608,8.51346208,8.51346208,3194766,28347126.25,0.0,0.6299,17.8963,1.80198
2024-02-21,sh.603387,8.40847544,8.70434688,8.37984272,8.59936024,8.51346208,4308720,38850394.22,1.009,0.8496,18.076868,1.820162
2024-02-22,sh.603387,8.52300632,8.70434688,8.52300632,8.69480264,8.59936024,3274343,29730765.26,1.1099,0.6456,18.277499,1.840363
2024-02-23,sh.603387,8.67571416,8.84751048,8.61844872,8.828422,8.69480264,3433395,31374729.11,1.5368,0.677,18.558382,1.868645
2024-02-26,sh.603387,8.81887776,8.96204136,8.70434688,8.81887776,8.828422,3824565,35389957.8,-0.1081,0.7541,18.538319,1.866625
2024-02-27,sh.603387,8.84751048,8.95249712,8.75206808,8.95249712,8.81887776,3627850,33577782.1,1.5152,0.7153,18.819203,1.894908
2024-02-28,sh.603387,8.96204136,9.12429344,8.43710816,8.45619664,8.95249712,6601800,60658286.44,-5.5437,1.3017,17.775921,1.789859
2024-02-29,sh.603387,8.46574088,8.6375372,8.37029848,8.61844872,8.45619664,4683169,41887494.11,1.9187,0.9234,18.116994,1.824202
2024-03-01,sh.603387,8.589816,8.6375372,8.47528512,8.58027176,8.61844872,4415934,39576436.36,-0.443,0.8707,18.036741,1.816121
2024-03-04,sh.603387,8.59936024,8.75206808,8.50391784,8.589816,8.58027176,4182628,37591833.52,0.1112,0.8247,18.056805,1.818142
2024-03-05,sh.603387,8.60890448,8.60890448,8.36075424,8.38938696,8.589816,3690916,32611909.84,-2.3333,0.7278,17.635479,1.775718
2024-03-06,sh.603387,8.36075424,8.45619664,8.23667912,8.35121,8.38938696,2943054,25740275.9,-0.4551,0.5803,17.555227,1.767638
2024-03-07,sh.603387,8.35121,8.4466524,8.21759064,8.23667912,8.35121,3063984,26684471.08,-1.3714,0.6042,17.314469,1.743396
2024-03-08,sh.603387,8.2080464,8.31303304,8.15078096,8.2557676,8.23667912,2485296,21395069.71,0.2317,0.49,17.354596,1.747436
2024-03-11,sh.603387,8.24622336,8.48482936,8.18895792,8.47528512,8.2557676,3301422,28945854.46,2.659,0.651,17.816047,1.7939
2024-03-12,sh.603387,8.4943736,8.6852584,8.4943736,8.66616992,8.47528512,4151472,37548900.79,2.2523,0.8186,18.21731,1.834303
2024-03-13,sh.603387,8.67571416,8.6852584,8.55163904,8.6375372,8.66616992,2539959,22914725.31,-0.3304,0.5008,18.15712,1.828242
2024-03-14,sh.603387,8.66616992,8.7807008,8.51346208,8.589816,8.6375372,3121402,28260737.72,-0.5525,0.6155,18.056805,1.818142
2024-03-15,sh.603387,8.58027176,8.66616992,8.51346208,8.6375372,8.589816,2746414,24706643.28,0.5556,0.5415,18.15712,1.828242
2024-03-18,sh.603387,8.74252384,8.828422,8.64708144,8.828422,8.6375372,4410968,40488416.96,2.2099,0.8698,18.558382,1.868645
2024-03-19,sh.603387,8.79978928,9.13383768,8.79978928,9.04793952,8.828422,7657998,72360631.74,2.4865,1.51,19.019834,1.915109
2024-03-20,sh.603387,9.04793952,9.1147492,8.88568744,8.98112984,9.04793952,4674002,43926143.86,-0.7384,0.9216,18.879392,1.900968
2024-03-21,sh.603387,8.99067408,9.04793952,8.85705472,8.94295288,8.98112984,3344354,31326075.62,-0.4251,0.6594,18.79914,1.892887
2024-03-22,sh.603387,8.89523168,8.9715856,8.70434688,8.7807008,8.94295288,3496434,32191154.78,-1.8143,0.6894,18.458067,1.858545
2024-03-25,sh.603387,8.72343536,8.79024504,8.51346208,8.51346208,8.7807008,3245723,29386841.01,-3.0435,0.64,17.8963,1.80198
2024-03-26,sh.603387,8.5420948,8.66616992,8.38938696,8.62799296,8.51346208,3666100,32777767.36,1.3453,0.7229,18.137057,1.826222
2024-03-27,sh.603387,8.70434688,9.48697456,8.6852584,8.86659896,8.62799296,17140883,164811662.97,2.7655,3.3798,18.638635,1.876726
2024-03-28,sh.603387,8.80933352,8.89523168,8.50391784,8.6852584,8.86659896,14522023,132100051.02,-2.0452,2.8634,18.257436,1.838343
2024-03-29,sh.603387,8.69480264,8.9238644,8.4943736,8.7807008,8.6852584,9793495,89198869.97,1.0989,1.9311,18.458067,1.858545
2024-04-01,sh.603387,8.7807008,8.98112984,8.70434688,8.98112984,8.7807008,6733100,62282745.82,2.2826,1.3276,18.879392,1.900968
2024-04-02,sh.603387,8.95249712,8.98112984,8.81887776,8.89523168,8.98112984,5273463,49082755.83,-0.9564,1.0398,18.698824,1.882787
2024-04-03,sh.603387,8.8761432,9.0193068,8.74252384,8.9715856,8.89523168,4978354,46424476.41,0.8584,0.9816,18.859329,1.898948
2024-04-08,sh.603387,8.96204136,8.96204136,8.61844872,8.62799296,8.9715856,5240484,48022291.68,-3.8298,1.0333,18.137057,1.826222
2024-04-09,sh.603387,8.61844872,9.00976256,8.59936024,9.00976256,8.62799296,6077643,56372308.29,4.4248,1.1984,18.939582,1.907028
2024-04-10,sh.603387,8.95249712,9.067028,8.76161232,8.79024504,9.00976256,5164931,48160690.45,-2.4364,1.0184,18.47813,1.860565
2024-04-11,sh.603387,8.7329796,8.83796624,8.65662568,8.6852584,8.79024504,4318020,39523839.64,-1.1944,0.8514,18.257436,1.838343
2024-04-12,sh.603387,8.72343536,8.75206808,8.46574088,8.4943736,8.6852584,4406589,39632886.77,-2.1978,0.8689,17.856173,1.79794
2024-04-15,sh.603387,8.4943736,8.589816,8.08397128,8.2080464,8.4943736,5868828,51000778.24,-3.3708,1.1572,17.25428,1.737335
2024-04-16,sh.603387,8.2080464,8.26531184,7.76901136,7.81673256,8.2080464,4865503,40478000.26,-4.7674,0.9594,16.431692,1.654509
2024-04-17,sh.603387,7.90263072,8.3034888,7.90263072,8.29394456,7.81673256,4666517,40034733.37,6.105,0.9201,17.434848,1.755517
2024-04-18,sh.603387,8.28440032,8.43710816,8.17941368,8.26531184,8.29394456,3486799,30473990.94,-0.3452,0.6875,17.374659,1.749456
2024-04-19,sh.603387,8.24622336,8.37984272,8.15078096,8.23667912,8.26531184,1955949,16944930.23,-0.3464,0.3857,17.314469,1.743396
2024-04-22,sh.603387,8.2080464,8.34166576,8.00761736,8.2557676,8.23667912,3678296,31598384.32,0.2317,0.7253,17.354596,1.747436
2024-04-23,sh.603387,8.24622336,8.40847544,8.1603252,8.33212152,8.2557676,2704688,23451967.56,0.9249,0.5333,17.5151,1.763597
2024-04-24,sh.603387,8.36075424,8.38938696,8.26531184,8.34166576,8.33212152,2975142,25909292.64,0.1145,0.5866,17.535164,1.765617
2024-04-25,sh.603387,8.33212152,8.66616992,8.3034888,8.589816,8.34166576,5530432,49481196.22,2.9748,1.0905,18.056805,1.818142
2024-04-26,sh.603387,8.5420948,8.66616992,8.51346208,8.62799296,8.589816,3176996,28627073.85,0.4444,0.6264,18.137057,1.826222
2024-04-29,sh.603387,8.589816,8.81887776,8.51346208,8.79978928,8.62799296,4021832,36886670.75,1.9912,0.793,18.498193,1.862585
2024-04-30,sh.603387,8.79024504,9.00021832,8.74252384,8.96204136,8.79978928,5279983,49227989.09,1.8438,1.0411,19.496375,1.799703
2024-05-06,sh.603387,9.05748376,9.45834184,9.03839528,9.39153216,8.96204136,9933920,96890813.04,4.7923,1.9588,20.430706,1.885951
2024-05-07,sh.603387,9.41062064,9.46788608,9.31517824,9.39153216,9.39153216,5032588,49437809.04,0.0,0.9923,20.430706,1.885951
2024-05-08,sh.603387,9.39153216,9.63013816,9.31517824,9.4010764,9.39153216,6466496,64041323.32,0.1016,1.2751,20.451469,1.887868
2024-05-09,sh.603387,9.39153216,9.5919612,9.33426672,9.47743032,9.4010764,4551204,45265526.68,0.8122,0.8974,20.617572,1.903201
2024-05-10,sh.603387,9.42970912,9.53469576,9.2579128,9.26745704,9.47743032,4820808,47128858.06,-2.2155,0.9506,20.160788,1.861035
2024-05-13,sh.603387,9.26745704,9.33426672,9.08611648,9.1147492,9.26745704,4072304,39272772.83,-1.6478,0.803,19.828582,1.830369
2024-05-14,sh.603387,9.1147492,9.27700128,9.1147492,9.12429344,9.1147492,2631620,25353896.02,0.1047,0.5189,19.849345,1.832286
2024-05-15,sh.603387,9.17201464,9.2101916,9.0193068,9.04793952,9.12429344,2449128,23371987.52,-0.8368,0.4829,19.683241,1.816953
2024-05-16,sh.603387,9.08611648,9.15292616,9.00976256,9.04793952,9.04793952,3233984,30745894.6,0.0,0.6377,19.683241,1.816953
2024-05-17,sh.603387,9.07657224,9.10520496,8.9238644,9.00976256,9.04793952,3312844,31215084.52,-0.4219,0.6532,19.60019,1.809286
2024-05-20,sh.603387,8.96204136,9.04793952,8.828422,8.89523168,9.00976256,5186753,48512677.9,-1.2712,1.0227,19.351035,1.786287
2024-05-21,sh.603387,8.81887776,8.89523168,8.70434688,8.79024504,8.89523168,4104302,37780974.78,-1.1803,0.8093,19.122643,1.765204
2024-05-22,sh.603387,8.80933352,8.91432016,8.74252384,8.80933352,8.79024504,2630969,24317828.41,0.2172,0.5188,19.164168,1.769037
2024-05-23,sh.603387,8.81887776,8.85705472,8.58027176,8.59936024,8.80933352,3494374,31699526.58,-2.3835,0.689,18.707384,1.726872
2024-05-24,sh.603387,8.59936024,8.70434688,8.57072752,8.61844872,8.59936024,2407944,21825325.32,0.222,0.4748,18.74891,1.730705
2024-05-27,sh.603387,8.59936024,8.6852584,8.45619664,8.55163904,8.61844872,3277238,29302542.43,-0.7752,0.6462,18.60357,1.717289
2024-05-28,sh.603387,8.589816,8.60890448,8.47528512,8.50391784,8.55163904,1834520,16415669.5,-0.558,0.3617,18.499755,1.707706
2024-05-29,sh.603387,8.46574088,8.56118328,8.46574088,8.48482936,8.50391784,1890151,16842578.35,-0.2245,0.3727,18.458229,1.703872
2024-05-30,sh.603387,8.51346208,8.60890448,8.43710816,8.5420948,8.48482936,2588392,23140522.44,0.6749,0.5104,18.582807,1.715372
2024-05-31,sh.603387,8.5420948,8.6375372,8.51346208,8.60890448,8.5420948,2146496,19284912.44,0.7821,0.4232,18.728147,1.728788
2024-06-03,sh.603387,8.589816,8.64708144,8.2557676,8.35121,8.60890448,4094129,35968420.38,-2.9933,0.8073,18.167549,1.67704
2024-06-04,sh.603387,8.33212152,8.40847544,8.19850216,8.27485608,8.35121,3266218,28330797.24,-0.9143,0.644,18.001445,1.661707
2024-06-05,sh.603387,8.32257728,8.41801968,8.21759064,8.22713488,8.27485608,2865293,24975771.6,-0.5767,0.565,17.897631,1.652124
2024-06-06,sh.603387,8.2557676,8.26531184,7.91217496,7.97898464,8.22713488,4522520,38045724.2,-3.0162,0.8917,17.357795,1.602292
2024-06-07,sh.603387,8.0171616,8.1603252,8.00761736,8.14123672,7.97898464,3017278,25581481.38,2.0335,0.5949,17.710765,1.634874
2024-06-11,sh.603387,8.12214824,8.16986944,7.9694404,8.112604,8.14123672,2073457,17532949.51,-0.3517,0.4088,17.648476,1.629124
2024-06-12,sh.603387,8.14157598,8.31541746,8.08362882,8.21883886,8.1126024,2271263,19367374.74,1.3095,0.4478,17.669239,1.631041
2024-06-13,sh.603387,8.26712816,8.29610174,8.14157598,8.18986528,8.21883886,1848056,15713556.44,-0.3525,0.3644,17.60695,1.625291
2024-06-14,sh.603387,8.18986528,8.19952314,8.04499738,8.1126024,8.18986528,1977589,16623723.4,-0.9434,0.3899,17.440847,1.609958
2024-06-17,sh.603387,8.1126024,8.12226026,8.00636594,8.0160238,8.1126024,1492928,12438739.12,-1.1905,0.2944,17.233218,1.590792
2024-06-18,sh.603387,8.0160238,8.05465524,7.93876092,7.95807664,8.0160238,1959986,16215279.5,-0.7229,0.3865,17.10864,1.579292
2024-06-19,sh.603387,7.95807664,8.03533952,7.8711559,7.88081376,7.95807664,1579429,12952705.85,-0.9709,0.3114,16.942537,1.563959
2024-06-20,sh.603387,7.88081376,7.98705022,7.726288,7.74560372,7.88081376,2848476,23123144.0,-1.7157,0.5617,16.651856,1.537127
2024-06-21,sh.603387,7.726288,7.90978734,7.6779987,7.85184018,7.74560372,2013736,16317129.72,1.3716,0.3971,16.880248,1.55821
2024-06-24,sh.603387,7.84218232,7.84218232,7.42689434,7.45586792,7.85184018,3716630,29129643.36,-5.0431,0.7328,16.028969,1.479628
2024-06-25,sh.603387,7.41723648,7.57176224,7.3882629,7.49449936,7.45586792,2519241,19563621.83,0.5181,0.4967,16.11202,1.487295
2024-06-26,sh.603387,7.49449936,7.78423516,7.4365522,7.7745773,7.49449936,2291356,18098229.15,3.7371,0.4518,16.714145,1.542877
2024-06-27,sh.603387,7.74560372,7.79389302,7.60073582,7.61039368,7.7745773,1687600,13433426.6,-2.1118,0.3328,16.361175,1.510294
2024-06-28,sh.603387,7.65868298,7.68765656,7.46552578,7.49449936,7.61039368,2101545,16511497.93,-1.5228,0.4144,16.11202,1.487295
2024-07-01,sh.603387,7.52347294,7.6297094,7.40757862,7.60073582,7.49449936,1863664,14552829.48,1.4175,0.3675,16.340412,1.508377
2024-07-02,sh.603387,7.63936726,7.68765656,7.50415722,7.51381508,7.60073582,2413817,18913063.03,-1.1436,0.476,16.153546,1.491128
2024-07-03,sh.603387,7.54278866,7.56210438,7.42689434,7.44621006,7.51381508,1770572,13689941.03,-0.8997,0.3491,16.008206,1.477712
2024-07-04,sh.603387,7.44621006,7.47518364,7.25305286,7.26271072,7.44621006,2176111,16493348.77,-2.4643,0.4291,15.61371,1.441296
2024-07-05,sh.603387,7.25305286,7.51381508,7.18544784,7.50415722,7.26271072,2834745,21569224.17,3.3245,0.559,16.132783,1.489211
2024-07-08,sh.603387,7.4848415,7.49449936,7.10818496,7.1468164,7.50415722,3707601,27704216.67,-4.7619,0.7311,15.364555,1.418296
2024-07-09,sh.603387,7.13715854,7.30134216,7.02126422,7.243395,7.1468164,2809080,20809383.24,1.3514,0.5539,15.572185,1.437463
2024-07-10,sh.603387,7.21442142,7.32065788,7.12750068,7.1468164,7.243395,2367460,17637954.6,-1.3333,0.4668,15.364555,1.418296
2024-07-11,sh.603387,7.27236858,7.49449936,7.25305286,7.4848415,7.1468164,2815286,21582216.4,4.7297,0.5551,16.091257,1.485378
2024-07-12,sh.603387,7.49449936,7.55244652,7.39792076,7.44621006,7.4848415,1726581,13339116.89,-0.5161,0.3404,16.008206,1.477712
2024-07-15,sh.603387,7.5331308,7.5331308,7.243395,7.26271072,7.44621006,1787726,13522199.69,-2.4643,0.3525,15.61371,1.441296
2024-07-16,sh.603387,7.1951057,7.28202644,7.17578998,7.20476356,7.26271072,1754995,13107207.47,-0.7979,0.346,15.489133,1.429796
2024-07-17,sh.603387,7.20476356,7.27236858,7.0985271,7.243395,7.20476356,1662164,12403700.88,0.5362,0.3277,15.572185,1.437463
2024-07-18,sh.603387,7.23373714,7.3399736,7.11784282,7.32065788,7.243395,1802586,13533767.94,1.0667,0.3554,15.738288,1.452796
2024-07-19,sh.603387,7.30134216,7.40757862,7.243395,7.36894718,7.32065788,1608661,12230259.06,0.6596,0.3172,15.842102,1.462379
2024-07-22,sh.603387,7.34963146,7.45586792,7.28202644,7.41723648,7.36894718,1874093,14331790.86,0.6553,0.3695,15.945917,1.471962
2024-07-23,sh.603387,7.45586792,7.47518364,7.1468164,7.18544784,7.41723648,2604726,19704990.62,-3.125,0.5136,15.447607,1.425963
2024-07-24,sh.603387,7.15647426,7.18544784,7.01160636,7.02126422,7.18544784,2130372,15597373.19,-2.2849,0.4201,15.094638,1.39338
2024-07-25,sh.603387,7.02126422,7.16613212,6.97297492,7.05989566,7.02126422,1478500,10842720.52,0.5502,0.2915,15.177689,1.401047
2024-07-26,sh.603387,7.07921138,7.18544784,7.06955352,7.16613212,7.05989566,1522790,11270405.66,1.5048,0.3003,15.406081,1.42213
2024-07-29,sh.603387,7.16613212,7.17578998,7.06955352,7.10818496,7.16613212,1229338,9057412.86,-0.8086,0.2424,15.281504,1.41063
2024-07-30,sh.603387,7.08886924,7.1468164,7.0502378,7.11784282,7.10818496,1485815,10928457.41,0.1359,0.293,15.302267,1.412547
2024-07-31,sh.603387,7.13715854,7.4365522,7.08886924,7.4365522,7.11784282,2839891,21541022.97,4.4776,0.56,15.987443,1.475795
2024-08-01,sh.603387,7.4848415,7.55244652,7.36894718,7.41723648,7.4365522,1972551,15198206.78,-0.2597,0.3889,15.945917,1.471962
2024-08-02,sh.603387,7.39792076,7.69731442,7.3882629,7.4848415,7.41723648,3707960,29047144.2,0.9115,0.7311,16.091257,1.485378
2024-08-05,sh.603387,7.4848415,7.64902512,7.37860504,7.40757862,7.4848415,3233708,25146569.56,-1.0323,0.6376,15.925154,1.470045
2024-08-06,sh.603387,7.46552578,7.64902512,7.45586792,7.62005154,7.40757862,3216815,25187178.71,2.8683,0.6343,16.381938,1.512211
2024-08-07,sh.603387,7.63936726,7.6779987,7.45586792,7.54278866,7.62005154,2318518,18086733.6,-1.0139,0.4572,16.215835,1.496878
2024-08-08,sh.603387,7.54278866,7.70697228,7.45586792,7.6297094,7.54278866,2508110,19814619.3,1.1524,0.4945,16.402701,1.514127
2024-08-09,sh.603387,7.61039368,7.66834084,7.49449936,7.49449936,7.6297094,2398628,18777845.64,-1.7722,0.473,16.11202,1.487295
2024-08-12,sh.603387,7.57176224,7.7745773,7.5331308,7.64902512,7.49449936,5814130,46444787.96,2.0619,1.1464,16.444227,1.517961
2024-08-13,sh.603387,7.61039368,7.726288,7.46552578,7.56210438,7.64902512,5265685,41226389.23,-1.1364,1.0383,16.257361,1.500711
2024-08-14,sh.603387,7.5331308,7.5814201,7.40757862,7.44621006,7.56210438,2614795,20222982.7,-1.5326,0.5156,16.008206,1.477712
2024-08-15,sh.603387,7.56210438,7.74560372,7.41723648,7.4848415,7.44621006,3737908,29229503.1,0.5188,0.737,16.091257,1.485378
2024-08-16,sh.603387,7.49449936,7.9194452,7.3882629,7.75526158,7.4848415,8740036,69662473.12,3.6129,1.7234,16.672619,1.539043
2024-08-19,sh.603387,7.76491944,7.97739236,7.60073582,7.64902512,7.75526158,9298070,74416976.04,-1.3699,1.8334,16.444227,1.517961
2024-08-20,sh.603387,7.64902512,7.66834084,7.37860504,7.39792076,7.64902512,6172728,47786263.92,-3.2828,1.2171,15.904391,1.468129
2024-08-21,sh.603387,7.37860504,7.37860504,7.243395,7.243395,7.39792076,4042520,30520675.84,-2.0888,0.7971,15.572185,1.437463
2024-08-22,sh.603387,7.31100002,7.39792076,7.23373714,7.25305286,7.243395,3148953,23866679.76,0.1333,0.6209,15.592947,1.439379
2024-08-23,sh.603387,7.243395,7.34963146,7.08886924,7.10818496,7.25305286,2450539,18127375.08,-1.9973,0.4832,15.281504,1.41063
2024-08-26,sh.603387,7.05989566,7.11784282,6.98263278,7.10818496,7.10818496,2814256,20538620.28,0.0,0.5549,15.281504,1.41063
2024-08-27,sh.603387,7.10818496,7.2916843,7.07921138,7.20476356,7.10818496,2706320,20213246.48,1.3587,0.5336,15.489133,1.429796
2024-08-28,sh.603387,7.03092208,7.22407928,6.86673846,7.10818496,7.20476356,3298157,24086560.35,-1.3405,0.6503,15.281504,1.41063
2024-08-29,sh.603387,7.08886924,7.31100002,7.0502378,7.2916843,7.10818496,2237991,16756644.24,2.5815,0.4413,15.675999,1.447046
2024-08-30,sh.603387,7.2916843,7.3882629,7.1951057,7.2916843,7.2916843,3679820,27926359.8,0.0,0.7256,15.675999,1.447046
2024-09-02,sh.603387,7.34963146,7.4848415,7.26271072,7.26271072,7.2916843,3459036,26309150.16,-0.3974,0.682,14.790155,1.479147
2024-09-03,sh.603387,7.26271072,7.39792076,7.1951057,7.32065788,7.26271072,2410012,18275372.36,0.7979,0.4752,14.908161,1.490948
2024-09-04,sh.603387,7.26271072,7.35928932,7.22407928,7.23373714,7.32065788,1666156,12583489.12,-1.1873,0.3285,14.731151,1.473246
2024-09-05,sh.603387,7.23373714,7.35928932,7.23373714,7.3399736,7.23373714,1595685,12094561.69,1.4686,0.3146,14.947497,1.494882
2024-09-06,sh.603387,7.32065788,7.37860504,7.15647426,7.17578998,7.3399736,1414266,10595612.59,-2.2368,0.2789,14.613145,1.461444
2024-09-09,sh.603387,7.21442142,7.32065788,7.1468164,7.20476356,7.17578998,1874892,14031047.88,0.4038,0.3697,14.672148,1.467345
2024-09-10,sh.603387,7.16613212,7.243395,7.03092208,7.12750068,7.20476356,2018395,14852221.62,-1.0724,0.398,14.514806,1.451609
2024-09-11,sh.603387,7.11784282,7.18544784,7.06955352,7.10818496,7.12750068,1370912,10119148.52,-0.271,0.2703,14.475471,1.447675
2024-09-12,sh.603387,7.12750068,7.21442142,7.0985271,7.0985271,7.10818496,1196995,8847055.49,-0.1359,0.236,14.455803,1.445708
2024-09-13,sh.603387,7.0985271,7.10818496,6.94400134,6.9536592,7.0985271,1356245,9836009.31,-2.0408,0.2674,14.160786,1.416204
2024-09-18,sh.603387,6.92468562,6.9536592,6.7122127,6.760502,6.9536592,2765604,19426878.32,-2.7778,0.5453,13.767431,1.376865
2024-09-19,sh.603387,6.81920405,6.99530975,6.7898531,6.9268242,6.76050215,2394904,16899187.0,2.4602,0.4722,13.924773,1.392601
2024-09-20,sh.603387,6.95617515,6.97574245,6.79963675,6.83877135,6.9268242,2410391,16905722.63,-1.2712,0.4753,13.747763,1.374898
2024-09-23,sh.603387,6.81920405,6.8876896,6.78006945,6.79963675,6.83877135,2094293,14595260.47,-0.5722,0.413,13.669092,1.36703
2024-09-24,sh.603387,6.8094204,7.044228,6.8094204,7.03444435,6.79963675,3120164,22205651.08,3.4532,0.6152,14.141119,1.414237
2024-09-25,sh.603387,7.07357895,7.2790356,7.07357895,7.15184815,7.03444435,3182623,23392354.11,1.669,0.6275,14.377132,1.437841
2024-09-26,sh.603387,7.1616318,7.8660546,7.11271355,7.8660546,7.15184815,11136498,87428374.07,9.9863,2.1959,15.812878,1.581428
2024-09-27,sh.603387,7.8464873,8.16934775,7.77800175,8.1008622,7.8660546,11576465,94051831.47,2.9851,2.2826,16.284904,1.628635
2024-09-30,sh.603387,8.3161025,8.7857177,8.11064585,8.65853025,8.1008622,22767928,197332091.83,6.8841,4.4894,17.405967,1.740751
2024-10-08,sh.603387,9.5097078,9.5292751,8.6291793,9.04987625,8.65853025,25334140,235294366.61,4.5198,4.9954,18.192677,1.819429
2024-10-09,sh.603387,9.000958,9.000958,8.2965352,8.3161025,9.04987625,13961592,122702818.51,-8.1081,2.7529,16.717595,1.671908
2024-10-10,sh.603387,8.413939,8.59982835,8.18891505,8.2378333,8.3161025,10476496,89885729.79,-0.9412,2.0657,16.560253,1.656172
2024-10-11,sh.603387,8.2378333,8.30631885,7.89540555,8.0421603,8.2378333,8269576,68110776.78,-2.3753,1.6306,16.166898,1.616833
2024-10-14,sh.603387,8.0421603,8.09107855,7.83670365,8.0617276,8.0421603,6467159,52768884.23,0.2433,1.2752,16.206233,1.620767
2024-10-15,sh.603387,8.0030257,8.48242455,7.97367475,8.07151125,8.0617276,9887110,83199460.55,0.1214,1.9495,16.225901,1.622734
2024-10-16,sh.603387,7.9834584,8.0812949,7.89540555,8.0030257,8.07151125,5645624,46154906.62,-0.8485,1.1132,16.088227,1.608965
2024-10-17,sh.603387,8.01280935,8.1791314,7.9443238,7.9638911,8.0030257,5128877,42229399.93,-0.489,1.0113,16.009556,1.601098
2024-10-18,sh.603387,7.9443238,8.22804965,7.9443238,8.1204295,7.9638911,6427240,53105926.23,1.9656,1.2673,16.32424,1.632569
2024-10-21,sh.603387,8.1399968,8.1595641,7.9638911,8.0812949,8.1204295,6402765,52793411.94,-0.4819,1.2625,16.245569,1.624701
2024-10-22,sh.603387,8.07151125,8.2378333,8.022593,8.1986987,8.0812949,5146645,42940729.0,1.4528,1.0148,16.481582,1.648304
2024-10-23,sh.603387,8.18891505,8.3161025,8.1399968,8.20848235,8.1986987,5018886,42207589.38,0.1193,0.9896,16.50125,1.650271
2024-10-24,sh.603387,8.218266,8.3943717,8.20848235,8.2769679,8.20848235,7175948,60689235.42,0.8343,1.4149,16.638924,1.66404
2024-10-25,sh.603387,8.2769679,8.34545345,8.218266,8.28675155,8.2769679,6076928,51417549.56,0.1182,1.1982,16.658592,1.666007
2024-10-28,sh.603387,8.2769679,8.44328995,8.2378333,8.4335063,8.28675155,5765038,49308436.6,1.771,1.1367,16.953608,1.695511
2024-10-29,sh.603387,8.4530736,8.54112645,8.20848235,8.22804965,8.4335063,6759349,57434272.5,-2.4362,1.3328,16.540585,1.654205
2024-10-30,sh.603387,8.22804965,8.2965352,8.0421603,8.1595641,8.22804965,5013455,41847254.62,-0.8323,0.9885,16.402911,1.640437
2024-10-31,sh.603387,8.1595641,8.48242455,8.1204295,8.2965352,8.1595641,8501011,71797019.3,1.6787,1.6762,16.999581,1.656475
2024-11-01,sh.603387,8.2769679,8.56069375,8.09107855,8.16934775,8.2965352,9043643,76507571.5,-1.533,1.7832,16.738975,1.631081
2024-11-04,sh.603387,8.16934775,8.2965352,8.14978045,8.2965352,8.16934775,5148391,43313018.39,1.5569,1.0152,16.999581,1.656475
2024-11-05,sh.603387,8.28675155,8.4335063,8.22804965,8.40415535,8.2965352,6714344,57346641.84,1.2972,1.3239,17.220095,1.677963
2024-11-06,sh.603387,8.40415535,8.4726409,8.2965352,8.413939,8.40415535,7047657,60528896.44,0.1164,1.3896,17.240141,1.679916
2024-11-07,sh.603387,8.3748044,8.85420325,8.3356698,8.75636675,8.413939,12199233,107742676.27,4.0698,2.4054,17.941775,1.748285
2024-11-08,sh.603387,8.8248523,8.87377055,8.609612,8.67809755,8.75636675,8539448,75972943.12,-0.8939,1.6838,17.781402,1.732658
2024-11-11,sh.603387,8.6291793,8.71723215,8.56069375,8.7074485,8.67809755,5853938,51728399.62,0.3382,1.1543,17.841542,1.738518
2024-11-12,sh.603387,8.7270158,8.9813907,8.7270158,8.77593405,8.7074485,11509034,104142478.02,0.7865,2.2693,17.981868,1.752192
2024-11-13,sh.603387,8.7074485,8.8835542,8.5704774,8.7465831,8.77593405,5589349,49757794.18,-0.3344,1.1021,17.921728,1.746331
2024-11-14,sh.603387,8.71723215,8.7465831,8.4530736,8.48242455,8.7465831,5378644,47127700.62,-3.0201,1.0606,17.380468,1.69359
2024-11-15,sh.603387,8.4335063,8.5900447,8.413939,8.42372265,8.48242455,4488272,39028196.28,-0.692,0.885,17.260188,1.681869
2024-11-18,sh.603387,8.44328995,8.56069375,8.28675155,8.32588615,8.42372265,5577024,47991558.92,-1.1614,1.0997,17.059721,1.662336
2024-11-19,sh.603387,8.3748044,8.83463595,8.32588615,8.7661504,8.32588615,12946001,114076750.04,5.2879,2.5527,17.961822,1.750238
2024-11-20,sh.603387,8.85420325,9.0596599,8.7857177,8.9813907,8.7661504,14970430,136621994.17,2.4554,2.9519,18.402849,1.793213
2024-11-21,sh.603387,8.95203975,9.0400926,8.805285,8.91290515,8.9813907,8994231,81963121.73,-0.7625,1.7735,18.262522,1.779539
2024-11-22,sh.603387,8.8835542,8.9422561,8.5704774,8.59982835,8.91290515,7655531,68594617.78,-3.5126,1.5095,17.621028,1.71703
2024-11-25,sh.603387,8.6291793,8.79550135,8.5313428,8.7857177,8.59982835,8436890,74723947.48,2.1615,1.6636,18.001915,1.754145
2024-11-26,sh.603387,8.73679945,9.000958,8.7074485,8.9031215,8.7857177,9343240,84898948.92,1.3363,1.8423,18.242475,1.777586
2024-11-27,sh.603387,8.9031215,8.9618234,8.56069375,8.85420325,8.9031215,7284282,64985864.11,-0.5495,1.4363,18.142242,1.767819
2024-11-28,sh.603387,8.83463595,8.9031215,8.75636675,8.805285,8.85420325,5273460,47630165.6,-0.5525,1.0398,18.042008,1.758052
2024-11-29,sh.603387,8.805285,8.95203975,8.7074485,8.89333785,8.805285,6964596,63084540.12,1.0,1.3733,18.222429,1.775632
2024-12-02,sh.603387,8.9031215,9.0205253,8.8639869,9.01074165,8.89333785,7853704,71932248.43,1.3201,1.5486,18.462989,1.799073
2024-12-03,sh.603387,9.000958,9.000958,8.7857177,8.8639869,9.01074165,6494900,58900256.52,-1.6287,1.2807,18.162289,1.769772
2024-12-04,sh.603387,8.8444196,8.8639869,8.63896295,8.6878812,8.8639869,5289404,47297766.24,-1.9868,1.043,17.801448,1.734611
2024-12-05,sh.603387,8.6878812,8.77593405,8.65853025,8.7661504,8.6878812,3489192,31110746.02,0.9009,0.688,17.961822,1.750238
2024-12-06,sh.603387,8.77593405,8.8639869,8.7661504,8.8444196,8.7661504,4519008,40758624.52,0.8929,0.8911,18.122195,1.765865
2024-12-09,sh.603387,8.8444196,8.91290515,8.73679945,8.805285,8.8444196,4079623,36808338.39,-0.4425,0.8044,18.042008,1.758052
2024-12-10,sh.603387,9.000958,9.0205253,8.77593405,8.805285,8.805285,6664402,60508125.36,0.0,1.3141,18.042008,1.758052
2024-12-11,sh.603387,8.7857177,8.89333785,8.77593405,8.89333785,8.805285,3538946,32077782.86,1.0,0.6978,18.222429,1.775632
2024-12-12,sh.603387,8.93247245,8.95203975,8.8444196,8.9422561,8.89333785,4555910,41497159.92,0.5501,0.8983,18.322662,1.785399
2024-12-13,sh.603387,8.93247245,8.93247245,8.805285,8.81506865,8.9422561,4441278,40190798.58,-1.4223,0.8757,18.062055,1.760005
2024-12-16,sh.603387,8.81506865,8.89333785,8.75636675,8.79550135,8.81506865,3770998,34047491.12,-0.222,0.7436,18.021962,1.756098
2024-12-17,sh.603387,8.77593405,8.7857177,8.3943717,8.4335063,8.79550135,6446036,56317594.52,-4.1157,1.271,17.280235,1.683823
2024-12-18,sh.603387,8.46285725,8.52155915,8.3748044,8.413939,8.4335063,3152356,27213101.16,-0.232,0.6216,17.240141,1.679916
2024-12-19,sh.603387,8.36502075,8.44328995,8.24761695,8.38458805,8.413939,3521353,30026836.33,-0.3488,0.6943,17.180001,1.674056
2024-12-20,sh.603387,8.3748044,8.52155915,8.3356698,8.3943717,8.38458805,2416820,20820287.6,0.1167,0.4765,17.200048,1.676009
2024-12-23,sh.603387,8.40415535,8.44328995,8.0617276,8.0812949,8.3943717,5044200,42246254.93,-3.7296,0.9946,16.558554,1.613501
2024-12-24,sh.603387,8.1399968,8.24761695,8.09107855,8.16934775,8.0812949,3314980,27673530.84,1.0896,0.6536,16.738975,1.631081
2024-12-25,sh.603387,8.218266,8.218266,8.03237665,8.09107855,8.16934775,2445004,20230971.92,-0.9581,0.4821,16.578601,1.615454
2024-12-26,sh.603387,8.05194395,8.16934775,8.03237665,8.07151125,8.09107855,2375968,19639823.29,-0.2418,0.4685,16.538508,1.611547
2024-12-27,sh.603387,8.07151125,8.1986987,8.022593,8.1791314,8.07151125,3071872,25548464.95,1.3333,0.6057,16.759021,1.633035
2024-12-30,sh.603387,8.14978045,8.34545345,8.07151125,8.28675155,8.1791314,4567724,38471908.59,1.3158,0.9007,16.979535,1.654522
2024-12-31,sh.603387,8.2378333,8.36502075,8.01280935,8.07151125,8.28675155,5566636,46528036.64,-2.5974,1.0976,16.538508,1.611547
2025-01-02,sh.603387,8.0421603,8.1204295,7.7877854,7.85627095,8.07151125,4313759,35113915.9,-2.6667,0.8506,16.097481,1.568573
2025-01-03,sh.603387,7.85627095,7.97367475,7.6703816,7.69973255,7.85627095,4306549,34482172.79,-1.9925,0.8492,15.776734,1.537319
2025-01-06,sh.603387,7.68016525,7.8856219,7.6508143,7.7877854,7.69973255,3100607,24661563.63,1.1436,0.6114,15.957154,1.554899
2025-01-07,sh.603387,7.8464873,7.8464873,7.60189605,7.7682181,7.7877854,3834703,30190735.1,-0.2513,0.7561,15.917061,1.550992
2025-01-08,sh.603387,7.7290835,7.82692,7.5529778,7.69973255,7.7682181,3522625,27771559.18,-0.8816,0.6946,15.776734,1.537319
2025-01-09,sh.603387,7.6899489,7.7682181,7.60189605,7.6899489,7.69973255,2411970,18944769.66,-0.1271,0.4756,15.756687,1.535365
2025-01-10,sh.603387,7.6703816,8.01280935,7.6116797,7.83670365,7.6899489,7308512,58802038.08,1.9084,1.4411,16.057388,1.564666
2025-01-13,sh.603387,7.7877854,7.7877854,7.58232875,7.6508143,7.83670365,4166650,32570445.5,-2.372,0.8216,15.676501,1.527552
2025-01-14,sh.603387,7.631247,7.87583825,7.631247,7.87583825,7.6508143,3286954,26160151.12,2.9412,0.6481,16.137574,1.57248
2025-01-15,sh.603387,7.8464873,8.20848235,7.82692,8.0617276,7.87583825,7231333,59536844.74,2.3602,1.4259,16.518461,1.609594
2025-01-16,sh.603387,8.05194395,8.1791314,7.97367475,8.0617276,8.0617276,4072894,33678929.38,0.0,0.8031,16.518461,1.609594
2025-01-17,sh.603387,7.99324205,8.3161025,7.99324205,8.09107855,8.0617276,6843446,57080931.4,0.3641,1.3494,16.578601,1.615454
2025-01-20,sh.603387,8.11064585,8.218266,8.07151125,8.07151125,8.09107855,3206772,26708335.48,-0.2418,0.6323,16.538508,1.611547
2025-01-21,sh.603387,8.218266,8.8835542,8.1399968,8.56069375,8.07151125,32593056,291537471.51,6.0606,6.4267,17.540842,1.709217
2025-01-22,sh.603387,8.218266,8.218266,7.7095162,7.7095162,8.56069375,28922730,234815678.86,-9.9429,5.703,15.796781,1.539272
2025-01-23,sh.603387,7.7877854,8.01280935,7.68016525,7.73886715,7.7095162,10890124,86773043.92,0.3807,2.1473,15.856921,1.545132
2025-01-24,sh.603387,7.68016525,7.75843445,7.62146335,7.71929985,7.73886715,6613512,52021020.12,-0.2528,1.304,15.816827,1.541225
2025-01-27,sh.603387,7.71929985,7.8660546,7.71929985,7.7486508,7.71929985,6168081,49181537.57,0.3802,1.2162,15.876967,1.547085
2025-02-05,sh.603387,7.81713635,7.8464873,7.68016525,7.7682181,7.7486508,4880793,38648622.62,0.2525,0.9624,15.917061,1.550992
2025-02-06,sh.603387,7.6899489,7.9834584,7.68016525,7.95410745,7.7682181,7030464,56398713.45,2.3929,1.3863,16.297948,1.588107
2025-02-07,sh.603387,7.95410745,8.14978045,7.9247565,8.0617276,7.95410745,7699419,63346200.52,1.353,1.5182,16.518461,1.609594
2025-02-10,sh.603387,8.03237665,8.24761695,8.022593,8.1986987,8.0617276,6146778,51326903.73,1.699,1.212,16.799115,1.636941
2025-02-11,sh.603387,8.218266,8.218266,8.0617276,8.1204295,8.1986987,4320872,35830952.76,-0.9547,0.852,16.638741,1.621314
2025-02-12,sh.603387,8.1008622,8.14978045,8.01280935,8.1008622,8.1204295,3822216,31552039.68,-0.241,0.7537,16.598648,1.617408
2025-02-13,sh.603387,8.0617276,8.13021315,8.0030257,8.01280935,8.1008622,3044529,25064775.99,-1.087,0.6003,16.418228,1.599827
2025-02-14,sh.603387,8.0030257,8.28675155,8.0030257,8.24761695,8.01280935,9403331,78764760.34,2.9304,1.8541,16.899348,1.646708
2025-02-17,sh.603387,8.3356698,8.609612,8.3161025,8.4530736,8.24761695,10154808,88030733.19,2.4911,2.0023,17.320328,1.68773
2025-02-18,sh.603387,8.44328995,8.4530736,8.14978045,8.218266,8.4530736,5844859,49679633.79,-2.7778,1.1525,16.839208,1.640848
2025-02-19,sh.603387,8.20848235,8.3748044,8.1595641,8.3356698,8.218266,5705769,48304925.18,1.4286,1.1251,17.079768,1.664289
2025-02-20,sh.603387,8.3356698,8.58026105,8.3161025,8.3943717,8.3356698,6041057,52194828.86,0.7042,1.1912,17.200048,1.676009
2025-02-21,sh.603387,8.3943717,8.5313428,8.2769679,8.3552371,8.3943717,5162528,44067605.6,-0.4662,1.0179,17.119861,1.668196
2025-02-24,sh.603387,8.3356698,8.3748044,8.26718425,8.3161025,8.3552371,4249667,36072754.53,-0.4684,0.8379,17.039675,1.660382
2025-02-25,sh.603387,8.26718425,8.413939,8.18891505,8.36502075,8.3161025,5319336,45279963.04,0.5882,1.0489,17.139908,1.670149
2025-02-26,sh.603387,8.413939,8.46285725,8.34545345,8.413939,8.36502075,4856667,41688438.55,0.5848,0.9576,17.240141,1.679916
2025-02-27,sh.603387,8.42372265,8.4530736,8.30631885,8.42372265,8.413939,5078002,43534954.34,0.1163,1.0013,17.260188,1.681869
2025-02-28,sh.603387,8.44328995,8.4922082,8.2378333,8.26718425,8.42372265,4811580,40986404.48,-1.8583,0.9487,16.939441,1.650615
2025-03-03,sh.603387,8.30631885,8.4335063,8.24761695,8.3552371,8.26718425,4376760,37426298.2,1.0651,0.863,17.119861,1.668196
2025-03-04,sh.603387,8.3552371,8.5117755,8.28675155,8.4922082,8.3552371,5767083,49795833.94,1.6393,1.1371,17.400515,1.695543
2025-03-05,sh.603387,8.46285725,8.46285725,8.30631885,8.3748044,8.4922082,3777818,32253675.65,-1.3825,0.7449,17.159955,1.672102
2025-03-06,sh.603387,8.3748044,8.52155915,8.32588615,8.46285725,8.3748044,4634308,39909816.72,1.0514,0.9138,17.340375,1.689683
2025-03-07,sh.603387,8.413939,8.63896295,8.40415535,8.4530736,8.46285725,6929276,60279228.44,-0.1156,1.3663,17.320328,1.68773
2025-03-10,sh.603387,8.4726409,8.63896295,8.44328995,8.5509101,8.4530736,5119308,44656411.6,1.1574,1.0094,17.520795,1.707264
2025-03-11,sh.603387,8.46285725,8.56069375,8.42372265,8.5117755,8.5509101,3201032,27761208.68,-0.4577,0.6312,17.440608,1.69945
2025-03-12,sh.603387,8.5117755,8.56069375,8.38458805,8.42372265,8.5117755,4067424,35105304.44,-1.0345,0.802,17.260188,1.681869
2025-03-13,sh.603387,8.44328995,8.44328995,8.28675155,8.40415535,8.42372265,4288236,36603293.44,-0.2323,0.8455,17.220095,1.677963
2025-03-14,sh.603387,8.3748044,8.56069375,8.34545345,8.56069375,8.40415535,5288728,45833700.2,1.8626,1.0428,17.540842,1.709217
2025-03-17,sh.603387,8.56069375,8.59982835,8.4922082,8.58026105,8.56069375,4650299,40650164.2,0.2286,0.9169,17.580935,1.713124
2025-03-18,sh.603387,8.5900447,8.65853025,8.56069375,8.61939565,8.58026105,4975913,43769614.1,0.4561,0.9811,17.661122,1.720937
2025-03-19,sh.603387,8.609612,8.65853025,8.5704774,8.6291793,8.61939565,4340616,38282205.2,0.1135,0.8559,17.681168,1.722891
2025-03-20,sh.603387,8.63896295,8.63896295,8.54112645,8.5900447,8.6291793,3932368,34494068.16,-0.4535,0.7754,17.600982,1.715077
2025-03-21,sh.603387,8.609612,8.63896295,8.4530736,8.4922082,8.5900447,5057460,44171745.32,-1.139,0.9972,17.400515,1.695543
2025-03-24,sh.603387,8.4922082,8.5313428,8.24761695,8.36502075,8.4922082,5018678,42855264.14,-1.4977,0.9896,17.139908,1.670149
2025-03-25,sh.603387,8.3356698,8.4726409,8.30631885,8.4335063,8.36502075,3559476,30537925.0,0.8187,0.7019,17.280235,1.683823
2025-03-26,sh.603387,8.46285725,8.5313428,8.3748044,8.4922082,8.4335063,3874693,33596534.7,0.6961,0.764,17.400515,1.695543
2025-03-27,sh.603387,8.4335063,8.56069375,8.3356698,8.5509101,8.4922082,3980848,34555216.92,0.6912,0.7849,17.520795,1.707264
2025-03-28,sh.603387,8.5313428,8.6487466,8.48242455,8.50199185,8.5509101,4818968,42183188.12,-0.5721,0.9502,17.420561,1.697497
2025-03-31,sh.603387,8.50199185,8.5117755,8.1008622,8.1986987,8.50199185,6012851,50626325.48,-3.5673,1.1856,16.799115,1.636941
2025-04-01,sh.603387,8.22804965,8.5704774,8.22804965,8.48242455,8.1986987,8081740,70031844.41,3.4606,1.5935,17.380468,1.69359
2025-04-02,sh.603387,8.4922082,8.609612,8.413939,8.52155915,8.48242455,4937728,43076008.17,0.4614,0.9736,17.460655,1.701403
2025-04-03,sh.603387,8.46285725,8.63896295,8.413939,8.48242455,8.52155915,4454260,38798810.16,-0.4592,0.8783,17.380468,1.69359
2025-04-07,sh.603387,8.218266,8.22804965,7.631247,7.631247,8.48242455,9210832,73374426.0,-10.0346,1.8162,15.636407,1.523645
2025-04-08,sh.603387,7.77800175,7.77800175,7.40622305,7.58232875,7.631247,8040760,62084068.54,-0.641,1.5855,15.536174,1.513878
2025-04-09,sh.603387,7.5138432,7.6116797,7.15184815,7.58232875,7.58232875,9363509,71164799.09,0.0,1.8463,15.536174,1.513878
2025-04-10,sh.603387,7.7290835,7.83670365,7.64103065,7.7486508,7.58232875,7332192,58060876.4,2.1935,1.4458,15.876967,1.547085
2025-04-11,sh.603387,7.68016525,7.8073527,7.64103065,7.7095162,7.7486508,4844460,38281575.4,-0.5051,0.9552,15.796781,1.539272
2025-04-14,sh.603387,7.75843445,7.83670365,7.7290835,7.75843445,7.7095162,4603216,36566600.4,0.6345,0.9077,15.897014,1.549039
2025-04-15,sh.603387,7.77800175,7.81713635,7.7095162,7.77800175,7.75843445,2690272,21345456.16,0.2522,0.5305,15.937107,1.552946
2025-04-16,sh.603387,7.75843445,7.75843445,7.5529778,7.64103065,7.77800175,4194620,32831796.32,-1.761,0.8271,15.656454,1.525598
2025-04-17,sh.603387,7.66059795,7.75843445,7.5921124,7.7486508,7.64103065,3246226,25582958.28,1.4085,0.6401,15.876967,1.547085
2025-04-18,sh.603387,7.6703816,7.82692,7.6703816,7.75843445,7.7486508,3336712,26423754.76,0.1263,0.6579,15.897014,1.549039
2025-04-21,sh.603387,7.75843445,7.79756905,7.66059795,7.7682181,7.75843445,3062940,24258387.2,0.1261,0.6039,15.917061,1.550992
2025-04-22,sh.603387,7.7486508,7.81713635,7.71929985,7.8073527,7.7682181,3650772,29023254.24,0.5038,0.7199,15.997247,1.558806
2025-04-23,sh.603387,7.81713635,7.8856219,7.7877854,7.82692,7.8073527,2719184,21754561.16,0.2506,0.5362,16.037341,1.562713
2025-04-24,sh.603387,7.82692,7.9638911,7.81713635,7.8660546,7.82692,4169421,33636540.54,0.5,0.8221,16.117528,1.570526
2025-04-25,sh.603387,7.83670365,7.9247565,7.7877854,7.8073527,7.8660546,3544313,28353911.68,-0.7463,0.6989,15.997247,1.558806
2025-04-28,sh.603387,7.77800175,7.79756905,7.6116797,7.6703816,7.8073527,3347460,26306869.0,-1.7544,0.66,15.716594,1.531458
2025-04-29,sh.603387,7.6899489,7.77800175,7.64103065,7.66059795,7.6703816,3364261,26466528.73,-0.1276,0.6634,15.696547,1.529505
2025-04-30,sh.603387,7.6116797,7.8073527,7.6116797,7.7682181,7.66059795,4976997,39364237.91,1.4049,0.9814,19.941513,1.500096
2025-05-06,sh.603387,7.87583825,8.022593,7.7682181,7.91497285,7.7682181,5704450,46224253.43,1.8892,1.1248,20.318242,1.528435
2025-05-07,sh.603387,7.99324205,7.99324205,7.8073527,7.8660546,7.91497285,4913182,39575408.18,-0.618,0.9688,20.192665,1.518989
2025-05-08,sh.603387,7.85627095,7.95410745,7.82692,7.89540555,7.8660546,3937041,31777191.03,0.3731,0.7763,20.268011,1.524656
2025-05-09,sh.603387,7.89540555,7.9443238,7.85627095,7.8856219,7.89540555,3345122,26980059.68,-0.1239,0.6596,20.242896,1.522767
2025-05-12,sh.603387,7.93454015,7.93454015,7.79756905,7.8464873,7.8856219,3691414,29638693.68,-0.4963,0.7279,20.142435,1.51521
2025-05-13,sh.603387,7.91497285,7.9638911,7.85627095,7.93454015,7.8464873,4297294,34778047.86,1.1222,0.8473,20.368472,1.532214
2025-05-14,sh.603387,7.97367475,7.97367475,7.85627095,7.93454015,7.93454015,3542540,28639507.52,0.0,0.6985,20.368472,1.532214
2025-05-15,sh.603387,7.9247565,7.95410745,7.8660546,7.9443238,7.93454015,3150692,25526001.28,0.1233,0.6213,20.393587,1.534103
2025-05-16,sh.603387,7.93454015,8.01280935,7.87583825,7.9834584,7.9443238,3654752,29690061.48,0.4926,0.7206,20.494048,1.54166
2025-05-19,sh.603387,7.9834584,8.0030257,7.87583825,7.91497285,7.9834584,3231624,26129378.92,-0.8578,0.6372,20.318242,1.528435
2025-05-20,sh.603387,7.93454015,8.2378333,7.9247565,8.0812949,7.91497285,9581620,79186953.83,2.1014,1.8893,20.745201,1.560553
2025-05-21,sh.603387,8.0617276,8.13021315,8.022593,8.07151125,8.0812949,4776660,39436554.64,-0.1211,0.9419,20.720086,1.558664
2025-05-22,sh.603387,8.05194395,8.07151125,7.91497285,7.9247565,8.07151125,4485377,36598963.71,-1.8182,0.8844,20.343357,1.530324
2025-05-23,sh.603387,7.91497285,8.07151125,7.91497285,7.9247565,7.9247565,4739020,38780606.08,0.0,0.9344,20.343357,1.530324
2025-05-26,sh.603387,7.91497285,7.9443238,7.7877854,7.87583825,7.9247565,4545387,36555030.35,-0.6173,0.8963,20.217781,1.520878
2025-05-27,sh.603387,7.87583825,7.9247565,7.82692,7.9247565,7.87583825,3394369,27360336.53,0.6211,0.6693,20.343357,1.530324
2025-05-28,sh.603387,7.91497285,7.9638911,7.85627095,7.9051892,7.9247565,2374000,19166888.6,-0.2469,0.4681,20.293126,1.526546
2025-05-29,sh.603387,7.9051892,8.022593,7.85627095,8.01280935,7.9051892,4642148,37853856.8,1.3614,0.9153,20.569394,1.547328
2025-05-30,sh.603387,8.0030257,8.1204295,8.0030257,8.0617276,8.01280935,4400465,36281675.11,0.6105,0.8677,20.69497,1.556774
2025-06-03,sh.603387,8.05194395,8.1595641,7.99324205,8.1595641,8.0617276,5579738,46232117.71,1.2136,1.1002,20.946123,1.575667
2025-06-04,sh.603387,8.1595641,8.20848235,8.1008622,8.18891505,8.1595641,3996537,33292024.05,0.3597,0.788,21.021469,1.581335
2025-06-05,sh.603387,8.1986987,8.26718425,8.0617276,8.11064585,8.18891505,4973576,41351256.32,-0.9558,0.9807,20.820547,1.566221
2025-06-06,sh.603387,8.1204295,8.1399968,8.0421603,8.0617276,8.11064585,2767474,22840096.48,-0.6031,0.5457,20.69497,1.556774
2025-06-09,sh.603387,8.0812949,8.218266,8.07151125,8.18891505,8.0617276,4832770,40375530.8,1.5777,0.9529,21.021469,1.581335
2025-06-10,sh.603387,8.18891505,8.24761695,8.07151125,8.16934775,8.18891505,5027716,42010759.72,-0.2389,0.9914,20.971238,1.577557
2025-06-11,sh.603387,8.14978045,8.2378333,8.14978045,8.18891505,8.16934775,3572844,29952495.72,0.2395,0.7045,21.021469,1.581335
2025-06-12,sh.603387,8.14978045,8.218266,8.07151125,8.13021315,8.18891505,4039376,33613193.48,-0.7168,0.7965,20.870777,1.569999
2025-06-13,sh.603387,8.1008622,8.1986987,7.9443238,7.97367475,8.13021315,5542952,45477208.6,-1.9254,1.093,20.468933,1.539771
2025-06-16,sh.603387,7.97367475,8.05194395,7.8660546,7.89540555,7.97367475,8966124,72854574.95,-0.9816,1.7679,20.268011,1.524656
2025-06-17,sh.603387,7.94487397,8.06360185,7.82614609,7.87561604,7.89540402,6065831,48578521.4,-0.2506,1.1961,19.991743,1.503874
2025-06-18,sh.603387,7.83604008,7.86572205,7.66784225,7.69752422,7.87561604,7266994,56781439.86,-2.2613,1.4329,19.539669,1.469867
2025-06-19,sh.603387,7.66784225,7.72720619,7.57879634,7.59858432,7.69752422,5259560,40568480.48,-1.2853,1.0371,19.288516,1.450974
2025-06-20,sh.603387,7.57879634,7.66784225,7.55900836,7.56890235,7.59858432,4671849,35926677.71,-0.3906,0.9212,19.21317,1.445306
2025-06-23,sh.603387,7.55900836,7.72720619,7.53922038,7.69752422,7.56890235,4715708,36449905.5,1.6993,0.9298,19.539669,1.469867
2025-06-24,sh.603387,7.69752422,7.79646412,7.68763023,7.79646412,7.69752422,4304124,33800511.8,1.2853,0.8487,19.790821,1.48876
2025-06-25,sh.603387,7.78657013,7.8162521,7.70741821,7.80635811,7.79646412,4707452,36973411.4,0.1269,0.9282,19.815936,1.490649
2025-06-26,sh.603387,7.8162521,7.8162521,7.74699417,7.78657013,7.80635811,4357016,34276966.56,-0.2535,0.8591,19.765706,1.486871
2025-06-27,sh.603387,7.77667614,7.82614609,7.76678215,7.79646412,7.78657013,3502817,27598493.29,0.1271,0.6907,19.790821,1.48876
2025-06-30,sh.603387,7.83604008,7.88551003,7.78657013,7.86572205,7.79646412,4167558,33015173.2,0.8883,0.8218,19.966628,1.501985
2025-07-01,sh.603387,7.87561604,7.92508599,7.85582806,7.89540402,7.86572205,4074113,32494811.17,0.3774,0.8033,20.041974,1.507653
2025-07-02,sh.603387,7.90529801,7.93497998,7.85582806,7.88551003,7.89540402,4049780,32289734.37,-0.1253,0.7985,20.016859,1.505764
2025-07-03,sh.603387,7.89540402,7.99434392,7.86572205,7.96466195,7.88551003,4850935,38976585.5,1.0038,0.9565,20.217781,1.520878
2025-07-04,sh.603387,7.99434392,8.06360185,7.94487397,7.98444993,7.96466195,4807297,38779036.68,0.2484,0.9479,20.268011,1.524656
2025-07-07,sh.603387,7.98444993,8.07349584,7.94487397,7.98444993,7.98444993,3926612,31764599.96,0.0,0.7742,20.268011,1.524656
2025-07-08,sh.603387,7.97455594,8.07349584,7.96466195,8.02402589,7.98444993,5190093,42093358.75,0.4957,1.0234,20.368472,1.532214
2025-07-09,sh.603387,8.06360185,8.08338983,7.98444993,8.0141319,8.02402589,4300913,34949301.66,-0.1233,0.848,20.343357,1.530324
2025-07-10,sh.603387,7.99434392,8.1130718,7.99434392,8.10317781,8.0141319,4692570,38338111.18,1.1111,0.9253,20.569394,1.547328
2025-07-11,sh.603387,8.10317781,8.18232973,8.05370786,8.10317781,8.10317781,4747760,38919090.56,0.0,0.9362,20.569394,1.547328
2025-07-14,sh.603387,8.1130718,8.19222372,8.09328382,8.18232973,8.10317781,4038760,33277097.08,0.9768,0.7964,20.770316,1.562442
2025-07-15,sh.603387,8.20211771,8.22190569,8.06360185,8.15264776,8.18232973,5473889,45005830.19,-0.3628,1.0793,20.69497,1.556774
2025-07-16,sh.603387,8.17243574,8.3109516,8.13285978,8.29116362,8.15264776,6855678,57044623.18,1.699,1.3518,21.046584,1.583224
2025-07-17,sh.603387,8.30105761,8.36042155,8.26148165,8.3109516,8.29116362,4617347,38777416.87,0.2387,0.9104,21.096814,1.587003
2025-07-18,sh.603387,8.32084559,8.34063357,8.2120117,8.32084559,8.3109516,5314429,44405785.11,0.119,1.0479,21.12193,1.588892
2025-07-21,sh.603387,8.38020953,8.55830135,8.35052756,8.51872539,8.32084559,7619144,65233368.76,2.3781,1.5023,21.624235,1.626678
2025-07-22,sh.603387,8.53851337,8.53851337,8.41978549,8.48904342,8.51872539,5035498,43144807.82,-0.3484,0.9929,21.548889,1.62101
2025-07-23,sh.603387,8.5088314,8.52861938,8.37031554,8.39999751,8.48904342,7336701,62651858.07,-1.049,1.4466,21.322852,1.604007
2025-07-24,sh.603387,8.45936145,8.65724125,8.41978549,8.55830135,8.39999751,8961719,77310784.75,1.8846,1.7671,21.724696,1.634235
2025-07-25,sh.603387,8.56819534,8.69681721,8.51872539,8.61766529,8.55830135,6992873,60983460.97,0.6936,1.3788,21.875387,1.645571
2025-07-28,sh.603387,8.64734726,8.75618115,8.63745327,8.65724125,8.61766529,7448545,65453496.47,0.4592,1.4687,21.975848,1.653128
2025-07-29,sh.603387,8.72649918,8.72649918,8.5088314,8.63745327,8.65724125,7550291,65712285.36,-0.2286,1.4888,21.925618,1.649349
2025-07-30,sh.603387,8.61766529,8.7067112,8.54840736,8.6077713,8.63745327,6663632,58196485.2,-0.3436,1.3139,21.850272,1.643682
2025-07-31,sh.603387,8.6077713,8.68692322,8.5088314,8.54840736,8.6077713,8743893,76066747.82,-0.6897,1.7241,21.699581,1.632346
2025-08-01,sh.603387,8.53851337,8.72649918,8.53851337,8.66713524,8.54840736,8802780,77128570.6,1.3889,1.7357,22.000964,1.655017
2025-08-04,sh.603387,8.66713524,8.76607514,8.55830135,8.76607514,8.66713524,9217295,80786272.31,1.1416,1.8175,22.252116,1.67391
2025-08-05,sh.603387,8.75618115,8.81554509,8.61766529,8.68692322,8.76607514,6879284,60444103.64,-0.9029,1.3565,22.051194,1.658796
2025-08-06,sh.603387,8.72649918,8.78586312,8.58798332,8.6077713,8.68692322,7504047,65480203.32,-0.9112,1.4796,21.850272,1.643682
2025-08-07,sh.603387,8.62755928,8.76607514,8.5088314,8.58798332,8.6077713,8562295,74771854.45,-0.2299,1.6883,21.800042,1.639903
2025-08-08,sh.603387,8.57808933,8.75618115,8.51872539,8.65724125,8.58798332,8549089,74798274.1,0.8065,1.6857,21.975848,1.653128
2025-08-11,sh.603387,8.65724125,8.74628716,8.62755928,8.7067112,8.65724125,6127661,53836257.31,0.5714,1.2082,22.101425,1.662575
2025-08-12,sh.603387,8.72649918,8.86501504,8.69681721,8.71660519,8.7067112,9020459,80007372.75,0.1136,1.7786,22.12654,1.664464
2025-08-13,sh.603387,8.71660519,8.74628716,8.63745327,8.68692322,8.71660519,6813399,59770817.61,-0.3405,1.3435,22.051194,1.658796
2025-08-14,sh.603387,8.68692322,8.72649918,8.57808933,8.57808933,8.68692322,6712169,58656685.85,-1.2528,1.3235,21.774926,1.638014
2025-08-15,sh.603387,8.52861938,8.72649918,8.52861938,8.66713524,8.57808933,6818137,59527549.38,1.0381,1.3444,22.000964,1.655017
2025-08-18,sh.603387,8.69681721,8.75618115,8.63745327,8.66713524,8.66713524,7817851,68701073.79,0.0,1.5415,22.000964,1.655017
2025-08-19,sh.603387,8.66713524,8.88480302,8.62755928,8.8056511,8.66713524,10410832,92433779.95,1.5982,2.0528,22.352577,1.681467
2025-08-20,sh.603387,8.78586312,8.84522706,8.71660519,8.8056511,8.8056511,6689660,59330383.12,0.0,1.3191,22.352577,1.681467
2025-08-21,sh.603387,8.83533307,8.94416696,8.81554509,8.92437898,8.8056511,8861728,79452807.29,1.3483,1.7473,22.65396,1.704139
2025-08-22,sh.603387,8.92437898,8.94416696,8.66713524,8.73639317,8.92437898,12021525,106181946.5,-2.1064,2.3704,22.17677,1.668242
2025-08-25,sh.603387,8.77596913,8.81554509,8.69681721,8.75618115,8.73639317,8237048,72855401.43,0.2265,1.6242,22.227001,1.672021
2025-08-26,sh.603387,8.71660519,8.84522706,8.68692322,8.75618115,8.75618115,8537823,75807770.33,0.0,1.6835,22.227001,1.672021
2025-08-27,sh.603387,8.74628716,8.78586312,8.5088314,8.5088314,8.75618115,10205119,89092837.11,-2.8249,2.0122,21.59912,1.624789
2025-08-28,sh.603387,8.52861938,8.59787731,8.23179968,8.42967948,8.5088314,9527364,80890488.13,-0.9302,1.8786,21.398198,1.609674
2025-08-29,sh.603387,8.41978549,8.49893741,8.33073958,8.39010352,8.42967948,5587011,47552424.31,-0.4695,1.1016,21.297737,1.602117
2025-09-01,sh.603387,8.39999751,8.5088314,8.34063357,8.42967948,8.39010352,6066085,51675724.14,0.4717,1.1961,23.276409,1.609871
2025-09-02,sh.603387,8.44946746,8.44946746,8.27137564,8.35052756,8.42967948,6019366,50759362.47,-0.939,1.1869,23.057851,1.594755
2025-09-03,sh.603387,8.36042155,8.42967948,8.25158766,8.28126963,8.35052756,5403497,45430222.66,-0.8294,1.0655,22.866613,1.581528
2025-09-04,sh.603387,8.28126963,8.39999751,8.2120117,8.32084559,8.28126963,7960854,66873456.02,0.4779,1.5697,22.975892,1.589086
2025-09-05,sh.603387,8.32084559,8.34063357,8.2120117,8.33073958,8.32084559,8066827,67518618.08,0.1189,1.5906,23.003212,1.590976
2025-09-08,sh.603387,8.32084559,8.46925544,8.3109516,8.44946746,8.33073958,7743577,65770644.38,1.4252,1.5269,23.331049,1.61365
2025-09-09,sh.603387,8.47914943,8.47914943,8.3109516,8.36042155,8.44946746,5479520,46383435.19,-1.0539,1.0804,23.085171,1.596645
2025-09-10,sh.603387,8.38020953,8.44946746,8.35052756,8.41978549,8.36042155,4481315,38006971.08,0.7101,0.8836,23.24909,1.607982
2025-09-11,sh.603387,8.39010352,8.43957347,8.24169367,8.42967948,8.41978549,6874042,58114271.59,0.1175,1.3554,23.276409,1.609871
2025-09-12,sh.603387,8.43957347,8.44946746,8.37031554,8.39999751,8.42967948,5721780,48667873.58,-0.3521,1.1282,23.19445,1.604203
2025-09-15,sh.603387,8.46,8.46,8.36,8.4,8.4,3885637,32641269.03,0.0,0.7662,22.948573,1.587197
2025-09-16,sh.603387,8.4,8.41,8.34,8.39,8.4,4069089,34085825.69,-0.119,0.8023,22.921253,1.585307
2025-09-17,sh.603387,8.41,8.46,8.38,8.39,8.39,4739609,39866455.74,0.0,0.9346,22.921253,1.585307
2025-09-18,sh.603387,8.4,8.41,8.23,8.27,8.39,6654202,55481069.54,-1.4303,1.3121,22.593416,1.562633
2025-09-19,sh.603387,8.27,8.3,8.18,8.22,8.27,4193181,34461783.98,-0.6046,0.8268,22.456817,1.553186
2025-09-22,sh.603387,8.22,8.28,8.11,8.15,8.22,4249773,34722535.24,-0.8516,0.838,22.265579,1.539959
2025-09-23,sh.603387,8.15,8.15,7.88,8.04,8.15,8322028,66477578.4,-1.3497,1.6409,21.965062,1.519174
2025-09-24,sh.603387,8.0,8.15,7.99,8.12,8.04,4320604,34994485.68,0.995,0.8519,22.18362,1.53429
2025-09-25,sh.603387,8.11,8.14,7.99,8.03,8.12,4746061,38236130.65,-1.1084,0.9358,21.937743,1.517285
2025-09-26,sh.603387,8.05,8.06,7.94,8.0,8.03,4710604,37748382.36,-0.3736,0.9288,21.855783,1.511616
2025-09-29,sh.603387,8.0,8.03,7.85,8.03,8.0,5285132,42021322.24,0.375,1.0421,21.937743,1.517285
2025-09-30,sh.603387,8.0,8.03,7.96,7.97,8.03,4584530,36628550.4,-0.7472,0.904,21.773824,1.505948
2025-10-09,sh.603387,7.98,7.98,7.86,7.95,7.97,5688050,45018439.6,-0.2509,1.1216,21.719185,1.502169
2025-10-10,sh.603387,7.94,8.04,7.91,8.02,7.95,4550452,36427177.32,0.8805,0.8973,21.910423,1.515395
2025-10-13,sh.603387,7.99,8.01,7.85,7.95,8.02,6906992,54702993.1,-0.8728,1.3619,21.719185,1.502169
2025-10-14,sh.603387,7.98,8.04,7.95,7.96,7.95,4948580,39530059.52,0.1258,0.9758,21.746504,1.504058
2025-10-15,sh.603387,8.0,8.15,7.97,8.08,7.96,6610685,53366926.57,1.5075,1.3035,22.074341,1.526732
2025-10-16,sh.603387,8.06,8.12,8.04,8.11,8.08,4023458,32493807.22,0.3713,0.7933,22.1563,1.532401
2025-10-17,sh.603387,8.12,8.12,7.95,7.98,8.11,5159164,41454180.88,-1.603,1.0173,21.801144,1.507837
2025-10-20,sh.603387,8.03,8.08,7.98,8.02,7.98,3741645,29995902.88,0.5013,0.7378,21.910423,1.515395
2025-10-21,sh.603387,8.04,8.13,8.01,8.11,8.02,4315912,34905237.2,1.1222,0.851,22.1563,1.532401
2025-10-22,sh.603387,8.11,8.21,8.09,8.17,8.11,4293707,35079327.88,0.7398,0.8466,22.320219,1.543738
2025-10-23,sh.603387,8.17,8.2,8.11,8.2,8.17,3806374,31020500.58,0.3672,0.7505,22.402178,1.549407
2025-10-24,sh.603387,8.2,8.2,8.12,8.13,8.2,4234840,34484931.4,-0.8537,0.835,22.21094,1.53618
2025-10-27,sh.603387,8.15,8.2,8.09,8.15,8.13,5506383,44862678.92,0.246,1.0857,22.265579,1.539959
2025-10-28,sh.603387,8.16,8.21,8.1,8.18,8.15,4208221,34404376.26,0.3681,0.8298,22.347539,1.545628
2025-10-29,sh.603387,8.18,8.2,8.05,8.11,8.18,4715984,38250436.56,-0.8557,0.9299,22.1563,1.532401
2025-10-30,sh.603387,8.11,8.16,8.06,8.09,8.11,4288736,34780276.84,-0.2466,0.8456,22.101661,1.528622
2025-10-31,sh.603387,8.15,8.35,8.15,8.33,8.09,13088448,108376346.44,2.9666,2.5808,20.236441,1.56987
2025-11-03,sh.603387,8.34,8.47,8.3,8.44,8.33,9106204,76510720.33,1.3205,1.7956,20.503669,1.5906
2025-11-04,sh.603387,8.42,8.46,8.34,8.39,8.44,5825578,48935410.82,-0.5924,1.1487,20.382201,1.581177
2025-11-05,sh.603387,8.38,8.45,8.33,8.39,8.39,4555479,38257461.61,0.0,0.8982,20.382201,1.581177
2025-11-06,sh.603387,8.39,8.44,8.35,8.41,8.39,4717116,39562628.0,0.2384,0.9301,20.430788,1.584946
2025-11-07,sh.603387,8.4,8.47,8.38,8.43,8.41,5173300,43648368.2,0.2378,1.0201,20.479375,1.588716
2025-11-10,sh.603387,8.47,8.57,8.44,8.56,8.43,5525353,47110573.47,1.5421,1.0895,20.79519,1.613215
2025-11-11,sh.603387,8.56,8.63,8.52,8.63,8.56,4961735,42659789.76,0.8178,0.9783,20.965244,1.626408
2025-11-12,sh.603387,8.67,8.73,8.62,8.73,8.63,6715153,58292355.48,1.1587,1.3241,21.208178,1.645253
2025-11-13,sh.603387,8.74,8.74,8.63,8.69,8.73,5709151,49488365.7,-0.4582,1.1257,21.111005,1.637715
2025-11-14,sh.603387,8.66,8.8,8.64,8.75,8.69,6953334,60916370.89,0.6904,1.3711,21.256765,1.649023
2025-11-17,sh.603387,8.73,8.76,8.62,8.64,8.75,6172717,53467028.96,-1.2571,1.2171,20.989537,1.628292
2025-11-18,sh.603387,8.63,8.68,8.58,8.59,8.64,6342913,54652927.19,-0.5787,1.2507,20.86807,1.618869
2025-11-19,sh.603387,8.55,8.65,8.43,8.45,8.59,5266011,44775603.29,-1.6298,1.0383,20.527962,1.592485
2025-11-20,sh.603387,8.53,8.54,8.36,8.42,8.45,4694308,39548067.72,-0.355,0.9256,20.455082,1.586831
2025-11-21,sh.603387,8.42,8.43,8.1,8.1,8.42,8650409,71042021.74,-3.8005,1.7057,19.677691,1.526524
2025-11-24,sh.603387,8.14,8.29,8.14,8.19,8.1,5693838,46650210.43,1.1111,1.1227,19.896332,1.543485
2025-11-25,sh.603387,8.25,8.36,8.15,8.28,8.19,5567721,46218258.69,1.0989,1.0978,20.114973,1.560447
2025-11-26,sh.603387,8.31,8.49,8.29,8.35,8.28,6092048,51064408.24,0.8454,1.2012,20.285028,1.573639
2025-11-27,sh.603387,8.33,8.39,8.28,8.36,8.35,4499147,37550777.65,0.1198,0.8871,20.309321,1.575523
2025-11-28,sh.603387,8.4,8.41,8.32,8.39,8.36,3756408,31429099.03,0.3589,0.7407,20.382201,1.581177
2025-12-01,sh.603387,8.44,8.54,8.4,8.48,8.39,4778548,40495848.28,1.0727,0.9422,20.600842,1.598139
2025-12-02,sh.603387,8.49,8.54,8.44,8.5,8.48,4572588,38836202.7,0.2358,0.9016,20.649429,1.601908
2025-12-03,sh.603387,8.53,8.55,8.44,8.48,8.5,4162540,35345884.64,-0.2353,0.8208,20.600842,1.598139
2025-12-04,sh.603387,8.5,8.5,8.34,8.43,8.48,4809600,40484654.4,-0.5896,0.9484,20.479375,1.588716
2025-12-05,sh.603387,8.4,8.45,8.3,8.44,8.43,6015712,50395600.08,0.1186,1.1862,20.503669,1.5906
2025-12-08,sh.603387,8.47,8.51,8.39,8.4,8.44,5999477,50651943.53,-0.4739,1.183,20.406495,1.583062
2025-12-09,sh.603387,8.38,8.44,8.33,8.33,8.4,3876779,32459738.2,-0.8333,0.7644,20.236441,1.56987
2025-12-10,sh.603387,8.31,8.37,8.26,8.32,8.33,4213277,35059914.92,-0.12,0.8308,20.212147,1.567985
2025-12-11,sh.603387,8.35,8.36,8.14,8.16,8.32,5125742,42150258.92,-1.9231,1.0107,19.823452,1.537831
2025-12-12,sh.603387,8.15,8.19,8.04,8.04,8.16,6049504,49085668.64,-1.4706,1.1928,19.531931,1.515216
2025-12-15,sh.603387,8.01,8.12,7.98,8.11,8.04,4945629,39908648.99,0.8706,0.9752,19.701985,1.528408
2025-12-16,sh.603387,8.09,8.11,8.03,8.06,8.11,3480489,28081754.1,-0.6165,0.6863,19.580518,1.518985
2025-12-17,sh.603387,8.04,8.1,7.96,8.08,8.06,4295712,34511510.64,0.2481,0.847,19.629104,1.522755
2025-12-18,sh.603387,8.05,8.32,8.05,8.3,8.08,6373798,52546989.54,2.7228,1.2568,20.16356,1.564216
2025-12-19,sh.603387,8.31,8.39,8.25,8.34,8.3,4738392,39521092.86,0.4819,0.9343,20.260734,1.571754
2025-12-22,sh.603387,8.36,8.41,8.31,8.33,8.34,4484903,37485170.98,-0.1199,0.8843,20.236441,1.56987
2025-12-23,sh.603387,8.35,8.35,8.24,8.26,8.33,3505600,29103699.0,-0.8403,0.6912,20.066386,1.556677
2025-12-24,sh.603387,8.28,8.28,8.21,8.25,8.26,3229830,26673245.0,-0.1211,0.6369,20.042093,1.554793
2025-12-25,sh.603387,8.25,8.32,8.23,8.29,8.25,3083464,25527768.28,0.4848,0.608,20.139267,1.562331
2025-12-26,sh.603387,8.32,8.39,8.25,8.34,8.29,5809401,48456727.21,0.6031,1.1455,20.260734,1.571754
2025-12-29,sh.603387,8.34,8.36,8.2,8.22,8.34,4565180,37744308.84,-1.4388,0.9002,19.969213,1.549139
2025-12-30,sh.603387,8.23,8.43,8.15,8.33,8.22,6591665,54774876.08,1.3382,1.2997,20.236441,1.56987
2025-12-31,sh.603387,8.33,8.46,8.3,8.37,8.33,6042110,50624224.74,0.4802,1.1914,20.333614,1.577408
2026-01-05,sh.603387,8.4,8.64,8.36,8.55,8.37,11318278,96233323.33,2.1505,2.2317,20.770896,1.611331
2026-01-06,sh.603387,8.58,8.59,8.46,8.55,8.55,7714516,65824797.28,0.0,1.5211,20.770896,1.611331
2026-01-07,sh.603387,8.54,8.55,8.4,8.42,8.55,5372314,45430761.82,-1.5205,1.0593,20.455082,1.586831
2026-01-08,sh.603387,8.42,8.52,8.39,8.47,8.42,5168082,43784460.72,0.5938,1.019,20.576549,1.596254
2026-01-09,sh.603387,8.44,8.53,8.42,8.52,8.47,6996263,59414239.59,0.5903,1.3795,20.698016,1.605677
2026-01-12,sh.603387,8.52,8.61,8.44,8.48,8.52,10666045,90744889.54,-0.4695,2.1031,20.600842,1.598139
2026-01-13,sh.603387,8.49,8.77,8.49,8.69,8.48,15824045,137217461.08,2.4764,3.1202,21.111005,1.637715
2026-01-14,sh.603387,8.81,8.98,8.66,8.79,8.69,19118062,168534515.34,1.1507,3.7697,21.353939,1.656561
2026-01-15,sh.603387,8.73,8.75,8.57,8.61,8.79,8558304,73906790.54,-2.0478,1.6875,20.916657,1.622638
2026-01-16,sh.603387,8.63,8.66,8.47,8.56,8.61,8788814,75258650.71,-0.5807,1.733,20.79519,1.613215
2026-01-19,sh.603387,8.57,8.62,8.53,8.58,8.56,5984070,51326226.84,0.2336,1.1799,20.843777,1.616985
2026-01-20,sh.603387,8.59,8.65,8.56,8.65,8.58,5721243,49278567.73,0.8159,1.1281,21.013831,1.630177
2026-01-21,sh.603387,8.64,8.7,8.57,8.68,8.65,6020206,52117015.0,0.3468,1.1871,21.086711,1.63583
2026-01-22,sh.603387,8.68,8.81,8.64,8.75,8.68,6274190,54822525.98,0.8065,1.2371,21.256765,1.649023
2026-01-23,sh.603387,8.78,8.84,8.7,8.75,8.75,6831397,59740893.05,0.0,1.347,21.256765,1.649023
2026-01-26,sh.603387,8.81,9.23,8.79,9.21,8.75,24871547,225098290.17,5.2571,4.9041,22.374264,1.735714
2026-01-27,sh.603387,9.11,9.14,8.76,9.07,9.21,20096027,179999960.97,-1.5201,3.9625,22.034156,1.70933
2026-01-28,sh.603387,9.02,9.06,8.77,8.79,9.07,12008966,106541864.31,-3.0871,2.3679,21.353939,1.656561
2026-01-29,sh.603387,8.75,8.8,8.59,8.67,8.79,10081823,87571626.85,-1.3652,1.9879,21.062418,1.633946
2026-01-30,sh.603387,8.65,8.75,8.54,8.62,8.67,7277424,62721627.88,-0.5767,1.435,20.940951,1.624523
2026-02-02,sh.603387,8.62,8.64,8.43,8.44,8.62,7693101,65685005.3,-2.0882,1.5169,20.503669,1.5906
2026-02-03,sh.603387,8.48,8.53,8.43,8.51,8.44,5739060,48718898.6,0.8294,1.1316,20.673723,1.603792
2026-02-04,sh.603387,8.51,8.64,8.48,8.59,8.51,5646908,48423972.76,0.9401,1.1135,20.86807,1.618869
2026-02-05,sh.603387,8.63,8.68,8.57,8.59,8.59,5333243,46007728.03,0.0,1.0516,20.86807,1.618869
2026-02-06,sh.603387,8.56,8.85,8.55,8.78,8.59,10197523,89103481.8,2.2119,2.0107,21.329646,1.654676
2026-02-09,sh.603387,8.79,8.87,8.76,8.8,8.78,7487680,66044839.0,0.2278,1.4764,21.378233,1.658446
2026-02-10,sh.603387,8.8,8.95,8.79,8.89,8.8,8392443,74593347.88,1.0227,1.6548,21.596874,1.675407
2026-02-11,sh.603387,8.89,8.93,8.82,8.87,8.89,4579089,40615508.39,-0.225,0.9029,21.548287,1.671638
2026-02-12,sh.603387,8.85,8.87,8.74,8.76,8.87,5068885,44519095.51,-1.2401,0.9995,21.281059,1.650907
2026-02-13,sh.603387,8.74,8.79,8.67,8.69,8.76,4280988,37437145.96,-0.7991,0.8441,21.111005,1.637715
2026-02-24,sh.603387,8.68,8.79,8.68,8.78,8.69,4471650,39069131.96,1.0357,0.8817,21.329646,1.654676
2026-02-25,sh.603387,8.76,8.87,8.73,8.74,8.78,6099313,53644478.13,-0.4556,1.2027,21.232472,1.647138
2026-02-26,sh.603387,8.75,8.8,8.64,8.68,8.74,5309355,46219459.51,-0.6865,1.0469,21.086711,1.63583
2026-02-27,sh.603387,8.69,8.74,8.66,8.74,8.68,5132715,44660481.7,0.6912,1.0121,21.232472,1.647138
2026-03-02,sh.603387,8.65,8.67,8.4,8.44,8.74,8853267,75255230.17,-3.4325,1.7457,20.503669,1.5906
2026-03-03,sh.603387,8.44,8.52,8.29,8.29,8.44,9148984,76893847.81,-1.7773,1.804,20.139267,1.562331
2026-03-04,sh.603387,8.25,8.31,8.08,8.17,8.29,8705864,71337190.4,-1.4475,1.7166,19.847745,1.539716
2026-03-05,sh.603387,8.26,8.28,8.17,8.21,8.17,6076148,49915652.04,0.4896,1.1981,19.944919,1.547254
2026-03-06,sh.603387,8.19,8.4,8.16,8.38,8.21,7054211,58761255.0,2.0706,1.3909,20.357908,1.579293
2026-03-09,sh.603387,8.34,8.41,8.25,8.4,8.38,8130836,67757370.32,0.2387,1.6032,20.406495,1.583062
2026-03-10,sh.603387,8.44,8.48,8.38,8.46,8.4,5006983,42251874.27,0.7143,0.9873,20.552255,1.594369
2026-03-11,sh.603387,8.46,8.46,8.36,8.41,8.46,4611516,38703872.32,-0.591,0.9093,20.430788,1.584946
2026-03-12,sh.603387,8.4,8.42,8.33,8.35,8.41,3889504,32531800.76,-0.7134,0.7669,20.285028,1.573639
2026-03-13,sh.603387,8.34,8.42,8.3,8.35,8.35,4460669,37361785.55,0.0,0.8796,20.285028,1.573639
2026-03-16,sh.603387,8.36,8.59,8.33,8.58,8.35,12590469,107143008.93,2.7545,2.4826,20.843777,1.616985
