date,code,open,high,low,close,preclose,volume,amount,pctChg,turn,peTTM,pbMRQ
2020-01-02,sz.300222,9.35,9.57,9.35,9.53,9.33,8222723,78128517.51,2.1436,1.7653,39.709849,1.516931
2020-01-03,sz.300222,9.53,9.65,9.5,9.6,9.53,6238624,59736777.17,0.7345,1.3393,40.001526,1.528073
2020-01-06,sz.300222,9.59,10.08,9.53,9.85,9.6,16605226,164320422.82,2.6042,3.5649,41.043233,1.567866
2020-01-07,sz.300222,9.84,9.94,9.75,9.89,9.85,9082560,89400214.59,0.4061,1.9499,41.209906,1.574233
2020-01-08,sz.300222,9.8,10.06,9.77,9.86,9.89,10873008,107785495.4,-0.3033,2.3343,41.084901,1.569458
2020-01-09,sz.300222,9.95,10.1,9.88,10.08,9.86,11642779,116601111.78,2.2312,2.4995,42.001603,1.604477
2020-01-10,sz.300222,10.11,10.16,9.72,9.82,10.08,10966389,108500141.23,-2.5794,2.3543,40.918228,1.563091
2020-01-13,sz.300222,9.82,9.83,9.57,9.73,9.82,9713248,93768888.21,-0.9165,2.0853,40.543214,1.548766
2020-01-14,sz.300222,9.72,9.85,9.6,9.82,9.73,11965051,116471547.62,0.925,2.5687,40.918228,1.563091
2020-01-15,sz.300222,9.76,9.78,9.59,9.66,9.82,5991135,57918382.65,-1.6293,1.2862,40.251536,1.537623
2020-01-16,sz.300222,9.7,9.72,9.53,9.54,9.66,4812435,46271482.1,-1.2422,1.0332,39.751517,1.518522
2020-01-17,sz.300222,9.56,9.58,9.3,9.33,9.54,6408454,60415785.7,-2.2013,1.3758,38.876483,1.485096
2020-01-20,sz.300222,8.4,8.59,8.4,8.4,9.33,18183000,152791175.0,-9.9678,3.9036,35.001336,1.337064
2020-01-21,sz.300222,8.4,8.73,8.13,8.6,8.4,30104403,255607056.88,2.381,6.463,35.834701,1.368899
2020-01-22,sz.300222,8.55,8.57,8.32,8.45,8.6,14067846,118783251.69,-1.7442,3.0202,35.209677,1.345023
2020-01-23,sz.300222,8.35,8.4,7.86,8.04,8.45,13723772,111769972.91,-4.8521,2.9463,33.501278,1.279761
2020-02-03,sz.300222,7.24,7.24,7.24,7.24,8.04,2102800,15224272.0,-9.9503,0.4514,30.167818,1.152422
2020-02-04,sz.300222,6.81,7.26,6.81,7.12,7.24,13178842,92953434.71,-1.6575,2.8293,29.667799,1.133321
2020-02-05,sz.300222,7.16,7.51,7.15,7.37,7.12,13382087,98762682.58,3.5112,2.8729,30.709505,1.173114
2020-02-06,sz.300222,7.44,8.11,7.31,8.11,7.37,20302019,159401390.41,10.0407,4.3585,33.792956,1.290903
2020-02-07,sz.300222,8.31,8.54,8.08,8.3,8.11,25459341,212324385.86,2.3428,5.4657,34.584653,1.321146
2020-02-10,sz.300222,8.23,8.58,8.07,8.38,8.3,17644125,147834065.13,0.9639,3.7879,34.917999,1.33388
2020-02-11,sz.300222,8.34,8.5,8.15,8.32,8.38,11851588,98316572.34,-0.716,2.5444,34.66799,1.32433
2020-02-12,sz.300222,8.32,8.52,8.27,8.49,8.32,11416017,95969677.46,2.0433,2.4508,35.37635,1.351389
2020-02-13,sz.300222,8.41,8.85,8.31,8.39,8.49,18907680,161464524.58,-1.1778,4.0592,34.959667,1.335472
2020-02-14,sz.300222,8.4,8.53,8.2,8.35,8.39,10961597,91887018.0,-0.4768,2.3533,34.792994,1.329105
2020-02-17,sz.300222,8.38,8.64,8.31,8.63,8.35,14404166,123160607.08,3.3533,3.0924,35.959706,1.373674
2020-02-18,sz.300222,8.66,9.15,8.65,9.13,8.63,19465193,173988778.94,5.7937,4.1789,38.043118,1.453261
2020-02-19,sz.300222,9.04,9.36,8.96,9.07,9.13,17073022,155969566.68,-0.6572,3.6653,37.793109,1.443711
2020-02-20,sz.300222,9.16,9.49,8.91,9.3,9.07,18986895,175156820.0,2.5358,4.0762,38.751479,1.480321
2020-02-21,sz.300222,9.16,9.63,9.15,9.45,9.3,19243489,181252702.56,1.6129,4.1313,39.376503,1.504197
2020-02-24,sz.300222,9.5,9.69,9.31,9.53,9.45,23805829,226575228.56,0.8466,5.1108,39.709849,1.516931
2020-02-25,sz.300222,9.2,9.53,9.04,9.5,9.53,19715270,184388410.59,-0.3148,4.2326,39.584844,1.512155
2020-02-26,sz.300222,9.72,10.19,9.4,9.53,9.5,32567368,317856013.96,0.3158,6.9917,39.709849,1.516931
2020-02-27,sz.300222,9.43,9.61,9.16,9.23,9.53,20236942,189104129.43,-3.148,4.3446,38.459801,1.469178
2020-02-28,sz.300222,8.9,8.99,8.45,8.5,9.23,19439610,169297339.94,-7.909,4.1734,35.418018,1.352981
2020-03-02,sz.300222,8.61,8.82,8.5,8.78,8.5,12299155,107133468.05,3.2941,2.6404,-2.457587,1.39755
2020-03-03,sz.300222,8.93,9.66,8.87,9.48,8.78,35323762,331413332.82,7.9727,7.5835,-2.653522,1.508972
2020-03-04,sz.300222,9.44,10.33,9.31,10.09,9.48,42043387,419530696.26,6.4346,9.0261,-2.824265,1.606068
2020-03-05,sz.300222,10.32,10.41,9.75,9.79,10.09,33534828,331971579.82,-2.9732,7.1994,-2.740293,1.558316
2020-03-06,sz.300222,9.65,10.77,9.57,10.77,9.79,50809852,527530672.98,10.0102,10.9081,-3.014602,1.714307
2020-03-09,sz.300222,10.5,11.36,10.08,10.25,10.77,67284663,712847439.26,-4.8282,14.445,-2.86905,1.631536
2020-03-10,sz.300222,9.9,10.16,9.28,10.1,10.25,40807007,400588392.43,-1.4634,8.7607,-2.827064,1.60766
2020-03-11,sz.300222,9.96,11.11,9.9,10.5,10.1,58468156,619795410.54,3.9604,12.5522,-2.939027,1.67133
2020-03-12,sz.300222,10.09,10.26,9.88,10.06,10.5,33910675,342108587.55,-4.1905,7.2801,-2.815868,1.601293
2020-03-13,sz.300222,9.46,9.92,9.2,9.61,10.06,28779994,275863230.4,-4.4732,6.1786,-2.68991,1.529665
2020-03-16,sz.300222,9.7,10.0,8.66,8.81,9.61,28374652,267254223.45,-8.3247,6.0916,-2.465984,1.402325
2020-03-17,sz.300222,8.81,9.07,8.31,8.64,8.81,20318801,175936193.21,-1.9296,4.3621,-2.4184,1.375266
2020-03-18,sz.300222,8.77,8.77,8.06,8.14,8.64,20641892,175129272.77,-5.787,4.4551,-2.278446,1.295678
2020-03-19,sz.300222,8.13,8.4,7.84,8.25,8.14,16466004,133269030.51,1.3513,3.535,-2.309236,1.313188
2020-03-20,sz.300222,8.35,8.5,8.08,8.34,8.25,12102622,100611934.29,1.0909,2.5983,-2.334427,1.327513
2020-03-23,sz.300222,8.05,8.2,7.73,7.86,8.34,11998716,96235466.48,-5.7554,2.5759,-2.200072,1.25111
2020-03-24,sz.300222,8.02,8.1,7.64,8.02,7.86,13373558,105508114.15,2.0356,2.8711,-2.244857,1.276578
2020-03-25,sz.300222,8.19,8.26,8.01,8.15,8.02,13453790,109462032.87,1.6209,2.8883,-2.281245,1.29727
2020-03-26,sz.300222,8.1,8.1,7.93,7.99,8.15,9872800,79039678.09,-1.9632,2.1195,-2.23646,1.271802
2020-03-27,sz.300222,8.08,8.15,7.88,7.88,7.99,8827800,70736454.11,-1.3767,1.8952,-2.20567,1.254293
2020-03-30,sz.300222,7.88,7.88,7.39,7.54,7.88,8904280,67170292.68,-4.3147,1.9116,-2.110501,1.200174
2020-03-31,sz.300222,7.66,7.7,7.33,7.33,7.54,8245365,61555769.98,-2.7851,1.7702,-2.051721,1.166747
2020-04-01,sz.300222,7.35,7.47,7.27,7.34,7.33,6997274,51669617.08,0.1364,1.5022,-2.05452,1.168339
2020-04-02,sz.300222,7.3,7.59,7.27,7.59,7.34,6995999,52076636.08,3.406,1.5019,-2.124497,1.208133
2020-04-03,sz.300222,7.6,7.64,7.44,7.47,7.59,6550417,49393939.9,-1.581,1.4063,-2.090908,1.189032
2020-04-07,sz.300222,7.7,7.78,7.6,7.74,7.47,8155049,62765278.74,3.6145,1.7508,-2.166483,1.232009
2020-04-08,sz.300222,7.76,7.94,7.69,7.89,7.74,7885505,61895799.56,1.938,1.6929,-2.208469,1.255885
2020-04-09,sz.300222,7.97,8.59,7.97,8.24,7.89,16280389,135058431.47,4.436,3.4952,-2.306437,1.311596
2020-04-10,sz.300222,8.2,8.32,7.93,8.0,8.24,9556218,77513890.75,-2.9126,2.0516,-2.239259,1.273394
2020-04-13,sz.300222,7.99,7.99,7.77,7.83,8.0,4976289,39191680.62,-2.125,1.0683,-2.191675,1.246334
2020-04-14,sz.300222,7.81,7.95,7.76,7.9,7.83,8207866,64612874.18,0.894,1.7621,-2.211268,1.257477
2020-04-15,sz.300222,7.9,7.98,7.73,7.75,7.9,6477410,50826168.84,-1.8987,1.3906,-2.169282,1.233601
2020-04-16,sz.300222,7.98,8.32,7.95,8.04,7.75,12830489,103985142.7,3.7419,2.7545,-2.250455,1.279761
2020-04-17,sz.300222,8.01,8.14,7.93,7.93,8.04,9740702,78257684.64,-1.3682,2.0912,-2.219665,1.262252
2020-04-20,sz.300222,8.0,8.72,7.8,8.72,7.93,25920047,217263323.86,9.9622,5.5942,-2.440792,1.388
2020-04-21,sz.300222,8.55,8.76,8.33,8.55,8.72,22173022,189027203.04,-1.9495,4.7602,-2.393208,1.36094
2020-04-22,sz.300222,8.49,8.96,8.42,8.68,8.55,21337015,186036007.39,1.5205,4.5807,-2.429596,1.381633
2020-04-23,sz.300222,8.67,8.8,8.45,8.45,8.68,13479095,116150933.36,-2.6498,2.8938,-2.365217,1.345023
2020-04-24,sz.300222,8.47,8.62,8.3,8.32,8.45,9904298,83500829.15,-1.5385,2.1263,-2.328829,1.32433
2020-04-27,sz.300222,8.33,8.33,8.1,8.11,8.32,7579763,62243898.26,-2.524,1.6273,-2.270049,1.290903
2020-04-28,sz.300222,8.16,8.17,7.3,7.72,8.11,11513912,88637829.68,-4.8089,2.4719,-2.160885,1.228825
2020-04-29,sz.300222,7.63,7.83,7.58,7.66,7.72,6455802,49756720.66,-0.7772,1.3933,-2.064658,3.025552
2020-04-30,sz.300222,7.68,7.98,7.68,7.9,7.66,6541540,51313110.08,3.1332,1.4118,-2.129348,3.120347
2020-05-06,sz.300222,7.74,8.04,7.74,8.03,7.9,5861862,46660956.6,1.6456,1.2651,-2.164387,3.171695
2020-05-07,sz.300222,8.06,8.1,7.89,8.07,8.03,7425414,59504160.17,0.4981,1.6026,-2.175169,3.187494
2020-05-08,sz.300222,8.88,8.88,8.88,8.88,8.07,4783277,42475499.76,10.0372,1.0324,-2.393494,3.507429
2020-05-11,sz.300222,9.75,9.77,9.61,9.77,8.88,25233868,246048349.34,10.0225,5.4461,-2.633383,3.858961
2020-05-12,sz.300222,9.8,10.69,9.2,10.19,9.77,86437666,851033797.13,4.2989,18.6556,-2.746589,4.024853
2020-05-13,sz.300222,9.75,9.86,9.32,9.34,10.19,56717268,541248556.97,-8.3415,12.2411,-2.517482,3.68912
2020-05-14,sz.300222,9.11,9.5,8.93,9.21,9.34,36811358,337940838.6,-1.3919,7.9449,-2.482442,3.637772
2020-05-15,sz.300222,9.17,9.29,8.99,9.02,9.21,27475081,250179427.76,-2.063,5.9299,-2.43123,3.562726
2020-05-18,sz.300222,8.92,9.09,8.7,9.07,9.02,23684463,211246350.6,0.5543,5.1117,-2.444707,3.582475
2020-05-19,sz.300222,9.05,9.24,8.9,8.96,9.07,21079054,190806963.26,-1.2128,4.5494,-2.415057,3.539027
2020-05-20,sz.300222,8.9,9.25,8.81,9.2,8.96,25691600,233940013.6,2.6786,5.5449,-2.479746,3.633822
2020-05-21,sz.300222,9.15,9.3,8.96,9.11,9.2,21744415,198451594.07,-0.9783,4.693,-2.455488,3.598274
2020-05-22,sz.300222,9.04,9.44,8.95,8.97,9.11,23340689,214622645.99,-1.5368,5.0376,-2.417753,3.542977
2020-05-25,sz.300222,8.3,8.36,8.07,8.17,8.97,29010566,236315485.4,-8.9186,6.2613,-2.202123,3.226992
2020-05-26,sz.300222,8.17,8.25,8.05,8.17,8.17,13112568,106978716.47,0.0,2.83,-2.202123,3.226992
2020-05-27,sz.300222,8.17,8.46,8.12,8.37,8.17,15694491,130185927.06,2.448,3.3873,-2.25603,3.305988
2020-05-28,sz.300222,8.33,8.38,8.09,8.22,8.37,9528543,78282848.96,-1.7921,2.0565,-2.2156,3.246741
2020-05-29,sz.300222,8.22,8.57,8.15,8.31,8.22,11708837,97971852.06,1.0949,2.5271,-2.239858,3.28229
2020-06-01,sz.300222,8.31,8.6,8.27,8.55,8.31,13762393,116760576.9,2.8881,2.9703,-2.304547,3.377085
2020-06-02,sz.300222,8.56,8.65,8.4,8.64,8.55,13142205,112337234.08,1.0526,2.8364,-2.328805,3.412633
2020-06-03,sz.300222,8.65,9.19,8.54,8.82,8.64,20568173,182372195.32,2.0833,4.4392,-2.377322,3.48373
2020-06-04,sz.300222,8.73,8.91,8.65,8.69,8.82,10763287,93982006.64,-1.4739,2.323,-2.342282,3.432382
2020-06-05,sz.300222,8.65,9.09,8.52,9.03,8.69,18873152,168136385.02,3.9125,4.0733,-2.433925,3.566676
2020-06-08,sz.300222,8.97,9.1,8.8,8.81,9.03,15086116,135126498.47,-2.4363,3.256,-2.374627,3.47978
2020-06-09,sz.300222,8.91,8.91,8.68,8.73,8.81,7629601,66861018.86,-0.9081,1.6467,-2.353064,3.448181
2020-06-10,sz.300222,8.75,8.88,8.51,8.67,8.73,9219000,80366681.19,-0.6873,1.9897,-2.336892,3.424483
2020-06-11,sz.300222,8.61,8.86,8.49,8.51,8.67,13629908,117971011.15,-1.8454,2.9417,-2.293765,3.361286
2020-06-12,sz.300222,8.12,8.45,8.11,8.26,8.51,14918447,123394002.09,-2.9377,3.1977,-2.226381,3.262541
2020-06-15,sz.300222,8.2,8.27,8.01,8.02,8.26,13500417,109814001.12,-2.9056,2.8937,-2.161692,3.167745
2020-06-16,sz.300222,8.11,8.17,8.05,8.16,8.02,9735200,78927869.51,1.7456,1.802,-2.199427,3.223042
2020-06-17,sz.300222,8.15,8.3,8.13,8.29,8.16,8875369,72978350.99,1.5931,1.6428,-2.234467,3.27439
2020-06-18,sz.300222,8.26,8.32,8.17,8.2,8.29,8643906,71041822.81,-1.0856,1.6,-2.210209,3.238842
2020-06-19,sz.300222,8.19,8.23,8.13,8.2,8.2,6675374,54623633.63,0.0,1.2356,-2.210209,3.238842
2020-06-22,sz.300222,8.22,8.37,8.19,8.26,8.2,11016406,91121884.98,0.7317,2.0391,-2.226381,3.262541
2020-06-23,sz.300222,8.3,8.3,8.1,8.12,8.26,8469184,68993473.77,-1.6949,1.5677,-2.188646,3.207243
2020-06-24,sz.300222,8.13,8.15,8.04,8.08,8.12,4862723,39277169.67,-0.4926,0.9001,-2.177864,3.191444
2020-06-29,sz.300222,8.08,8.12,7.9,7.93,8.08,5757018,46022260.34,-1.8564,1.0656,-2.137434,3.132197
2020-06-30,sz.300222,7.95,8.13,7.95,8.11,7.93,6294943,50866833.07,2.2699,1.1673,-2.182969,3.198924
2020-07-01,sz.300222,8.13,8.26,8.1,8.15,8.11,7178984,58620782.51,0.4932,1.3313,-2.193736,3.214702
2020-07-02,sz.300222,8.2,8.34,8.16,8.3,8.15,11438882,94502002.51,1.8405,2.1212,-2.234111,3.273868
2020-07-03,sz.300222,8.32,8.43,8.25,8.43,8.3,12399042,103571153.84,1.5663,2.2993,-2.269103,3.325146
2020-07-06,sz.300222,8.49,8.9,8.45,8.83,8.43,18142182,158172421.67,4.745,3.3643,-2.376771,3.482923
2020-07-07,sz.300222,9.0,9.21,8.81,8.9,8.83,28182907,255059894.12,0.7927,5.1857,-2.395613,3.510534
2020-07-08,sz.300222,8.98,9.28,8.98,9.23,8.9,22662751,207548755.62,3.7079,4.17,-2.484439,3.640699
2020-07-09,sz.300222,9.26,9.57,9.16,9.49,9.23,24843809,233470653.61,2.8169,4.5713,-2.554424,3.743254
2020-07-10,sz.300222,9.5,9.68,9.29,9.33,9.49,23673238,224365778.79,-1.686,4.3559,-2.511356,3.680144
2020-07-13,sz.300222,9.45,9.72,9.38,9.68,9.33,24086897,230601298.14,3.7513,4.432,-2.605566,3.818198
2020-07-14,sz.300222,9.63,9.87,9.4,9.71,9.68,22981898,221961316.12,0.3099,4.2287,-2.613641,3.830032
2020-07-15,sz.300222,9.73,9.75,9.06,9.09,9.71,24487203,227460272.73,-6.3852,4.5057,-2.446756,3.585478
2020-07-16,sz.300222,9.12,9.3,8.68,8.69,9.09,18089253,162860380.88,-4.4004,3.3285,-2.339088,3.427701
2020-07-17,sz.300222,8.71,8.84,8.43,8.53,8.69,14452833,124351200.12,-1.8412,2.6594,-2.29602,3.36459
2020-07-20,sz.300222,8.62,8.86,8.57,8.85,8.53,10873753,95125538.0,3.7515,2.0008,-2.382155,3.490811
2020-07-21,sz.300222,8.91,9.06,8.76,8.86,8.85,9761414,86487127.21,0.113,1.7961,-2.384847,3.494756
2020-07-22,sz.300222,8.86,9.05,8.76,8.91,8.86,12260457,109628970.44,0.5643,2.256,-2.398305,3.514478
2020-07-23,sz.300222,8.82,9.3,8.78,9.05,8.91,21448049,193273066.05,1.5713,3.9465,-2.435989,3.5697
2020-07-24,sz.300222,9.15,9.33,8.6,8.71,9.05,27471885,249073066.67,-3.7569,5.0549,-2.344471,3.43559
2020-07-27,sz.300222,8.84,9.4,8.78,9.23,8.71,37490981,343217199.8,5.9701,6.8984,-2.484439,3.640699
2020-07-28,sz.300222,9.53,9.53,8.95,9.07,9.23,29070445,264786325.4,-1.7335,5.349,-2.441372,3.577589
2020-07-29,sz.300222,9.08,9.58,8.89,9.5,9.07,37000672,344914941.63,4.7409,6.8082,-2.557115,3.747199
2020-07-30,sz.300222,9.41,9.78,9.34,9.41,9.5,42543201,406720994.33,-0.9474,7.828,-2.567712,3.59834
2020-07-31,sz.300222,9.54,9.75,9.35,9.6,9.41,33912019,323632890.36,2.0191,6.2399,-2.619557,3.670995
2020-08-03,sz.300222,9.61,10.07,9.61,9.99,9.6,37945338,376908926.52,4.0625,6.982,-2.725977,3.820129
2020-08-04,sz.300222,10.08,10.37,9.8,9.92,9.99,38993966,390394731.29,-0.7007,7.175,-2.706876,3.793362
2020-08-05,sz.300222,9.85,10.04,9.7,9.8,9.92,24380775,239149795.87,-1.2097,4.4861,-2.674131,3.747474
2020-08-06,sz.300222,9.99,10.7,9.86,10.24,9.8,52191282,532189253.5,4.4898,9.6033,-2.794194,3.915728
2020-08-07,sz.300222,10.06,10.2,9.68,9.76,10.24,34648964,341505089.66,-4.6875,6.3755,-2.663216,3.732178
2020-08-10,sz.300222,9.7,9.88,9.61,9.77,9.76,19918332,194673131.77,0.1025,3.665,-2.665945,3.736002
2020-08-11,sz.300222,9.88,9.99,9.39,9.42,9.77,21726492,210757301.84,-3.5824,3.9977,-2.57044,3.602164
2020-08-12,sz.300222,9.43,10.36,9.35,10.36,9.42,63528905,643487087.11,9.9788,11.6895,-2.826939,3.961616
2020-08-13,sz.300222,10.92,11.4,10.9,11.4,10.36,44743748,497622762.61,10.0386,8.2329,-3.110724,4.359307
2020-08-14,sz.300222,11.2,11.2,10.3,10.58,11.4,86779576,923763369.73,-7.193,15.9676,-2.88697,4.045743
2020-08-17,sz.300222,10.58,11.64,10.49,11.64,10.58,84408507,933179943.96,10.0189,15.5313,-3.176213,4.451082
2020-08-18,sz.300222,11.3,12.71,11.25,11.55,11.64,99095186,1182460193.03,-0.7732,18.2337,-3.151655,4.416666
2020-08-19,sz.300222,11.41,12.38,11.41,11.82,11.55,74919485,885557346.62,2.3377,13.7853,-3.22533,4.519913
2020-08-20,sz.300222,11.19,11.35,10.8,10.99,11.82,50518360,558648157.11,-7.022,9.2955,-2.998847,4.202525
2020-08-21,sz.300222,11.1,11.49,10.75,11.11,10.99,39856934,442713196.88,1.0919,7.3338,-3.031592,4.248412
2020-08-24,sz.300222,11.0,11.85,10.35,11.53,11.11,47618919,532515226.33,3.7804,8.762,-3.146197,4.409018
2020-08-25,sz.300222,11.53,12.33,11.43,11.87,11.53,56197884,666642336.2,2.9488,10.3405,-3.238973,4.539033
2020-08-26,sz.300222,12.1,13.03,11.81,12.13,11.87,76939342,959575554.24,2.1904,14.157,-3.30992,4.638455
2020-08-27,sz.300222,13.0,14.56,12.65,14.56,12.13,83429525,1154287417.76,20.033,15.3512,-3.972995,5.567676
2020-08-28,sz.300222,15.0,16.12,13.87,14.07,14.56,139535797,2082118142.68,-3.3654,25.6749,-3.839288,5.380302
2020-08-31,sz.300222,14.73,15.47,13.7,14.79,14.07,98160208,1431115258.17,5.1173,18.0617,-4.035755,5.655627
2020-09-01,sz.300222,14.36,16.17,14.11,15.6,14.79,100822225,1524461483.61,5.4767,18.5515,-4.25678,5.965367
2020-09-02,sz.300222,15.09,15.79,14.82,14.84,15.6,87878732,1336004815.95,-4.8718,16.1699,-4.049399,5.674747
2020-09-03,sz.300222,14.22,14.24,12.76,12.76,14.84,85614768,1142122864.39,-14.0162,15.7533,-3.481828,4.879364
2020-09-04,sz.300222,12.23,13.18,12.22,12.96,12.76,50678469,652004339.48,1.5674,9.3249,-3.536402,4.955843
2020-09-07,sz.300222,12.97,13.68,12.69,13.33,12.96,55263229,730754040.96,2.8549,10.1686,-3.637364,5.09733
2020-09-08,sz.300222,13.2,13.29,12.73,13.09,13.33,43510245,565076371.81,-1.8005,8.006,-3.571875,5.005555
2020-09-09,sz.300222,12.92,13.08,11.88,12.15,13.09,53560235,669011965.21,-7.1811,9.8552,-3.315377,4.646103
2020-09-10,sz.300222,12.38,12.38,10.92,11.07,12.15,48858544,560818005.84,-8.8889,8.9901,-3.020677,4.233116
2020-09-11,sz.300222,11.16,11.65,11.08,11.54,11.07,30620455,350830894.12,4.2457,5.6342,-3.148926,4.412842
2020-09-14,sz.300222,11.66,12.16,11.41,12.0,11.54,35553268,421949233.2,3.9861,6.5419,-3.274446,4.588744
2020-09-15,sz.300222,12.09,12.76,11.83,12.32,12.0,44951203,556278197.86,2.6667,8.2711,-3.361765,4.71111
2020-09-16,sz.300222,12.11,12.28,11.72,11.92,12.32,31130025,372724635.66,-3.2468,5.728,-3.252617,4.558152
2020-09-17,sz.300222,12.3,13.67,12.3,12.9,11.92,61583586,800412841.1,8.2215,11.3315,-3.52003,4.9329
2020-09-18,sz.300222,12.72,13.9,12.72,12.99,12.9,57754419,761871818.62,0.6977,10.6269,-3.544588,4.967315
2020-09-21,sz.300222,12.9,13.0,12.42,12.57,12.99,37068960,468854580.07,-3.2333,6.8208,-3.429983,4.806709
2020-09-22,sz.300222,12.4,12.52,12.11,12.11,12.57,28656968,351813662.24,-3.6595,5.2729,-3.304462,4.630807
2020-09-23,sz.300222,12.38,12.48,11.93,12.15,12.11,25142713,306274247.66,0.3303,4.6263,-3.315377,4.646103
2020-09-24,sz.300222,11.95,12.0,11.43,11.83,12.15,28005413,327722328.63,-2.6337,5.1531,-3.228058,4.523737
2020-09-25,sz.300222,11.8,11.93,11.51,11.52,11.83,16700358,194778112.48,-2.6205,3.0729,-3.143469,4.405194
2020-09-28,sz.300222,11.57,11.85,11.1,11.12,11.52,17089295,193895599.65,-3.4722,3.1445,-3.03432,4.252236
2020-09-29,sz.300222,11.25,11.42,11.13,11.2,11.12,15989189,180632165.28,0.7194,2.942,-3.05615,4.282828
2020-09-30,sz.300222,11.32,11.34,10.96,11.12,11.2,14283507,159392573.48,-0.7143,2.6282,-3.03432,4.252236
2020-10-09,sz.300222,11.5,11.66,11.38,11.51,11.12,18643393,214545047.0,3.5072,3.4304,-3.14074,4.40137
2020-10-12,sz.300222,11.94,12.47,11.94,12.27,11.51,34205742,416785141.18,6.603,6.2939,-3.348121,4.691991
2020-10-13,sz.300222,12.16,13.08,12.05,12.74,12.27,44471042,559966886.22,3.8305,8.1828,-3.476371,4.871716
2020-10-14,sz.300222,12.59,13.04,12.43,12.74,12.74,38705930,492385597.82,0.0,7.122,-3.476371,4.871716
2020-10-15,sz.300222,13.64,14.0,12.92,13.15,12.74,61777356,827663552.45,3.2182,11.3672,-3.588248,5.028499
2020-10-16,sz.300222,13.2,13.4,12.48,12.52,13.15,38915514,498802886.07,-4.7909,7.1605,-3.416339,4.787589
2020-10-19,sz.300222,12.44,12.68,12.31,12.39,12.52,26321221,328771288.9,-1.0383,4.8432,-3.380866,4.737878
2020-10-20,sz.300222,12.54,13.2,12.28,13.17,12.39,40989370,526462628.62,6.2954,7.5421,-3.593705,5.036146
2020-10-21,sz.300222,12.88,12.95,12.4,12.62,13.17,31182479,394940821.62,-4.1762,5.7376,-3.443626,4.825829
2020-10-22,sz.300222,12.5,13.25,12.32,12.94,12.62,38411562,494688372.87,2.5357,7.0678,-3.530945,4.948195
2020-10-23,sz.300222,13.0,13.72,12.92,13.25,12.94,57123550,765028367.79,2.3957,10.5109,-3.615535,5.066738
2020-10-26,sz.300222,13.15,13.98,12.89,13.91,13.25,60273337,823419446.08,4.9811,11.0904,-3.795629,5.319119
2020-10-27,sz.300222,13.75,13.75,12.95,13.17,13.91,47069793,626674337.17,-5.3199,8.6609,-3.593705,5.036146
2020-10-28,sz.300222,13.1,14.41,13.03,13.93,13.17,66395388,918273778.66,5.7707,12.2169,-3.801087,5.326767
2020-10-29,sz.300222,13.5,14.22,13.27,13.63,13.93,51931346,711157574.25,-2.1536,9.5555,-3.784839,5.208338
2020-10-30,sz.300222,13.8,14.3,13.49,14.11,13.63,61315289,854380666.5,3.5216,11.2821,-3.918127,5.391757
2020-11-02,sz.300222,13.93,15.0,13.8,14.9,14.11,72220623,1054901629.05,5.5989,13.2888,-4.137498,5.693635
2020-11-03,sz.300222,15.05,15.18,14.34,14.97,14.9,60904484,893953324.15,0.4698,11.2066,-4.156936,5.720383
2020-11-04,sz.300222,14.79,15.47,13.91,14.05,14.97,61218618,897782012.73,-6.1456,11.2644,-3.901466,5.36883
2020-11-05,sz.300222,14.3,14.8,14.06,14.51,14.05,49798644,719743896.32,3.274,9.1631,-4.029201,5.544607
2020-11-06,sz.300222,14.35,14.38,13.23,13.43,14.51,54041953,740145155.08,-7.4431,9.9438,-3.729302,5.131914
2020-11-09,sz.300222,13.5,13.89,13.31,13.58,13.43,38228559,521180153.06,1.1169,7.0341,-3.770954,5.189232
2020-11-10,sz.300222,13.67,13.79,12.92,13.04,13.58,34849532,457238268.42,-3.9764,6.4124,-3.621005,4.982886
2020-11-11,sz.300222,13.05,13.25,12.82,12.9,13.04,19521608,253517235.96,-1.0736,3.592,-3.582129,4.929388
2020-11-12,sz.300222,13.0,13.57,12.92,13.44,12.9,31387206,418311823.94,4.186,5.7753,-3.732079,5.135735
2020-11-13,sz.300222,13.35,13.69,13.18,13.36,13.44,22963016,308385941.21,-0.5952,4.2252,-3.709864,5.105165
2020-11-16,sz.300222,13.2,13.3,12.4,12.54,13.36,30984639,393859157.23,-6.1377,5.7012,-3.482163,4.791824
2020-11-17,sz.300222,12.63,12.63,11.96,12.37,12.54,24770333,302776697.43,-1.3557,4.5578,-3.434956,4.726863
2020-11-18,sz.300222,12.3,12.53,12.15,12.35,12.37,14797661,182122382.68,-0.1617,2.7228,-3.429403,4.719221
2020-11-19,sz.300222,12.36,12.49,12.19,12.42,12.35,15010847,185584751.54,0.5668,2.762,-3.44884,4.745969
2020-11-20,sz.300222,12.44,12.86,12.36,12.8,12.42,23410850,297832420.46,3.0596,4.3076,-3.554361,4.891176
2020-11-23,sz.300222,12.8,12.82,12.38,12.43,12.8,19613512,246150957.6,-2.8906,3.6089,-3.451617,4.74979
2020-11-24,sz.300222,12.52,13.14,12.5,12.82,12.43,23731952,304837206.67,3.1376,4.3667,-3.559914,4.898818
2020-11-25,sz.300222,12.83,13.23,12.65,12.95,12.82,28615387,372529334.11,1.014,5.2653,-3.596013,4.948494
2020-11-26,sz.300222,12.79,12.86,12.31,12.45,12.95,20643745,258431080.02,-3.861,3.7985,-3.457171,4.757433
2020-11-27,sz.300222,12.3,12.52,12.19,12.38,12.45,12268711,151496497.7,-0.5622,2.2575,-3.437733,4.730684
2020-11-30,sz.300222,12.25,12.4,11.82,11.95,12.38,19032474,230722070.65,-3.4733,3.502,-3.318329,4.566371
2020-12-01,sz.300222,11.96,12.11,11.89,12.03,11.95,13070735,157336169.66,0.6695,2.405,-3.340544,4.596941
2020-12-02,sz.300222,12.03,12.09,11.82,11.91,12.03,14857901,177477048.95,-0.9975,2.7339,-3.307221,4.551086
2020-12-03,sz.300222,11.89,12.05,11.67,11.81,11.91,14233270,168297845.33,-0.8396,2.619,-3.279453,4.512874
2020-12-04,sz.300222,11.82,11.89,11.65,11.66,11.81,11979451,140421842.73,-1.2701,2.2042,-3.2378,4.455556
2020-12-07,sz.300222,11.6,11.8,11.5,11.67,11.66,9285820,108484316.22,0.0858,1.7086,-3.240577,4.459377
2020-12-08,sz.300222,11.68,12.2,11.65,12.03,11.67,19803701,238015466.99,3.0848,3.6439,-3.340544,4.596941
2020-12-09,sz.300222,11.94,12.04,11.7,11.76,12.03,11573046,137466801.01,-2.2444,2.1295,-3.265569,4.493768
2020-12-10,sz.300222,11.65,11.75,11.36,11.52,11.76,11623395,134318790.62,-2.0408,2.1387,-3.198924,4.402058
2020-12-11,sz.300222,11.51,11.86,11.44,11.66,11.52,12224707,142431046.64,1.2153,2.2494,-3.2378,4.455556
2020-12-14,sz.300222,11.85,12.12,11.72,11.87,11.66,12651600,150839631.4,1.801,2.3279,-3.296114,4.535801
2020-12-15,sz.300222,11.85,11.85,11.49,11.58,11.87,10613441,123493427.19,-2.4431,1.9529,-3.215586,4.424986
2020-12-16,sz.300222,11.61,11.7,11.02,11.06,11.58,15183556,170707185.21,-4.4905,2.7938,-3.07119,4.226282
2020-12-17,sz.300222,11.14,11.26,10.69,11.23,11.06,13113044,144373951.01,1.5371,2.4128,-3.118396,4.291243
2020-12-18,sz.300222,11.24,11.4,11.06,11.1,11.23,10069501,112736145.17,-1.1576,1.8528,-3.082297,4.241567
2020-12-21,sz.300222,11.06,11.24,11.02,11.22,11.1,9101437,101633957.66,1.0811,1.6747,-3.115619,4.287421
2020-12-22,sz.300222,11.18,11.37,10.88,10.93,11.22,13370809,148220203.21,-2.5847,2.4655,-3.035091,4.176606
2020-12-23,sz.300222,10.97,11.35,10.95,11.08,10.93,10589377,117599345.22,1.3724,1.9526,-3.076743,4.233924
2020-12-24,sz.300222,10.96,11.09,10.55,10.63,11.08,13103228,141491311.44,-4.0614,2.4162,-2.951785,4.061969
2020-12-25,sz.300222,10.57,10.98,10.57,10.76,10.63,11341767,122759609.58,1.223,2.0914,-2.987884,4.111645
2020-12-28,sz.300222,10.66,10.86,10.22,10.37,10.76,17179953,180037734.61,-3.6245,3.1679,-2.879587,3.962617
2020-12-29,sz.300222,10.34,10.56,10.22,10.25,10.37,12496854,130026884.93,-1.1572,2.3044,-2.846265,3.916762
2020-12-30,sz.300222,10.23,10.37,10.13,10.22,10.25,11579277,118728907.99,-0.2927,2.1352,-2.837935,3.905298
2020-12-31,sz.300222,10.23,10.51,10.15,10.31,10.22,13041601,134883152.28,0.8806,2.4048,-2.862926,3.939689
2021-01-04,sz.300222,10.57,10.66,10.35,10.64,10.31,16192613,171098248.27,3.2008,2.9859,-2.954562,4.06579
2021-01-05,sz.300222,10.77,10.78,10.24,10.35,10.64,22033616,230018357.2,-2.7256,4.0629,-2.874034,3.954974
2021-01-06,sz.300222,10.3,10.34,9.75,10.16,10.35,21866854,219485825.14,-1.8357,4.0322,-2.821274,3.882371
2021-01-07,sz.300222,10.01,10.04,9.49,9.59,10.16,22251268,216606354.26,-5.6102,4.103,-2.662994,3.664561
2021-01-08,sz.300222,9.61,9.8,9.25,9.68,9.59,19176692,183975920.33,0.9385,3.5361,-2.687985,3.698952
2021-01-11,sz.300222,9.75,9.78,9.28,9.41,9.68,14320865,135028150.38,-2.7893,2.6407,-2.61301,3.595779
2021-01-12,sz.300222,9.25,9.58,9.24,9.32,9.41,11934558,111670271.59,-0.9564,2.2007,-2.588019,3.561387
2021-01-13,sz.300222,9.26,9.46,8.98,9.03,9.32,16190465,147638304.93,-3.1116,2.9855,-2.50749,3.450572
2021-01-14,sz.300222,8.99,9.18,8.79,9.1,9.03,14851704,133803603.1,0.7752,2.7386,-2.526928,3.47732
2021-01-15,sz.300222,9.1,9.44,9.05,9.36,9.1,15769033,146881431.83,2.8571,2.9077,-2.599126,3.576672
2021-01-18,sz.300222,9.33,9.53,9.32,9.4,9.36,11125688,104764203.25,0.4274,2.0515,-2.610234,3.591957
2021-01-19,sz.300222,9.36,9.95,9.33,9.64,9.4,21516103,208956829.13,2.5532,3.9675,-2.676878,3.683667
2021-01-20,sz.300222,9.59,9.76,9.51,9.64,9.64,12464036,120049506.21,0.0,2.2983,-2.676878,3.683667
2021-01-21,sz.300222,9.72,9.88,9.48,9.67,9.64,14637580,141635589.02,0.3112,2.6991,-2.685208,3.695131
2021-01-22,sz.300222,9.62,9.75,9.49,9.51,9.67,12378006,118664899.09,-1.6546,2.2825,-2.640779,3.633991
2021-01-25,sz.300222,9.42,9.64,9.21,9.21,9.51,12755922,119513864.57,-3.1546,2.3521,-2.557473,3.519354
2021-01-26,sz.300222,9.21,9.42,9.01,9.03,9.21,10117249,92778257.05,-1.9544,1.8656,-2.50749,3.450572
2021-01-27,sz.300222,9.04,9.12,8.93,9.02,9.03,8006668,72179117.32,-0.1107,1.4764,-2.504713,3.446751
2021-01-28,sz.300222,8.93,9.37,8.88,9.01,9.02,14170003,129591564.66,-0.1109,2.6129,-2.501937,3.442929
2021-01-29,sz.300222,9.08,9.15,8.57,8.75,9.01,13298441,117157569.73,-2.8857,2.4522,-2.429739,3.343577
2021-02-01,sz.300222,8.08,8.62,7.92,8.51,8.75,19969278,166522250.4,-2.7429,3.6823,-2.363094,3.251868
2021-02-02,sz.300222,8.54,8.67,8.35,8.65,8.51,11313730,96523323.41,1.6451,2.0862,-2.40197,3.305365
2021-02-03,sz.300222,8.58,8.64,8.29,8.29,8.65,9972222,84205897.24,-4.1618,1.8388,-2.302004,3.167801
2021-02-04,sz.300222,8.34,8.39,7.7,7.91,8.29,14495696,115473184.56,-4.5838,2.6729,-2.196484,3.022594
2021-02-05,sz.300222,7.82,8.25,7.46,7.48,7.91,18021502,138725072.68,-5.4362,3.3231,-2.077079,2.858281
2021-02-08,sz.300222,7.6,7.62,7.33,7.47,7.48,11482498,85925407.12,-0.1337,2.1173,-2.074303,2.85446
2021-02-09,sz.300222,7.48,7.6,7.31,7.56,7.47,8970147,67113764.08,1.2048,1.6541,-2.099294,2.888851
2021-02-10,sz.300222,7.58,7.71,7.43,7.56,7.56,10165366,76704752.67,0.0,1.8745,-2.099294,2.888851
2021-02-18,sz.300222,7.78,8.04,7.75,7.92,7.56,16329070,129150060.06,4.7619,3.011,-2.199261,3.026415
2021-02-19,sz.300222,7.98,8.28,7.87,8.23,7.92,13294164,108648775.0,3.9141,2.4514,-2.285343,3.144873
2021-02-22,sz.300222,8.33,8.8,8.33,8.49,8.23,17897374,153557600.36,3.1592,3.3002,-2.357541,3.244225
2021-02-23,sz.300222,8.47,8.6,8.16,8.2,8.49,14539685,120788374.22,-3.4158,2.6811,-2.277012,3.13341
2021-02-24,sz.300222,8.13,8.53,8.13,8.29,8.2,17246207,144096672.03,1.0976,3.1801,-2.302004,3.167801
2021-02-25,sz.300222,8.32,8.42,8.17,8.18,8.29,15318271,126311230.17,-1.3269,2.8246,-2.271459,3.125767
2021-02-26,sz.300222,8.05,8.77,8.02,8.36,8.18,25820381,217486002.08,2.2005,4.7612,-2.321442,3.194549
2021-03-01,sz.300222,8.35,8.76,8.34,8.69,8.36,22256719,192007369.81,3.9474,4.1041,-2.413078,3.32065
2021-03-02,sz.300222,8.63,8.8,8.41,8.55,8.69,15897231,135952565.68,-1.611,2.9314,-2.374202,3.267153
2021-03-03,sz.300222,8.46,8.57,8.34,8.44,8.55,14402326,121417923.73,-1.2865,2.6557,-2.343656,3.225119
2021-03-04,sz.300222,8.43,8.45,8.24,8.25,8.44,14064996,117112499.72,-2.2512,2.5935,-2.290896,3.152516
2021-03-05,sz.300222,8.18,8.51,8.12,8.47,8.25,15245597,127701807.73,2.6667,2.8112,-2.351987,3.236583
2021-03-08,sz.300222,8.55,8.67,8.25,8.26,8.47,16952732,143526800.2,-2.4793,3.126,-2.293673,3.156337
2021-03-09,sz.300222,8.25,8.29,7.69,7.95,8.26,18032867,143939743.82,-3.753,3.3252,-2.207591,3.037879
2021-03-10,sz.300222,8.07,8.07,7.63,7.64,7.95,13793939,106748796.24,-3.8994,2.5435,-2.121509,2.919421
2021-03-11,sz.300222,7.69,7.79,7.5,7.76,7.64,9361169,71691210.69,1.5707,1.7262,-2.154831,2.965275
2021-03-12,sz.300222,7.76,7.85,7.56,7.64,7.76,9314640,71296980.48,-1.5464,1.7176,-2.121509,2.919421
2021-03-15,sz.300222,7.63,7.74,7.51,7.58,7.64,8180265,62292426.72,-0.7853,1.5084,-2.104848,2.896493
2021-03-16,sz.300222,7.69,8.05,7.59,7.97,7.58,18541651,145957857.36,5.1451,3.419,-2.213145,3.045521
2021-03-17,sz.300222,7.92,8.11,7.86,8.09,7.97,16488578,131947131.73,1.5056,3.0404,-2.246467,3.091376
2021-03-18,sz.300222,8.04,8.09,7.84,7.87,8.09,13454463,106757854.57,-2.7194,2.481,-2.185376,3.007309
2021-03-19,sz.300222,7.77,7.93,7.73,7.77,7.87,9955856,77783960.52,-1.2706,1.8358,-2.157608,2.969097
2021-03-22,sz.300222,7.9,8.34,7.86,8.28,7.77,25661403,209042306.57,6.5637,4.7319,-2.299227,3.163979
2021-03-23,sz.300222,8.31,8.35,8.03,8.06,8.28,16929030,137539191.25,-2.657,3.1216,-2.238136,3.079912
2021-03-24,sz.300222,8.13,8.43,8.13,8.22,8.06,24318115,201227435.88,1.9851,4.4842,-2.282566,3.141052
2021-03-25,sz.300222,8.12,8.3,7.92,8.12,8.22,15486460,125092592.05,-1.2165,2.8556,-2.254797,3.10284
2021-03-26,sz.300222,8.04,8.19,7.95,8.11,8.12,12262128,99266077.87,-0.1232,2.2611,-2.252021,3.099019
2021-03-29,sz.300222,8.1,8.2,7.93,7.95,8.11,13500355,108596036.0,-1.9729,2.4894,-2.207591,3.037879
2021-03-30,sz.300222,7.91,7.93,7.64,7.68,7.95,14679759,113503275.56,-3.3962,2.7069,-2.132616,2.934706
2021-03-31,sz.300222,7.7,7.75,7.59,7.69,7.68,8001866,61292243.28,0.1302,1.4755,-2.135393,2.938527
2021-04-01,sz.300222,7.7,7.71,7.56,7.61,7.69,8107920,61662884.27,-1.0403,1.4951,-2.113178,2.907957
2021-04-02,sz.300222,7.63,7.85,7.58,7.8,7.61,9139624,70597002.15,2.4967,1.6853,-2.165938,2.98056
2021-04-06,sz.300222,7.78,7.88,7.78,7.83,7.8,7013000,54945542.79,0.3846,1.2932,-2.174269,2.992024
2021-04-07,sz.300222,7.86,7.94,7.75,7.91,7.83,8824951,69061344.66,1.0217,1.6273,-2.196484,3.022594
2021-04-08,sz.300222,7.87,7.87,7.66,7.66,7.91,11199257,86563703.64,-3.1606,2.0651,-2.127063,2.927063
2021-04-09,sz.300222,7.61,7.71,7.6,7.68,7.66,6212350,47469821.6,0.2611,1.1455,-2.132616,2.934706
2021-04-12,sz.300222,7.73,7.73,7.56,7.63,7.68,6735005,51300812.07,-0.651,1.2419,-2.118732,2.915599
2021-04-13,sz.300222,7.61,7.63,7.45,7.53,7.63,6971315,52391852.03,-1.3106,1.2855,-2.090964,2.877387
2021-04-14,sz.300222,7.52,7.63,7.45,7.59,7.53,4976551,37570524.55,0.7968,0.9177,-2.107625,2.900314
2021-04-15,sz.300222,7.6,7.6,7.47,7.58,7.59,6025857,45304907.62,-0.1318,1.1111,-2.104848,2.896493
2021-04-16,sz.300222,7.72,8.01,7.7,7.88,7.58,20628833,161772607.99,3.9578,3.8039,-2.188153,3.01113
2021-04-19,sz.300222,7.88,8.18,7.87,8.13,7.88,22655393,183077105.17,3.1726,4.1776,-2.257574,3.106661
2021-04-20,sz.300222,8.12,8.27,8.07,8.14,8.13,21900663,179339346.63,0.123,4.0384,-2.260351,3.110482
2021-04-21,sz.300222,8.08,8.23,8.07,8.13,8.14,12304936,100362280.88,-0.1229,2.269,-2.257574,3.106661
2021-04-22,sz.300222,8.17,8.19,8.01,8.06,8.13,9277684,75061630.72,-0.861,1.7108,-2.238136,3.079912
2021-04-23,sz.300222,8.03,8.09,7.91,8.09,8.06,9367156,75150645.01,0.3722,1.7273,-2.246467,3.091376
2021-04-26,sz.300222,8.03,8.06,7.9,7.93,8.09,10305960,82147443.34,-1.9778,1.9004,-2.202037,3.030236
2021-04-27,sz.300222,7.93,8.66,7.92,8.53,7.93,50358687,419067810.35,7.5662,9.2661,-31059.925153,3.383777
2021-04-28,sz.300222,8.72,10.23,8.6,9.92,8.53,75349784,693900853.09,16.2954,13.8645,-36121.272863,3.935178
2021-04-29,sz.300222,9.5,10.65,9.33,10.18,9.92,81404800,816088579.21,2.621,14.9787,-37067.999772,4.038317
2021-04-30,sz.300222,9.9,10.11,9.78,9.94,10.18,43279815,430245546.09,-2.3576,7.9636,-36194.09801,3.943111
2021-05-06,sz.300222,9.84,10.53,9.35,10.37,9.94,60314736,602430967.76,4.326,11.098,-37759.838668,4.113689
2021-05-07,sz.300222,10.02,10.13,9.61,9.65,10.37,49979281,490776593.1,-6.9431,9.1963,-35138.13338,3.828071
2021-05-10,sz.300222,9.46,10.28,9.41,10.03,9.65,45593760,454530600.21,3.9378,8.3894,-36521.811171,3.978814
2021-05-11,sz.300222,10.0,11.55,9.95,11.19,10.03,76916444,819698008.98,11.5653,14.1528,-40745.669691,4.438976
2021-05-12,sz.300222,10.86,11.45,10.66,10.93,11.19,61538313,675795436.4,-2.3235,11.3232,-39798.942781,4.335836
2021-05-13,sz.300222,10.76,11.22,10.56,10.61,10.93,48441160,524468635.13,-2.9277,8.9133,-38633.740431,4.208895
2021-05-14,sz.300222,10.77,11.22,10.58,10.69,10.61,51335362,559942958.55,0.754,9.4458,-38925.041018,4.24063
2021-05-17,sz.300222,10.45,10.78,9.68,9.99,10.69,47236731,475072422.07,-6.5482,8.6917,-36376.160877,3.962946
2021-05-18,sz.300222,10.0,10.24,9.76,10.09,9.99,27696467,278044825.16,1.001,5.0962,-36740.286611,4.002615
2021-05-19,sz.300222,10.0,10.16,9.81,9.9,10.09,24354023,242846886.15,-1.8831,4.4812,-36048.447716,3.927244
2021-05-20,sz.300222,9.83,11.66,9.77,11.15,9.9,87907232,960118394.37,12.6263,16.1751,-40600.019397,4.423108
2021-05-21,sz.300222,11.3,12.14,11.13,11.7,11.15,99239630,1151517245.3,4.9327,18.2603,-42602.710937,4.641288
2021-05-24,sz.300222,11.67,11.82,11.27,11.36,11.7,54131659,620574884.92,-2.906,9.9603,-41364.68344,4.506413
2021-05-25,sz.300222,11.26,11.6,11.25,11.42,11.36,41340528,470245436.03,0.5282,7.6067,-41583.15888,4.530215
2021-05-26,sz.300222,11.31,11.49,11.06,11.24,11.42,36251939,407020287.81,-1.5762,6.6704,-40927.732558,4.45881
2021-05-27,sz.300222,11.09,12.26,11.06,11.79,11.24,62836805,733617938.61,4.8932,11.5621,-42930.424098,4.67699
2021-05-28,sz.300222,11.91,12.13,11.5,11.56,11.79,51718881,608775555.0,-1.9508,9.5164,-42092.934909,4.585751
2021-05-31,sz.300222,11.59,12.03,11.52,11.81,11.56,43483552,511821457.15,2.1626,8.0011,-43003.249245,4.684924
2021-06-01,sz.300222,11.62,11.65,11.22,11.34,11.81,39840055,455007182.53,-3.9797,7.3307,-41291.858293,4.498479
2021-06-02,sz.300222,11.26,11.83,11.21,11.3,11.34,39500872,455221747.03,-0.3527,7.2682,-41146.207999,4.482612
2021-06-03,sz.300222,11.1,11.44,10.89,10.96,11.3,32695180,363852249.65,-3.0088,6.016,-39908.180502,4.347737
2021-06-04,sz.300222,11.0,11.01,10.53,10.59,10.96,34009586,363214210.99,-3.3759,6.2578,-38560.915284,4.200961
2021-06-07,sz.300222,10.6,11.05,10.56,10.98,10.59,29862147,323937349.91,3.6827,5.4947,-39981.005648,4.35567
2021-06-08,sz.300222,10.88,11.25,10.75,10.89,10.98,25087782,275315496.41,-0.8197,4.6162,-39653.292487,4.319968
2021-06-09,sz.300222,10.74,12.18,10.71,12.1,10.89,65168293,756588006.68,11.1111,11.9911,-44059.213875,4.799965
2021-06-10,sz.300222,11.9,12.2,11.71,12.08,12.1,57297953,684522059.23,-0.1653,10.5429,-43986.388728,4.792031
2021-06-11,sz.300222,11.93,12.95,11.74,12.22,12.08,69260812,857367814.14,1.1589,12.7441,-44496.164756,4.847568
2021-06-15,sz.300222,12.28,13.27,12.0,13.05,12.22,77659643,992962760.17,6.7921,14.2895,-47518.408353,5.176821
2021-06-16,sz.300222,12.86,12.86,12.12,12.15,13.05,57188462,710843651.52,-6.8966,10.5228,-44241.276742,4.819799
2021-06-17,sz.300222,12.13,12.63,11.98,12.17,12.15,46170492,566711192.37,0.1646,8.4955,-44314.101889,4.827733
2021-06-18,sz.300222,12.25,13.4,12.01,12.83,12.17,70412245,908090129.08,5.4232,12.956,-46717.331737,5.089549
2021-06-21,sz.300222,12.85,12.96,12.26,12.78,12.83,51269759,647919939.92,-0.3897,9.4337,-46535.268869,5.069715
2021-06-22,sz.300222,12.65,12.72,12.15,12.31,12.78,43015891,530668697.23,-3.6776,7.915,-44823.877917,4.88327
2021-06-23,sz.300222,12.21,12.34,11.9,12.06,12.31,46781887,564471993.39,-2.0309,8.608,-43913.563581,4.784097
2021-06-24,sz.300222,12.08,12.36,11.88,12.34,12.06,57885083,702570295.35,2.3217,10.651,-44933.115638,4.895171
2021-06-25,sz.300222,12.18,12.2,11.58,11.72,12.34,55287545,650538487.66,-5.0243,10.173,-42675.536084,4.649222
2021-06-28,sz.300222,11.65,11.97,11.43,11.75,11.72,32773350,386886159.93,0.256,6.0304,-42784.773804,4.661123
2021-06-29,sz.300222,11.86,12.48,11.84,12.4,11.75,63988934,785197100.85,5.5319,11.7741,-45151.591078,4.918972
2021-06-30,sz.300222,12.4,12.4,11.93,12.26,12.4,43353951,526486146.28,-1.129,7.9772,-44641.81505,4.863435
2021-07-01,sz.300222,12.37,12.37,10.62,10.82,12.26,72453264,826097761.23,-11.7455,13.3316,-39398.404473,4.2922
2021-07-02,sz.300222,10.69,11.66,10.5,11.16,10.82,42629514,474123627.91,3.1423,7.8439,-40636.431971,4.427075
2021-07-05,sz.300222,11.27,11.56,11.01,11.33,11.16,33070274,373290859.02,1.5233,6.085,-41255.445719,4.494512
2021-07-06,sz.300222,11.1,11.5,10.83,11.15,11.33,33127305,368469367.83,-1.5887,6.0574,-40600.019397,4.423108
2021-07-07,sz.300222,11.12,11.56,11.07,11.36,11.15,35149677,400279044.9,1.8834,6.4272,-41364.68344,4.506413
2021-07-08,sz.300222,11.29,12.15,11.14,11.8,11.36,61542781,721831576.02,3.8732,11.1755,-42966.836671,4.680957
2021-07-09,sz.300222,11.67,13.37,11.65,12.87,11.8,91880373,1152192441.45,9.0678,16.6845,-46862.982031,5.105417
2021-07-12,sz.300222,12.89,13.01,12.58,12.92,12.87,68641712,877082156.18,0.3885,12.4646,-47045.044898,5.125252
2021-07-13,sz.300222,12.72,13.64,12.61,13.16,12.92,80306685,1055004285.36,1.8576,14.5829,-47918.946661,5.220457
2021-07-14,sz.300222,12.92,12.95,12.39,12.6,13.16,56399650,714421677.03,-4.2553,10.2416,-45879.842547,4.99831
2021-07-15,sz.300222,12.43,12.84,12.2,12.44,12.6,37719717,470244599.7,-1.2698,6.8495,-45297.241372,4.93484
2021-07-16,sz.300222,12.74,13.14,12.31,12.39,12.44,45766856,579805952.89,-0.4019,8.3108,-45115.178505,4.915005
2021-07-19,sz.300222,12.21,12.44,11.73,11.77,12.39,43018313,514889612.36,-5.004,7.8117,-42857.598951,4.669057
2021-07-20,sz.300222,11.55,12.68,11.48,12.32,11.77,50208722,614173555.47,4.6729,9.1174,-44860.290491,4.887237
2021-07-21,sz.300222,12.31,12.75,12.23,12.6,12.32,50464930,633329810.7,2.2727,9.1639,-45879.842547,4.99831
2021-07-22,sz.300222,12.53,13.22,12.45,13.06,12.6,64700353,837517620.53,3.6508,11.7489,-47554.820926,5.180788
2021-07-23,sz.300222,13.04,13.55,12.61,13.09,13.06,71245444,931427301.21,0.2297,12.9374,-47664.058646,5.192689
2021-07-26,sz.300222,12.9,13.46,12.42,13.08,13.09,58466932,760503521.78,-0.0764,10.617,-47627.646073,5.188722
2021-07-27,sz.300222,12.9,13.05,11.71,12.15,13.08,58815915,735166478.81,-7.1101,10.6804,-44241.276742,4.819799
2021-07-28,sz.300222,11.95,12.05,11.01,11.22,12.15,48689025,552488492.17,-7.6543,8.8414,-40854.907411,4.450876
2021-07-29,sz.300222,11.36,12.0,11.36,11.69,11.22,45915148,539171524.88,4.1889,8.3377,-42566.298363,4.637321
2021-07-30,sz.300222,11.7,13.2,11.7,13.09,11.69,86392727,1098566971.15,11.976,15.688,-47664.058646,5.192689
2021-08-02,sz.300222,13.61,15.3,13.45,14.78,13.09,131495917,1882522552.92,12.9106,23.8783,-53817.78356,5.863097
2021-08-03,sz.300222,14.23,14.73,13.9,14.03,14.78,95897716,1373299403.68,-5.0744,17.414,-51086.840551,5.565579
2021-08-04,sz.300222,14.01,14.5,13.86,14.21,14.03,69828945,988987542.89,1.283,12.6802,-51742.266873,5.636983
2021-08-05,sz.300222,14.03,14.21,13.61,13.88,14.21,49899415,694591548.97,-2.3223,9.0612,-50540.651949,5.506075
2021-08-06,sz.300222,13.89,14.28,13.72,14.05,13.88,57894265,810889249.54,1.2248,10.513,-51159.665698,5.573513
2021-08-09,sz.300222,13.89,14.67,13.58,13.96,14.05,56176535,787880722.74,-0.6406,10.2011,-50831.952537,5.53781
2021-08-10,sz.300222,13.77,15.19,13.76,14.81,13.96,91999214,1337469027.22,6.0888,16.7061,-53927.02128,5.874998
2021-08-11,sz.300222,14.74,15.99,14.22,15.5,14.81,102104636,1533104938.6,4.659,18.5412,-56439.488848,6.148715
2021-08-12,sz.300222,15.51,16.33,14.93,15.26,15.5,90525580,1401241923.9,-1.5484,16.4385,-55565.587085,6.053509
2021-08-13,sz.300222,15.14,15.93,15.02,15.69,15.26,78336264,1215509630.58,2.8178,14.234,-57131.327744,6.224086
2021-08-16,sz.300222,15.39,15.4,14.33,14.44,15.69,67347988,999062873.47,-7.9669,12.2374,-52579.756062,5.728222
2021-08-17,sz.300222,14.82,14.99,14.01,14.18,14.44,48338585,699098469.23,-1.8006,8.7833,-51633.029153,5.625083
2021-08-18,sz.300222,14.49,14.66,14.06,14.51,14.18,41866829,600429585.51,2.3272,7.5256,-52834.644076,5.755991
2021-08-19,sz.300222,14.3,14.35,13.42,13.76,14.51,53210442,733244701.27,-5.1688,9.5646,-50103.701068,5.458472
2021-08-20,sz.300222,13.59,14.74,13.3,14.32,13.76,53528405,756251051.69,4.0698,9.6217,-52142.805181,5.680619
2021-08-23,sz.300222,14.43,15.27,14.35,14.99,14.32,65207137,973319272.17,4.6788,11.721,-54582.447602,5.946402
2021-08-24,sz.300222,15.02,15.1,14.51,14.83,14.99,51780829,762280126.8,-1.0674,9.3076,-53999.846427,5.882932
2021-08-25,sz.300222,14.51,14.55,13.74,14.03,14.83,57847283,811932404.61,-5.3945,10.398,-51086.840551,5.565579
2021-08-26,sz.300222,13.85,14.09,13.7,13.81,14.03,39021138,541215089.87,-1.5681,7.014,-50285.763935,5.478307
2021-08-27,sz.300222,13.61,13.61,12.9,13.32,13.81,51672413,681152707.1,-3.5482,9.2881,-92.405025,5.424416
2021-08-30,sz.300222,13.37,14.08,12.99,14.07,13.32,50225702,687990787.43,5.6306,9.0281,-97.608011,5.729845
2021-08-31,sz.300222,13.88,13.93,13.35,13.39,14.07,34601480,469915872.54,-4.833,6.2196,-92.890637,5.452923
2021-09-01,sz.300222,13.1,13.62,13.06,13.17,13.39,28634451,380809954.75,-1.643,5.147,-91.364428,5.36333
2021-09-02,sz.300222,13.09,13.74,13.09,13.63,13.17,32476440,439422149.46,3.4928,5.8376,-94.555593,5.55066
2021-09-03,sz.300222,13.41,13.69,13.0,13.2,13.63,35131029,468020968.21,-3.1548,6.3148,-91.572548,5.375547
2021-09-06,sz.300222,13.09,13.19,12.37,12.66,13.2,37925283,479335851.09,-4.0909,6.8171,-87.826398,5.155639
2021-09-07,sz.300222,12.6,12.84,12.45,12.71,12.66,30222614,382380532.54,0.3949,5.4325,-88.173264,5.176
2021-09-08,sz.300222,12.64,12.99,12.6,12.75,12.71,26763726,342668008.9,0.3147,4.8108,-88.450756,5.19229
2021-09-09,sz.300222,12.78,12.84,12.0,12.11,12.75,43065476,526610970.11,-5.0196,7.741,-84.010875,4.931657
2021-09-10,sz.300222,12.08,12.35,11.72,12.2,12.11,36428249,438563254.05,0.7432,6.548,-84.635233,4.968309
2021-09-13,sz.300222,12.21,12.35,11.9,12.2,12.2,24883504,302427778.4,0.0,4.4728,-84.635233,4.968309
2021-09-14,sz.300222,12.18,12.83,12.05,12.59,12.2,37623397,467793295.55,3.1967,6.7628,-87.340786,5.127132
2021-09-15,sz.300222,12.44,12.76,12.37,12.64,12.59,23734927,299589477.37,0.3971,4.2663,-87.687652,5.147494
2021-09-16,sz.300222,12.66,12.73,12.06,12.08,12.64,24254076,299034288.37,-4.4304,4.3597,-90.342462,5.303338
2021-09-17,sz.300222,12.0,12.2,11.8,12.11,12.08,15699181,188338403.3,0.2483,2.8219,-90.566823,5.316509
2021-09-22,sz.300222,11.94,12.25,11.86,12.12,12.11,13639442,165401641.64,0.0826,2.4517,-90.641609,5.320899
2021-09-23,sz.300222,12.14,12.79,12.14,12.5,12.12,26774050,335623319.33,3.1353,4.8126,-93.483508,5.487726
2021-09-24,sz.300222,12.51,12.51,12.1,12.1,12.5,19601672,239788518.32,-3.2,3.5234,-90.492036,5.312118
2021-09-27,sz.300222,12.06,12.15,11.1,11.35,12.1,26285500,304503423.26,-6.1983,4.7248,-84.883025,4.982855
2021-09-28,sz.300222,11.28,11.44,11.2,11.37,11.35,11768408,133138751.56,0.1762,2.1154,-85.032599,4.991635
2021-09-29,sz.300222,11.26,11.3,10.75,10.77,11.37,17474012,191969206.93,-5.277,3.1409,-80.545391,4.728224
2021-09-30,sz.300222,10.9,11.27,10.89,11.15,10.77,12070263,133853541.0,3.5283,2.1696,-83.387289,4.895051
2021-10-08,sz.300222,11.41,11.61,11.24,11.46,11.15,14825436,169604911.6,2.7803,2.6649,-85.70568,5.031147
2021-10-11,sz.300222,11.5,11.55,11.2,11.3,11.46,8876100,100364335.0,-1.3962,1.5955,-84.509091,4.960904
2021-10-12,sz.300222,11.46,11.46,10.78,10.91,11.3,13173306,144652431.31,-3.4513,2.3679,-81.592406,4.789687
2021-10-13,sz.300222,10.9,11.33,10.86,11.3,10.91,12458838,138457246.43,3.5747,2.2395,-84.509091,4.960904
2021-10-14,sz.300222,11.3,11.64,11.01,11.52,11.3,19405984,221524889.32,1.9469,3.4882,-86.154401,5.057488
2021-10-15,sz.300222,11.43,11.65,11.36,11.47,11.52,13092914,150665365.28,-0.434,2.3534,-85.780467,5.035537
2021-10-18,sz.300222,11.52,11.74,11.5,11.66,11.47,11817948,137092169.08,1.6565,2.1243,-87.201416,5.118951
2021-10-19,sz.300222,11.6,12.27,11.55,12.1,11.66,26448740,318948864.41,3.7736,4.7542,-90.492036,5.312118
2021-10-20,sz.300222,12.04,12.08,11.75,11.93,12.1,18062076,214741642.23,-1.405,3.2467,-89.22066,5.237485
2021-10-21,sz.300222,11.88,11.97,11.56,11.58,11.93,15486492,181813650.31,-2.9338,2.7837,-86.603122,5.083829
2021-10-22,sz.300222,11.67,11.71,11.31,11.34,11.58,11258988,129591961.27,-2.0725,2.0238,-84.808239,4.978465
2021-10-25,sz.300222,11.33,11.89,11.29,11.88,11.34,16133566,189196636.33,4.7619,2.9,-88.846726,5.215535
2021-10-26,sz.300222,11.88,12.55,11.76,12.4,11.88,38389458,469574706.85,4.3771,6.9005,-92.73564,5.443824
2021-10-27,sz.300222,12.32,12.58,12.11,12.27,12.4,24542646,301402970.09,-1.0484,4.4115,-91.763412,5.386752
2021-10-28,sz.300222,12.27,12.69,11.92,12.49,12.27,34602522,428324610.19,1.793,6.2198,-93.408721,5.483336
2021-10-29,sz.300222,12.49,13.49,12.46,12.67,12.49,64437264,831455637.29,1.4412,11.5826,-52.036665,4.281904
2021-11-01,sz.300222,12.1,12.94,11.6,12.84,12.67,53356673,651191258.9,1.3418,9.5909,-52.734868,4.339357
2021-11-02,sz.300222,12.5,12.85,12.15,12.25,12.84,36396042,454209081.05,-4.595,6.5422,-50.311693,4.139962
2021-11-03,sz.300222,12.27,12.65,12.03,12.39,12.25,22334632,275906036.6,1.1429,4.0146,-50.886683,4.187276
2021-11-04,sz.300222,12.44,13.11,12.24,12.91,12.39,44983775,574009902.42,4.1969,8.0858,-53.022363,4.363013
2021-11-05,sz.300222,12.75,13.19,12.63,13.06,12.91,43512290,563949443.74,1.1619,7.8213,-53.638425,4.413707
2021-11-08,sz.300222,13.07,13.24,12.76,12.99,13.06,29750164,386116512.08,-0.536,5.3476,-53.35093,4.39005
2021-11-09,sz.300222,12.96,13.05,12.55,12.71,12.99,30671551,391215394.67,-2.1555,5.5132,-52.200948,4.295422
2021-11-10,sz.300222,12.55,13.12,12.38,13.08,12.71,34479569,441089860.89,2.9111,6.1977,-53.720566,4.420466
2021-11-11,sz.300222,13.11,13.12,12.82,12.83,13.08,28148730,364434842.77,-1.9113,5.0597,-52.693797,4.335977
2021-11-12,sz.300222,12.68,13.38,12.68,13.32,12.83,43803937,576403198.51,3.8192,7.8737,-54.706265,4.501575
2021-11-15,sz.300222,13.6,13.79,13.06,13.11,13.32,45154290,605146972.1,-1.5766,8.1165,-53.843779,4.430605
2021-11-16,sz.300222,13.21,13.53,12.84,13.37,13.11,44202516,581516044.53,1.9832,7.9454,-54.911619,4.518473
2021-11-17,sz.300222,13.27,14.12,13.19,13.9,13.37,68046294,938417075.46,3.9641,12.2313,-57.08837,4.69759
2021-11-18,sz.300222,13.75,13.96,13.52,13.68,13.9,42407916,580899612.57,-1.5827,7.6228,-56.184813,4.62324
2021-11-19,sz.300222,13.66,13.78,13.52,13.71,13.68,29599566,404671713.5,0.2193,5.3205,-56.308025,4.633378
2021-11-22,sz.300222,13.98,14.02,13.59,13.71,13.71,32856543,452317466.92,0.0,5.906,-56.308025,4.633378
2021-11-23,sz.300222,13.62,13.63,13.17,13.26,13.71,40463489,540945805.94,-3.2823,7.2733,-54.45984,4.481298
2021-11-24,sz.300222,13.25,13.47,13.11,13.27,13.26,23670660,314341572.41,0.0754,4.2548,-54.500911,4.484678
2021-11-25,sz.300222,13.26,14.27,13.14,13.77,13.27,51183023,699507658.03,3.7679,9.2001,-56.55445,4.653656
2021-11-26,sz.300222,13.8,13.99,13.41,13.88,13.77,36701883,504058499.84,0.7988,6.5972,-57.006228,4.690831
2021-11-29,sz.300222,13.58,14.38,13.51,14.1,13.88,49191130,690564477.32,1.585,8.8421,-57.909785,4.765181
2021-11-30,sz.300222,13.95,14.17,13.62,13.72,14.1,39365953,546614104.29,-2.695,7.076,-56.349096,4.636758
2021-12-01,sz.300222,13.66,13.86,13.5,13.83,13.72,26072190,356435969.09,0.8017,4.6865,-56.800874,4.673933
2021-12-02,sz.300222,13.79,13.83,12.78,12.78,13.83,39509355,525180557.05,-7.5922,7.1018,-52.488443,4.319079
2021-12-03,sz.300222,12.78,12.96,12.64,12.85,12.78,23689242,303886655.02,0.5477,4.2581,-52.775939,4.342736
2021-12-06,sz.300222,12.8,13.06,12.6,12.61,12.85,20102165,257524795.55,-1.8677,3.6134,-51.79024,4.261627
2021-12-07,sz.300222,12.63,12.75,12.03,12.16,12.61,24766866,302904772.14,-3.5686,4.4518,-49.942056,4.109546
2021-12-08,sz.300222,12.21,12.33,12.13,12.25,12.16,13314924,162874297.06,0.7401,2.3934,-50.311693,4.139962
2021-12-09,sz.300222,12.18,12.52,12.14,12.46,12.25,18290542,225774062.81,1.7143,3.2877,-51.174179,4.210933
2021-12-10,sz.300222,12.76,13.13,12.63,12.63,12.46,26466665,340296128.32,1.3644,4.7574,-51.872382,4.268386
2021-12-13,sz.300222,12.47,12.94,12.41,12.81,12.63,20824471,265085866.95,1.4252,3.7432,-52.611656,4.329218
2021-12-14,sz.300222,12.72,12.99,12.65,12.84,12.81,19512265,250647415.5,0.2342,3.5073,-52.734868,4.339357
2021-12-15,sz.300222,12.75,13.08,12.7,12.91,12.84,20230423,261457316.8,0.5452,3.6364,-53.022363,4.363013
2021-12-16,sz.300222,12.83,13.0,12.68,12.82,12.91,16174891,207570965.18,-0.6971,2.9074,-52.652726,4.332597
2021-12-17,sz.300222,12.76,13.13,12.67,12.85,12.82,23717992,307353174.71,0.234,4.2633,-52.775939,4.342736
2021-12-20,sz.300222,12.7,12.74,12.0,12.01,12.85,27784861,341041739.73,-6.537,4.9943,-49.325994,4.058853
2021-12-21,sz.300222,12.0,12.12,11.81,12.04,12.01,15038187,179505745.29,0.2498,2.7031,-49.449206,4.068992
2021-12-22,sz.300222,12.06,12.24,11.95,12.1,12.04,11824199,142920551.15,0.4983,2.1254,-49.695631,4.089269
2021-12-23,sz.300222,12.18,12.18,11.86,11.92,12.1,11041784,132420009.89,-1.4876,1.9848,-48.956357,4.028437
2021-12-24,sz.300222,11.99,11.99,11.37,11.42,11.92,17057800,197821581.63,-4.1946,3.0661,-46.902819,3.859459
2021-12-27,sz.300222,11.44,11.62,11.31,11.53,11.42,10541324,120830528.35,0.9632,1.8948,-47.354597,3.896634
2021-12-28,sz.300222,11.53,11.99,11.46,11.85,11.53,15251769,179635445.9,2.7754,2.7415,-48.668862,4.00478
2021-12-29,sz.300222,11.66,11.85,11.66,11.7,11.85,10114442,118823643.97,-1.2658,1.8181,-48.0528,3.954087
2021-12-30,sz.300222,11.7,11.89,11.67,11.7,11.7,10715408,126326931.96,0.0,1.9261,-48.0528,3.954087
2021-12-31,sz.300222,11.78,11.88,11.72,11.81,11.7,8862632,104802381.29,0.9402,1.5931,-48.504579,3.991262
2022-01-04,sz.300222,11.95,11.96,11.76,11.86,11.81,10806440,128014840.4,0.4234,1.9425,-48.709933,4.00816
2022-01-05,sz.300222,11.85,11.85,11.4,11.49,11.86,13396356,154705735.93,-3.1197,2.408,-47.190314,3.883116
2022-01-06,sz.300222,11.41,11.61,11.4,11.56,11.49,7683804,88692575.76,0.6092,1.3812,-47.47781,3.906773
2022-01-07,sz.300222,11.61,11.68,11.23,11.28,11.56,10202743,116464558.76,-2.4221,1.8339,-46.327828,3.812145
2022-01-10,sz.300222,11.3,11.49,11.06,11.45,11.28,8093175,91865536.44,1.5071,1.4547,-47.026031,3.869597
2022-01-11,sz.300222,11.45,11.56,11.28,11.34,11.45,6671274,76106677.52,-0.9607,1.1992,-46.574253,3.832422
2022-01-12,sz.300222,11.39,11.79,11.39,11.68,11.34,12465533,144661630.59,2.9982,2.2407,-47.970659,3.947327
2022-01-13,sz.300222,11.74,11.95,11.56,11.91,11.68,16131849,190172184.0,1.9692,2.8997,-48.915286,4.025057
2022-01-14,sz.300222,11.88,11.93,11.69,11.81,11.91,10788872,127439483.29,-0.8396,1.9393,-48.504579,3.991262
2022-01-17,sz.300222,12.07,12.5,11.91,12.39,11.81,31677306,387551026.3,4.9111,5.694,-50.886683,4.187276
2022-01-18,sz.300222,12.2,12.53,12.14,12.4,12.39,22868700,281497098.77,0.0807,4.1106,-50.927754,4.190656
2022-01-19,sz.300222,12.69,12.79,12.27,12.38,12.4,27689151,347189003.57,-0.1613,4.9771,-50.845613,4.183897
2022-01-20,sz.300222,12.05,12.17,11.77,11.83,12.38,19580390,233647162.27,-4.4426,3.5196,-48.58672,3.998021
2022-01-21,sz.300222,11.86,12.01,11.57,11.61,11.83,10265817,120939341.89,-1.8597,1.8453,-47.683163,3.92367
2022-01-24,sz.300222,11.8,12.08,11.68,11.85,11.61,13620116,162549941.08,2.0672,2.4482,-48.668862,4.00478
2022-01-25,sz.300222,11.58,11.65,11.07,11.09,11.85,15964894,180216833.75,-6.4135,2.8697,-45.547483,3.747933
2022-01-26,sz.300222,11.08,11.25,10.89,11.11,11.09,8084553,89420115.88,0.1803,1.4532,-45.629625,3.754692
2022-01-27,sz.300222,11.24,11.24,10.38,10.38,11.11,11792011,125944568.92,-6.5707,2.1196,-42.631459,3.507984
2022-01-28,sz.300222,10.57,10.66,10.3,10.36,10.38,7384074,77476700.92,-0.1927,1.3273,-42.549317,3.501225
2022-02-07,sz.300222,10.02,10.29,9.25,9.4,10.36,25001262,237642378.3,-9.2664,4.494,-38.606523,3.176787
2022-02-08,sz.300222,9.45,9.85,9.39,9.67,9.4,16565271,159834341.68,2.8723,2.9776,-39.715434,3.268036
2022-02-09,sz.300222,9.68,10.1,9.6,10.06,9.67,17293264,171301400.34,4.0331,3.1085,-41.317194,3.399838
2022-02-10,sz.300222,10.12,10.14,9.87,9.92,10.06,9771563,97441522.95,-1.3917,1.7564,-40.742203,3.352525
2022-02-11,sz.300222,9.9,9.9,9.5,9.57,9.92,10897299,105252570.07,-3.5282,1.9588,-39.304726,3.23424
2022-02-14,sz.300222,9.48,9.66,9.42,9.53,9.57,6381980,60934782.8,-0.418,1.1472,-39.140443,3.220722
2022-02-15,sz.300222,9.53,9.62,9.41,9.6,9.53,7530505,71765328.85,0.7345,1.3536,-39.427939,3.244379
2022-02-16,sz.300222,9.65,9.78,9.58,9.7,9.6,9658377,93466820.37,1.0417,1.7361,-39.838646,3.278174
2022-02-17,sz.300222,9.58,9.78,9.57,9.6,9.7,9317263,90085595.7,-1.0309,1.6748,-39.427939,3.244379
2022-02-18,sz.300222,9.55,9.68,9.43,9.66,9.6,6833922,65438302.25,0.625,1.2284,-39.674363,3.264656
2022-02-21,sz.300222,9.7,9.93,9.66,9.86,9.66,11251911,110407484.78,2.0704,2.0225,-40.495779,3.332247
2022-02-22,sz.300222,9.77,9.88,9.61,9.67,9.86,9385782,91227415.92,-1.927,1.6871,-39.715434,3.268036
2022-02-23,sz.300222,9.69,9.97,9.69,9.93,9.67,11626966,114876427.65,2.6887,2.0899,-40.783274,3.355904
2022-02-24,sz.300222,9.86,10.27,9.6,9.71,9.93,19759931,196343877.37,-2.2155,3.5518,-39.879717,3.281554
2022-02-25,sz.300222,9.84,9.94,9.67,9.72,9.71,10677455,104712826.41,0.103,1.9193,-39.920788,3.284933
2022-02-28,sz.300222,9.65,9.84,9.45,9.78,9.72,9782337,94437380.0,0.6173,1.7584,-40.167213,3.305211
2022-03-01,sz.300222,9.78,10.02,9.78,9.92,9.78,9906445,98098690.0,1.4315,1.7807,-40.742203,3.352525
2022-03-02,sz.300222,9.85,9.95,9.77,9.91,9.92,6374600,62771883.0,-0.1008,1.1458,-40.701133,3.349145
2022-03-03,sz.300222,9.98,9.98,9.76,9.78,9.91,7401858,72689552.0,-1.3118,1.3305,-40.167213,3.305211
2022-03-04,sz.300222,9.71,9.81,9.51,9.53,9.78,8306009,80024001.0,-2.5562,1.493,-39.140443,3.220722
2022-03-07,sz.300222,9.52,9.61,9.32,9.33,9.53,7966534,75263401.0,-2.0986,1.432,-38.319028,3.153131
2022-03-08,sz.300222,9.38,9.42,8.89,8.94,9.33,10537318,96177860.0,-4.1801,1.8941,-36.717268,3.021328
2022-03-09,sz.300222,8.93,9.08,8.3,8.8,8.94,12275561,107321944.0,-1.566,2.2065,-36.142277,2.974014
2022-03-10,sz.300222,8.95,9.14,8.95,8.97,8.8,9769264,88188969.0,1.9318,1.756,-36.84048,3.031466
2022-03-11,sz.300222,8.81,9.09,8.71,9.07,8.97,7589636,67646086.0,1.1148,1.3569,-37.251188,3.065262
2022-03-14,sz.300222,9.01,9.06,8.79,8.79,9.07,6039100,54022163.0,-3.0871,1.0797,-36.101206,2.970634
2022-03-15,sz.300222,8.8,8.85,8.3,8.3,8.79,10457328,89680364.0,-5.5745,1.8695,-34.088739,2.805036
2022-03-16,sz.300222,8.41,8.5,7.9,8.46,8.3,19574484,160916485.0,1.9277,3.1785,-34.745871,2.859109
2022-03-17,sz.300222,8.6,8.88,8.56,8.68,8.46,15792735,138304925.0,2.6005,2.5645,-35.649428,2.933459
2022-03-18,sz.300222,8.6,8.76,8.6,8.7,8.68,9312977,81010886.94,0.2304,1.5123,-35.731569,2.940218
2022-03-21,sz.300222,8.72,8.97,8.7,8.85,8.7,11774244,104278037.11,1.7241,1.9119,-36.347631,2.990912
2022-03-22,sz.300222,8.87,8.94,8.74,8.83,8.85,8992154,79497778.08,-0.226,1.4602,-36.265489,2.984152
2022-03-23,sz.300222,8.83,9.01,8.8,8.86,8.83,8871817,79029531.84,0.3398,1.4406,-36.388702,2.994291
2022-03-24,sz.300222,8.8,8.84,8.58,8.63,8.86,8793678,76343059.39,-2.5959,1.4279,-35.444074,2.916561
2022-03-25,sz.300222,8.72,8.74,8.46,8.47,8.63,8039205,69006239.62,-1.854,1.3054,-34.786942,2.862488
2022-03-28,sz.300222,8.4,8.48,8.28,8.4,8.47,8971612,75195993.35,-0.8264,1.4568,-34.499446,2.838831
2022-03-29,sz.300222,8.4,8.55,8.14,8.16,8.4,9507347,78711654.32,-2.8571,1.5438,-33.513748,2.757722
2022-03-30,sz.300222,8.28,8.4,8.18,8.37,8.16,9270496,76990522.7,2.5735,1.5054,-34.376234,2.828693
2022-03-31,sz.300222,8.31,8.35,8.21,8.21,8.37,6581900,54465858.48,-1.9116,1.0688,-33.719102,2.77462
2022-04-01,sz.300222,8.2,8.2,8.07,8.16,8.21,5707526,46384533.48,-0.609,0.9268,-33.513748,2.757722
2022-04-06,sz.300222,8.16,8.28,8.12,8.19,8.16,7227512,59353986.04,0.3676,1.1736,-33.63696,2.767861
2022-04-07,sz.300222,8.21,8.22,7.92,7.92,8.19,8342700,67185058.0,-3.2967,1.3547,-32.528049,2.676612
2022-04-08,sz.300222,7.96,8.04,7.73,7.79,7.92,7392255,57792724.26,-1.6414,1.2004,-31.994129,2.632678
2022-04-11,sz.300222,7.82,7.88,7.36,7.4,7.79,10252734,77337696.58,-5.0064,1.6649,-30.392369,2.500875
2022-04-12,sz.300222,7.4,7.69,7.37,7.69,7.4,9012151,67920282.61,3.9189,1.4634,-31.583422,2.598883
2022-04-13,sz.300222,7.69,8.06,7.5,7.77,7.69,17896303,139812153.73,1.0403,2.906,-31.911988,2.625919
2022-04-14,sz.300222,7.9,8.07,7.66,7.75,7.77,12843729,100314387.79,-0.2574,2.0856,-31.829846,2.61916
2022-04-15,sz.300222,7.62,7.68,7.43,7.46,7.75,9025988,67899389.03,-3.7419,1.4657,-30.638794,2.521153
2022-04-18,sz.300222,7.42,7.6,7.25,7.58,7.46,7374500,55046205.0,1.6086,1.1975,-31.131643,2.561707
2022-04-19,sz.300222,7.66,7.84,7.5,7.59,7.58,11202341,85748102.46,0.1319,1.8191,-31.172714,2.565087
2022-04-20,sz.300222,7.62,7.73,7.46,7.49,7.59,7902044,60099218.27,-1.3175,1.2831,-30.762006,2.531291
2022-04-21,sz.300222,7.47,7.55,7.1,7.13,7.49,10418063,75900395.65,-4.8064,1.6917,-29.283459,2.409627
2022-04-22,sz.300222,7.03,7.09,6.86,6.9,7.13,9857984,68565227.47,-3.2258,1.6008,-13.599379,2.620656
2022-04-25,sz.300222,6.84,6.84,6.2,6.2,6.9,13324210,86152972.18,-10.1449,2.1636,-12.219732,2.354792
2022-04-26,sz.300222,6.18,6.28,5.86,5.9,6.2,14086182,85962937.62,-4.8387,2.2873,-11.628454,2.240851
2022-04-27,sz.300222,5.87,6.18,5.64,6.17,5.9,16077237,95125952.81,4.5763,2.6106,-12.160604,2.343398
2022-04-28,sz.300222,6.1,6.15,5.86,5.94,6.17,9448872,56746211.7,-3.7277,1.5343,-11.707291,2.256043
2022-04-29,sz.300222,6.09,6.33,6.04,6.28,5.94,11369249,70473057.42,5.7239,1.8462,-12.377406,2.385177
2022-05-05,sz.300222,6.28,6.37,6.17,6.3,6.28,9031848,56835655.94,0.3185,1.4666,-12.416824,2.392773
2022-05-06,sz.300222,6.15,6.23,6.1,6.16,6.3,6905418,42569066.67,-2.2222,1.1213,-12.140895,2.3396
2022-05-09,sz.300222,6.18,6.32,6.15,6.3,6.16,6972365,43750282.71,2.2727,1.1322,-12.416824,2.392773
2022-05-10,sz.300222,6.27,6.42,6.18,6.36,6.3,7918251,50221423.36,0.9524,1.2858,-12.53508,2.415561
2022-05-11,sz.300222,6.39,6.62,6.35,6.39,6.36,11427753,74423194.36,0.4717,1.8557,-12.594207,2.426955
2022-05-12,sz.300222,6.37,6.52,6.3,6.46,6.39,7664100,49374826.0,1.0955,1.2445,-12.732172,2.453542
2022-05-13,sz.300222,6.51,6.61,6.42,6.54,6.46,7833252,50994040.92,1.2384,1.272,-12.889846,2.483926
2022-05-16,sz.300222,6.58,6.64,6.48,6.53,6.54,6837715,44747901.2,-0.1529,1.1103,-12.870137,2.480128
2022-05-17,sz.300222,6.46,6.56,6.39,6.55,6.53,6018667,39001443.49,0.3063,0.9773,-12.909555,2.487724
2022-05-18,sz.300222,6.55,6.69,6.49,6.61,6.55,7457988,49427480.72,0.916,1.211,-13.027811,2.510512
2022-05-19,sz.300222,6.53,6.7,6.5,6.7,6.61,8726802,57841031.18,1.3616,1.4171,-13.205194,2.544695
2022-05-20,sz.300222,6.73,6.86,6.69,6.85,6.7,10600876,71909218.8,2.2388,1.7214,-13.500833,2.601666
2022-05-23,sz.300222,6.9,6.94,6.8,6.92,6.85,6352765,43638376.96,1.0219,1.0316,-13.638797,2.628252
2022-05-24,sz.300222,6.9,6.99,6.53,6.53,6.92,11939719,80809883.34,-5.6358,1.9388,-12.870137,2.480128
2022-05-25,sz.300222,6.53,6.74,6.53,6.7,6.53,8002095,53104772.72,2.6034,1.2994,-13.205194,2.544695
2022-05-26,sz.300222,6.7,6.77,6.5,6.74,6.7,8803660,58868892.49,0.597,1.4296,-13.284031,2.559887
2022-05-27,sz.300222,6.7,6.82,6.55,6.6,6.74,10119141,67437248.57,-2.0772,1.6432,-13.008101,2.506714
2022-05-30,sz.300222,6.66,6.69,6.55,6.66,6.6,7374500,48916316.0,0.9091,1.1975,-13.126357,2.529503
2022-05-31,sz.300222,6.73,6.84,6.57,6.83,6.66,10234519,68744773.88,2.5526,1.6619,-13.461414,2.59407
2022-06-01,sz.300222,6.82,6.98,6.8,6.94,6.83,11118686,76827742.4,1.6105,1.8055,-13.678216,2.635848
2022-06-02,sz.300222,6.94,7.08,6.83,7.07,6.94,10164811,71087802.82,1.8732,1.6506,-13.934436,2.685223
2022-06-06,sz.300222,7.07,7.15,7.04,7.11,7.07,12606089,89411276.98,0.5658,2.047,-14.013273,2.700415
2022-06-07,sz.300222,7.1,7.13,6.92,7.03,7.11,8636643,60553991.57,-1.1252,1.4024,-13.855599,2.670031
2022-06-08,sz.300222,7.03,7.06,6.82,7.0,7.03,8920675,62044914.65,-0.4267,1.4486,-13.796471,2.658636
2022-06-09,sz.300222,7.0,7.0,6.71,6.77,7.0,9410432,64298308.48,-3.2857,1.5281,-13.343159,2.571281
2022-06-10,sz.300222,6.77,6.96,6.75,6.95,6.77,8067816,55626688.56,2.6588,1.3101,-13.697925,2.639646
2022-06-13,sz.300222,6.9,7.25,6.85,7.15,6.95,17595120,125462569.38,2.8777,2.8571,-14.09211,2.715607
2022-06-14,sz.300222,7.0,7.15,6.85,7.14,7.15,12509676,87671997.67,-0.1399,2.0313,-14.072401,2.711809
2022-06-15,sz.300222,7.2,7.26,7.06,7.07,7.14,12733532,90885227.02,-0.9804,2.0677,-13.934436,2.685223
2022-06-16,sz.300222,7.11,7.22,7.09,7.13,7.07,10407949,74503558.69,0.8487,1.6901,-14.052691,2.708011
2022-06-17,sz.300222,7.09,7.25,7.08,7.21,7.13,11103816,79696379.84,1.122,1.8031,-14.210365,2.738396
2022-06-20,sz.300222,7.22,7.52,7.22,7.45,7.21,21026527,156354424.78,3.3287,3.4143,-14.683387,2.829549
2022-06-21,sz.300222,7.6,8.76,7.6,8.09,7.45,55754663,450839455.08,8.5906,9.0535,-15.944779,3.072624
2022-06-22,sz.300222,7.92,7.99,7.69,7.69,8.09,36017387,282124374.99,-4.9444,5.8486,-15.156409,2.920702
2022-06-23,sz.300222,7.66,7.87,7.62,7.85,7.69,22363665,173549724.15,2.0806,3.6314,-15.471757,2.981471
2022-06-24,sz.300222,7.82,7.98,7.74,7.96,7.85,25335451,198924544.7,1.4013,4.114,-15.688559,3.023249
2022-06-27,sz.300222,8.01,8.26,7.82,8.18,7.96,34345000,275451704.76,2.7638,5.577,-16.122162,3.106807
2022-06-28,sz.300222,8.03,8.7,7.96,8.54,8.18,46998892,398028468.66,4.401,7.6318,-16.831695,3.243537
2022-06-29,sz.300222,8.49,8.54,8.01,8.03,8.54,31118382,256737356.47,-5.9719,5.0531,-15.826523,3.049836
2022-06-30,sz.300222,7.99,8.3,7.97,8.06,8.03,18842580,153380012.32,0.3736,3.0597,-15.885651,3.06123
2022-07-01,sz.300222,8.07,8.23,8.03,8.06,8.06,14884146,120673432.37,0.0,2.4169,-15.885651,3.06123
2022-07-04,sz.300222,8.14,8.17,7.92,7.93,8.06,14640647,117136940.49,-1.6129,2.3774,-15.629431,3.011855
2022-07-05,sz.300222,7.84,7.99,7.7,7.8,7.93,16346635,127746650.45,-1.6393,2.6544,-15.373211,2.962481
2022-07-06,sz.300222,7.85,8.23,7.73,8.12,7.8,26534632,213914933.25,4.1026,4.3087,-16.003907,3.084018
2022-07-07,sz.300222,8.04,8.15,7.99,8.06,8.12,15089069,121392489.89,-0.7389,2.4091,-15.885651,3.06123
2022-07-08,sz.300222,8.05,8.47,8.05,8.2,8.06,28287555,233998060.99,1.737,4.5164,-16.161581,3.114403
2022-07-11,sz.300222,8.2,8.65,8.11,8.62,8.2,41646882,349648072.47,5.122,6.6494,-16.989369,3.273921
2022-07-12,sz.300222,8.48,8.5,8.06,8.08,8.62,30655563,252628224.82,-6.2645,4.8945,-15.92507,3.068826
2022-07-13,sz.300222,7.95,8.29,7.95,8.14,8.08,16704155,135840583.33,0.7426,2.667,-16.043325,3.091614
2022-07-14,sz.300222,8.04,8.44,8.0,8.42,8.14,28919485,239842384.06,3.4398,4.6173,-16.595184,3.19796
2022-07-15,sz.300222,8.45,8.53,8.14,8.16,8.42,23729095,197537906.78,-3.0879,3.7886,-16.082744,3.099211
2022-07-18,sz.300222,8.1,8.54,8.01,8.49,8.16,28986152,242279208.69,4.0441,4.6279,-16.733149,3.224546
2022-07-19,sz.300222,8.48,9.05,8.38,8.99,8.49,52293149,456897250.3,5.8893,8.3491,-17.718611,3.414449
2022-07-20,sz.300222,9.09,9.18,8.71,8.86,8.99,36670805,325420488.31,-1.4461,5.8549,-17.462391,3.365074
2022-07-21,sz.300222,8.74,9.42,8.74,9.21,8.86,50636187,463137552.72,3.9503,8.0846,-18.152214,3.498006
2022-07-22,sz.300222,9.2,9.44,8.97,9.14,9.21,35451360,325001153.71,-0.76,5.6602,-18.01425,3.47142
2022-07-25,sz.300222,9.07,9.14,8.58,8.62,9.14,24948537,219039352.52,-5.6893,3.9833,-16.989369,3.273921
2022-07-26,sz.300222,8.61,8.68,8.38,8.66,8.62,16535270,141456006.74,0.464,2.64,-17.068206,3.289113
2022-07-27,sz.300222,8.66,8.95,8.52,8.84,8.66,21910548,193018482.03,2.0785,3.4982,-17.422972,3.357478
2022-07-28,sz.300222,8.9,9.23,8.81,8.82,8.84,24010299,215241272.85,-0.2262,3.8335,-17.383554,3.349882
2022-07-29,sz.300222,8.78,9.19,8.78,8.93,8.82,28933117,261034568.04,1.2472,4.6195,-17.600355,3.391661
2022-08-01,sz.300222,9.04,9.47,8.8,9.22,8.93,40917972,375861176.52,3.2475,6.533,-18.171924,3.501804
2022-08-02,sz.300222,9.02,9.07,8.61,8.84,9.22,36108258,318955757.63,-4.1215,5.7651,-17.422972,3.357478
2022-08-03,sz.300222,8.9,9.14,8.49,8.5,8.84,34545939,305671142.12,-3.8462,5.5156,-16.752858,3.228344
2022-08-04,sz.300222,8.55,8.83,8.48,8.74,8.5,21876538,189389458.23,2.8235,3.4928,-17.22588,3.319498
2022-08-05,sz.300222,8.69,8.71,8.21,8.53,8.74,32084992,269950674.76,-2.4027,5.1227,-16.811986,3.239738
2022-08-08,sz.300222,8.49,8.68,8.25,8.61,8.53,17784691,151953847.9,0.9379,2.8395,-16.96966,3.270123
2022-08-09,sz.300222,8.7,8.77,8.45,8.49,8.61,15669677,134492708.72,-1.3937,2.5018,-16.733149,3.224546
2022-08-10,sz.300222,8.5,8.55,8.29,8.36,8.49,17555856,147028925.88,-1.5312,2.803,-16.476929,3.175172
2022-08-11,sz.300222,8.45,8.68,8.34,8.51,8.36,18720417,158954337.62,1.7943,2.9889,-16.772567,3.232142
2022-08-12,sz.300222,8.53,8.91,8.52,8.64,8.51,33618085,294113348.88,1.5276,5.3675,-17.028787,3.281517
2022-08-15,sz.300222,8.53,9.02,8.4,8.98,8.64,39215431,344419070.02,3.9352,6.2611,-17.698902,3.410651
2022-08-16,sz.300222,8.91,9.15,8.85,9.05,8.98,29617150,266966321.15,0.7795,4.7287,-17.836866,3.437237
2022-08-17,sz.300222,9.05,9.14,8.9,9.13,9.05,28424634,256266669.18,0.884,4.5383,-17.99454,3.467622
2022-08-18,sz.300222,9.2,9.32,8.95,9.0,9.13,26149642,237085767.48,-1.4239,4.1751,-17.73832,3.418247
2022-08-19,sz.300222,8.91,9.1,8.81,8.85,9.0,21541221,192620085.28,-1.6667,3.4393,-17.442682,3.361276
2022-08-22,sz.300222,8.79,8.98,8.6,8.69,8.85,18759431,163471926.28,-1.8079,2.9951,-17.127334,3.300507
2022-08-23,sz.300222,8.67,9.1,8.59,8.93,8.69,25773013,229317671.3,2.7618,4.1149,-17.600355,3.391661
2022-08-24,sz.300222,8.93,8.95,8.19,8.23,8.93,30825160,260552135.62,-7.8387,4.9216,-16.220708,3.125797
2022-08-25,sz.300222,8.25,8.32,7.71,7.87,8.23,20824051,164390092.13,-4.3742,3.3248,-15.511176,2.989067
2022-08-26,sz.300222,7.8,8.37,7.8,8.03,7.87,20798737,169720222.72,2.033,3.3207,-16.654895,3.091397
2022-08-29,sz.300222,7.95,8.15,7.8,8.09,8.03,9872306,79454400.83,0.7472,1.5762,-16.77934,3.114495
2022-08-30,sz.300222,8.03,8.17,7.83,7.89,8.09,10907979,86665886.92,-2.4722,1.7416,-16.364523,3.037499
2022-08-31,sz.300222,7.86,7.88,7.4,7.45,7.89,15564324,117878637.84,-5.5767,2.485,-15.451926,2.868108
2022-09-01,sz.300222,7.44,7.53,7.29,7.33,7.45,9686925,71623939.8,-1.6107,1.5466,-15.203036,2.82191
2022-09-02,sz.300222,7.39,7.47,7.32,7.46,7.33,7358996,54540154.07,1.7735,1.1749,-15.472667,2.871958
2022-09-05,sz.300222,7.46,7.53,7.35,7.41,7.46,6342620,47148816.31,-0.6702,1.0127,-15.368963,2.852708
2022-09-06,sz.300222,7.46,7.52,7.36,7.48,7.41,7973459,59382337.65,0.9447,1.273,-15.514149,2.879657
2022-09-07,sz.300222,7.46,7.61,7.41,7.54,7.48,8790513,66210255.06,0.8021,1.4035,-15.638594,2.902756
2022-09-08,sz.300222,7.54,7.59,7.41,7.42,7.54,6409402,48020995.49,-1.5915,1.0233,-15.389704,2.856558
2022-09-09,sz.300222,7.46,7.46,7.22,7.43,7.42,7042244,51612916.83,0.1348,1.1244,-15.410445,2.860408
2022-09-13,sz.300222,7.45,7.49,7.29,7.3,7.43,7276056,53571372.1,-1.7497,1.1617,-15.140814,2.810361
2022-09-14,sz.300222,7.18,7.28,7.06,7.15,7.3,7443583,53173609.34,-2.0548,1.1884,-14.829701,2.752613
2022-09-15,sz.300222,7.19,7.19,6.78,6.9,7.15,10573797,73389915.97,-3.4965,1.6882,-14.31118,2.656368
2022-09-16,sz.300222,6.9,6.95,6.8,6.8,6.9,5776969,39714264.22,-1.4493,0.9224,-14.103772,2.61787
2022-09-19,sz.300222,6.79,6.88,6.59,6.64,6.8,8410009,56200811.85,-2.3529,1.3427,-13.771918,2.556273
2022-09-20,sz.300222,6.7,6.85,6.7,6.77,6.64,5782448,39156049.12,1.9578,0.9232,-14.041549,2.606321
2022-09-21,sz.300222,6.79,6.91,6.68,6.89,6.77,6671980,45579966.0,1.7725,1.0652,-14.290439,2.652518
2022-09-22,sz.300222,6.84,7.07,6.8,7.01,6.89,10537807,73438373.72,1.7417,1.6825,-14.539329,2.698716
2022-09-23,sz.300222,7.03,7.04,6.72,6.76,7.01,9004525,61710721.92,-3.5663,1.4377,-14.020808,2.602471
2022-09-26,sz.300222,6.67,6.8,6.62,6.64,6.76,5824249,39055370.83,-1.7751,0.9299,-13.771918,2.556273
2022-09-27,sz.300222,6.67,6.81,6.65,6.78,6.64,5358900,36093668.55,2.1084,0.8556,-14.06229,2.610171
2022-09-28,sz.300222,6.78,6.79,6.54,6.54,6.78,6200430,41165289.46,-3.5398,0.99,-13.56451,2.517775
2022-09-29,sz.300222,6.58,6.66,6.51,6.54,6.54,5247206,34607654.35,0.0,0.8378,-13.56451,2.517775
2022-09-30,sz.300222,6.59,6.62,6.39,6.42,6.54,4895202,31767511.98,-1.8349,0.7816,-13.31562,2.471577
2022-10-10,sz.300222,6.41,6.47,6.19,6.21,6.42,5416500,34218195.28,-3.271,0.8648,-12.880062,2.390731
2022-10-11,sz.300222,6.2,6.35,6.15,6.32,6.21,4123321,25831108.23,1.7713,0.6583,-13.108211,2.433079
2022-10-12,sz.300222,6.36,6.62,6.27,6.6,6.32,8039300,51686239.94,4.4304,1.2836,-13.688955,2.540874
2022-10-13,sz.300222,6.55,6.78,6.53,6.68,6.6,7602452,50869332.42,1.2121,1.2138,-13.854881,2.571672
2022-10-14,sz.300222,6.74,6.88,6.7,6.84,6.68,7610675,51908421.95,2.3952,1.2151,-14.186735,2.633269
2022-10-17,sz.300222,6.79,7.04,6.76,7.01,6.84,8734861,60781965.56,2.4854,1.3946,-14.539329,2.698716
2022-10-18,sz.300222,7.01,7.14,6.95,7.06,7.01,8797112,62054173.12,0.7133,1.4045,-14.643033,2.717965
2022-10-19,sz.300222,7.04,7.15,7.0,7.08,7.06,7428785,52686926.31,0.2833,1.1861,-14.684515,2.725665
2022-10-20,sz.300222,6.98,7.14,6.93,7.03,7.08,8940174,62930744.12,-0.7062,1.4274,-14.580811,2.706416
2022-10-21,sz.300222,7.1,7.15,7.0,7.01,7.03,5850156,41401812.12,-0.2845,0.934,-14.539329,2.698716
2022-10-24,sz.300222,7.05,7.15,6.85,6.89,7.01,8644860,60709478.09,-1.7118,1.3802,-14.290439,2.652518
2022-10-25,sz.300222,6.84,7.0,6.77,6.95,6.89,8364115,57668992.53,0.8708,1.3354,-14.414884,2.675617
2022-10-26,sz.300222,6.88,7.15,6.88,7.1,6.95,9858709,69429627.65,2.1583,1.574,-17.320779,2.771365
2022-10-27,sz.300222,7.04,7.2,7.04,7.05,7.1,8190800,58398618.0,-0.7042,1.3077,-17.198802,2.751848
2022-10-28,sz.300222,7.05,7.06,6.66,6.67,7.05,9993392,68322747.82,-5.3901,1.5955,-16.271774,2.603521
2022-10-31,sz.300222,6.61,6.92,6.6,6.86,6.67,6677718,45628261.38,2.8486,1.0662,-16.735288,2.677685
2022-11-01,sz.300222,6.85,7.13,6.82,7.13,6.86,9853389,69582871.79,3.9359,1.5732,-17.393965,2.783075
2022-11-02,sz.300222,7.15,7.2,7.02,7.15,7.13,9301701,66532556.55,0.2805,1.4851,-17.442756,2.790881
2022-11-03,sz.300222,7.07,7.24,7.07,7.17,7.15,8198933,58694156.63,0.2797,1.309,-17.491547,2.798688
2022-11-04,sz.300222,7.17,7.33,7.15,7.33,7.17,9998300,72538967.0,2.2315,1.5963,-17.881874,2.861141
2022-11-07,sz.300222,7.33,7.36,7.22,7.29,7.33,9157112,66769552.46,-0.5457,1.462,-17.784293,2.845528
2022-11-08,sz.300222,7.35,7.35,7.18,7.25,7.29,6451411,46580218.54,-0.5487,1.03,-17.686711,2.829915
2022-11-09,sz.300222,7.27,7.36,7.14,7.27,7.25,7961880,57843683.45,0.2759,1.2712,-17.735502,2.837721
2022-11-10,sz.300222,7.25,7.28,7.13,7.16,7.27,7482550,53782487.88,-1.5131,1.1947,-17.467152,2.794785
2022-11-11,sz.300222,7.28,7.35,7.13,7.14,7.16,9302864,67357272.32,-0.2793,1.4853,-17.418361,2.786978
2022-11-14,sz.300222,7.11,7.23,7.02,7.04,7.14,7545178,53551287.35,-1.4006,1.2047,-17.174406,2.747945
2022-11-15,sz.300222,7.04,7.2,7.0,7.2,7.04,7588049,54183780.35,2.2727,1.2115,-17.564733,2.810398
2022-11-16,sz.300222,7.2,7.28,7.11,7.12,7.2,7445394,53536906.62,-1.1111,1.1887,-17.36957,2.779171
2022-11-17,sz.300222,7.14,7.14,7.0,7.11,7.12,6930259,48903619.39,-0.1404,1.1065,-17.345174,2.775268
2022-11-18,sz.300222,7.13,7.23,7.08,7.1,7.11,8676556,62088306.72,-0.1406,1.3853,-17.320779,2.771365
2022-11-21,sz.300222,7.12,7.19,7.02,7.19,7.1,7951378,56643233.48,1.2676,1.2695,-17.540338,2.806495
2022-11-22,sz.300222,7.16,7.2,6.93,6.95,7.19,10541238,74301292.64,-3.338,1.683,-16.954847,2.712815
2022-11-23,sz.300222,7.0,7.0,6.75,6.95,6.95,9129759,62778468.76,0.0,1.4577,-16.954847,2.712815
2022-11-24,sz.300222,6.95,7.1,6.94,6.99,6.95,5914051,41549032.12,0.5755,0.9442,-17.052429,2.728428
2022-11-25,sz.300222,6.95,7.01,6.84,6.84,6.99,5892372,40533971.2,-2.1459,0.9408,-16.686497,2.669878
2022-11-28,sz.300222,6.85,6.93,6.74,6.9,6.84,5923500,40586123.0,0.8772,0.9457,-16.83287,2.693298
2022-11-29,sz.300222,6.85,7.04,6.85,7.03,6.9,5545785,38661634.01,1.8841,0.8854,-17.150011,2.744041
2022-11-30,sz.300222,7.03,7.03,6.92,6.97,7.03,4848700,33815998.0,-0.8535,0.7741,-17.003638,2.720621
2022-12-01,sz.300222,7.0,7.1,7.0,7.02,6.97,5982904,42120864.04,0.7174,0.9552,-17.125615,2.740138
2022-12-02,sz.300222,7.05,7.39,6.99,7.29,7.02,18831199,136612703.68,3.8462,3.0066,-17.784293,2.845528
2022-12-05,sz.300222,7.3,7.34,7.15,7.24,7.29,13172836,95156031.85,-0.6859,2.1032,-17.662315,2.826011
2022-12-06,sz.300222,7.23,7.35,7.16,7.33,7.24,12570421,91202883.86,1.2431,2.007,-17.881874,2.861141
2022-12-07,sz.300222,7.3,7.38,7.16,7.17,7.33,8586203,62134120.57,-2.1828,1.3709,-17.491547,2.798688
2022-12-08,sz.300222,7.17,7.18,7.04,7.05,7.17,7378381,52417091.83,-1.6736,1.178,-17.198802,2.751848
2022-12-09,sz.300222,7.05,7.08,6.94,6.96,7.05,7897400,55185438.0,-1.2766,1.2609,-16.979242,2.716718
2022-12-12,sz.300222,7.03,7.03,6.82,6.88,6.96,7098207,48940918.43,-1.1494,1.1333,-16.784079,2.685491
2022-12-13,sz.300222,6.9,6.91,6.76,6.77,6.88,6023868,41134423.43,-1.5988,0.9618,-16.515729,2.642555
2022-12-14,sz.300222,6.77,6.88,6.71,6.73,6.77,6427577,43575958.09,-0.5908,1.0262,-16.418147,2.626941
2022-12-15,sz.300222,6.73,6.81,6.7,6.79,6.73,5889786,39862050.48,0.8915,0.9404,-16.564519,2.650361
2022-12-16,sz.300222,6.79,6.79,6.6,6.61,6.79,7255251,48293159.68,-2.651,1.1584,-16.125401,2.580102
2022-12-19,sz.300222,6.61,6.65,6.4,6.43,6.61,8242116,53579193.29,-2.7231,1.3159,-15.686283,2.509842
2022-12-20,sz.300222,6.45,6.65,6.41,6.57,6.43,7925311,51705557.87,2.1773,1.2654,-16.027819,2.564488
2022-12-21,sz.300222,6.58,6.58,6.38,6.44,6.57,6799424,43943559.22,-1.9787,1.0856,-15.710678,2.513745
2022-12-22,sz.300222,6.44,6.49,6.23,6.25,6.44,6830590,43258336.3,-2.9503,1.0906,-15.247164,2.439582
2022-12-23,sz.300222,6.26,6.34,6.22,6.24,6.25,5517317,34579881.99,-0.16,0.8809,-15.222769,2.435678
2022-12-26,sz.300222,6.29,6.46,6.25,6.44,6.24,5624500,35957257.0,3.2051,0.898,-15.710678,2.513745
2022-12-27,sz.300222,6.46,6.57,6.39,6.47,6.44,4939088,31909781.23,0.4658,0.7886,-15.783865,2.525455
2022-12-28,sz.300222,6.47,6.47,6.37,6.39,6.47,3350325,21435613.75,-1.2365,0.5349,-15.588701,2.494228
2022-12-29,sz.300222,6.36,6.42,6.31,6.31,6.39,3548178,22569294.18,-1.252,0.5665,-15.393537,2.463002
2022-12-30,sz.300222,6.31,6.39,6.29,6.35,6.31,2879869,18301002.59,0.6339,0.4598,-15.491119,2.478615
2023-01-03,sz.300222,6.32,6.53,6.32,6.5,6.35,5161327,33307785.4,2.3622,0.8241,-15.857051,2.537165
2023-01-04,sz.300222,6.5,6.54,6.44,6.51,6.5,4555747,29581948.64,0.1538,0.7274,-15.881447,2.541068
2023-01-05,sz.300222,6.5,6.58,6.47,6.56,6.51,5118399,33456221.64,0.768,0.8172,-16.003424,2.560585
2023-01-06,sz.300222,6.59,6.65,6.52,6.55,6.56,5163997,34044299.56,-0.1524,0.8245,-15.979028,2.556682
2023-01-09,sz.300222,6.56,6.68,6.54,6.57,6.55,4949756,32676397.92,0.3053,0.7903,-16.027819,2.564488
2023-01-10,sz.300222,6.55,6.6,6.53,6.55,6.57,3686200,24173640.0,-0.3044,0.5885,-15.979028,2.556682
2023-01-11,sz.300222,6.55,6.59,6.47,6.48,6.55,3892026,25430336.75,-1.0687,0.6214,-15.80826,2.529358
2023-01-12,sz.300222,6.52,6.65,6.47,6.53,6.48,6100815,40094012.6,0.7716,0.9741,-15.930237,2.548875
2023-01-13,sz.300222,6.5,6.58,6.47,6.54,6.53,4861007,31646093.64,0.1531,0.7761,-15.954633,2.552778
2023-01-16,sz.300222,6.52,6.65,6.51,6.63,6.54,6810246,45044549.81,1.3761,1.0873,-16.174192,2.587908
2023-01-17,sz.300222,6.6,6.66,6.57,6.6,6.63,3808930,25167599.6,-0.4525,0.6081,-16.101006,2.576198
2023-01-18,sz.300222,6.64,6.68,6.59,6.66,6.6,4507274,29965521.88,0.9091,0.7196,-16.247378,2.599618
2023-01-19,sz.300222,6.64,6.74,6.61,6.72,6.66,5773825,38687487.0,0.9009,0.9219,-16.393751,2.623038
2023-01-20,sz.300222,6.85,6.91,6.77,6.81,6.72,9973819,68117514.31,1.3393,1.5924,-16.61331,2.658168
2023-01-30,sz.300222,6.81,7.12,6.76,7.04,6.81,16753375,117050886.62,3.3774,2.6748,-17.174406,2.747945
2023-01-31,sz.300222,6.95,7.77,6.94,7.43,7.04,38020022,282181126.58,5.5398,6.0703,-18.125829,2.900175
2023-02-01,sz.300222,7.38,8.03,7.25,8.03,7.43,57325111,441763154.28,8.0754,9.1525,-19.589557,3.134374
2023-02-02,sz.300222,8.2,8.2,7.67,7.72,8.03,44013446,343366398.23,-3.8605,7.0272,-18.833298,3.013371
2023-02-03,sz.300222,7.68,7.82,7.65,7.76,7.72,23862016,184435452.42,0.5181,3.8098,-18.930879,3.028985
2023-02-06,sz.300222,7.74,7.85,7.65,7.83,7.76,26413853,204908978.68,0.9021,4.2172,-19.101648,3.056308
2023-02-07,sz.300222,7.66,8.01,7.66,7.83,7.83,28343906,222095249.09,0.0,4.5254,-19.101648,3.056308
2023-02-08,sz.300222,7.75,8.0,7.73,7.83,7.83,21840544,171162676.58,0.0,3.4871,-19.101648,3.056308
2023-02-09,sz.300222,7.82,7.93,7.74,7.92,7.83,21316393,167363859.03,1.1494,3.4034,-19.321207,3.091438
2023-02-10,sz.300222,7.9,8.13,7.84,7.86,7.92,27872675,221579705.21,-0.7576,4.4502,-19.174834,3.068018
2023-02-13,sz.300222,7.82,7.95,7.75,7.8,7.86,18241827,142552209.61,-0.7634,2.9125,-19.028461,3.044598
2023-02-14,sz.300222,7.76,7.87,7.74,7.79,7.8,13951649,108766907.21,-0.1282,2.2275,-19.004066,3.040695
2023-02-15,sz.300222,7.77,7.94,7.77,7.9,7.79,16413345,129150241.31,1.4121,2.6206,-19.272416,3.083631
2023-02-16,sz.300222,7.94,8.18,7.68,7.73,7.9,32193166,256417269.69,-2.1519,5.14,-18.857693,3.017275
2023-02-17,sz.300222,7.79,7.84,7.54,7.58,7.73,20680314,158292593.6,-1.9405,3.3018,-18.491761,2.958725
2023-02-20,sz.300222,7.56,7.67,7.52,7.61,7.58,11817678,89674408.34,0.3958,1.8868,-18.564947,2.970435
2023-02-21,sz.300222,8.19,8.96,8.16,8.74,7.61,91205538,780357459.99,14.8489,14.5619,-21.321635,3.411511
2023-02-22,sz.300222,8.48,8.55,8.16,8.37,8.74,62473337,519926335.06,-4.2334,9.9745,-20.419003,3.267088
2023-02-23,sz.300222,8.25,8.3,7.92,7.94,8.37,42345008,340866712.25,-5.1374,6.7608,-19.369998,3.099244
2023-02-24,sz.300222,7.92,8.02,7.8,7.87,7.94,21702750,171073805.97,-0.8816,3.4651,-19.19923,3.071921
2023-02-27,sz.300222,7.9,7.94,7.68,7.72,7.87,18046537,140380044.26,-1.906,2.8813,-18.833298,3.013371
2023-02-28,sz.300222,7.78,7.84,7.66,7.78,7.72,14561765,112862547.25,0.7772,2.3249,-18.97967,3.036791
2023-03-01,sz.300222,7.8,7.92,7.71,7.92,7.78,20180747,158113380.22,1.7995,3.2221,-19.321207,3.091438
2023-03-02,sz.300222,7.93,8.1,7.87,8.02,7.92,25628884,205127373.35,1.2626,4.0919,-19.565161,3.130471
2023-03-03,sz.300222,7.98,7.98,7.75,7.8,8.02,16995234,133248034.2,-2.7431,2.7135,-19.028461,3.044598
2023-03-06,sz.300222,7.8,7.84,7.7,7.78,7.8,10434784,80911051.9,-0.2564,1.666,-18.97967,3.036791
2023-03-07,sz.300222,7.74,7.78,7.53,7.53,7.78,13965853,106759625.97,-3.2134,2.2298,-18.369784,2.939208
2023-03-08,sz.300222,7.53,7.65,7.52,7.64,7.53,7931962,60193354.34,1.4608,1.2664,-18.638134,2.982145
2023-03-09,sz.300222,7.62,7.74,7.49,7.68,7.64,12780967,97514153.46,0.5236,2.0406,-18.735716,2.997758
2023-03-10,sz.300222,7.62,7.66,7.51,7.55,7.68,8802760,66617985.4,-1.6927,1.4055,-18.418575,2.947015
2023-03-13,sz.300222,7.58,7.6,7.38,7.54,7.55,7697059,57575621.73,-0.1325,1.2289,-18.394179,2.943111
2023-03-14,sz.300222,7.53,7.53,7.21,7.34,7.54,11464466,84136589.54,-2.6525,1.8304,-17.90627,2.865045
2023-03-15,sz.300222,7.42,7.51,7.38,7.41,7.34,7886800,58700471.54,0.9537,1.2592,-18.077038,2.892368
2023-03-16,sz.300222,7.4,7.4,7.21,7.22,7.41,7770255,56546170.5,-2.5641,1.2406,-17.613524,2.818205
2023-03-17,sz.300222,7.28,7.5,7.27,7.43,7.22,10538322,78024510.22,2.9086,1.6826,-18.125829,2.900175
2023-03-20,sz.300222,7.41,7.64,7.4,7.6,7.43,14226568,107571458.54,2.288,2.2714,-18.540552,2.966531
2023-03-21,sz.300222,7.61,7.67,7.53,7.65,7.6,8646660,65679359.12,0.6579,1.3805,-18.662529,2.986048
2023-03-22,sz.300222,7.65,7.75,7.58,7.71,7.65,11666957,89370032.44,0.7843,1.8627,-18.808902,3.009468
2023-03-23,sz.300222,7.75,7.92,7.66,7.88,7.71,17773404,138600866.95,2.2049,2.8377,-19.223625,3.075824
2023-03-24,sz.300222,7.89,7.93,7.8,7.91,7.88,16006417,126124345.86,0.3807,2.5556,-19.296811,3.087534
2023-03-27,sz.300222,7.92,8.12,7.91,8.02,7.91,22051097,176709034.56,1.3906,3.5207,-19.565161,3.130471
2023-03-28,sz.300222,8.1,8.19,7.91,7.92,8.02,22387513,179928702.05,-1.2469,3.5744,-19.321207,3.091438
2023-03-29,sz.300222,7.83,8.04,7.83,7.93,7.92,14938056,118366110.84,0.1263,2.385,-19.345602,3.095341
2023-03-30,sz.300222,7.88,7.9,7.76,7.78,7.93,11573382,90378917.42,-1.8916,1.8478,-18.97967,3.036791
2023-03-31,sz.300222,7.78,8.02,7.73,7.94,7.78,14549872,114771692.12,2.0566,2.323,-19.369998,3.099244
2023-04-03,sz.300222,7.94,8.06,7.86,8.06,7.94,16838822,134594869.48,1.5113,2.6885,-19.662743,3.146084
2023-04-04,sz.300222,8.08,8.08,7.83,7.89,8.06,16594250,131593292.1,-2.1092,2.6494,-19.24802,3.079728
2023-04-06,sz.300222,7.82,7.85,7.73,7.8,7.89,11892582,92491803.1,-1.1407,1.8988,-19.028461,3.044598
2023-04-07,sz.300222,7.85,7.92,7.77,7.88,7.8,9606618,75332529.96,1.0256,1.5338,-19.223625,3.075824
2023-04-10,sz.300222,7.81,8.05,7.8,7.82,7.88,12073169,95529989.01,-0.7614,1.9276,-19.077252,3.052405
2023-04-11,sz.300222,7.8,7.82,7.67,7.7,7.82,10009744,77236053.68,-1.5345,1.5982,-18.784507,3.005565
2023-04-12,sz.300222,7.7,7.81,7.66,7.79,7.7,13203683,102229484.14,1.1688,2.1081,-19.004066,3.040695
2023-04-13,sz.300222,7.77,7.87,7.58,7.58,7.79,13858160,106244065.05,-2.6958,2.2126,-18.491761,2.958725
2023-04-14,sz.300222,7.63,7.63,7.45,7.49,7.58,8446046,63455207.54,-1.1873,1.3485,-18.272202,2.923595
2023-04-17,sz.300222,7.51,7.53,7.36,7.43,7.49,7661582,56942691.52,-0.8011,1.2233,-18.125829,2.900175
2023-04-18,sz.300222,7.41,7.42,7.32,7.35,7.43,6191900,45614332.0,-1.0767,0.9886,-17.930665,2.868948
2023-04-19,sz.300222,7.36,7.45,7.31,7.33,7.35,7587896,55815369.68,-0.2721,1.2115,-17.881874,2.861141
2023-04-20,sz.300222,7.31,7.34,7.16,7.23,7.33,8302300,59993344.44,-1.3643,1.3255,-17.63792,2.822108
2023-04-21,sz.300222,7.21,7.28,6.95,6.97,7.23,12107025,85652617.05,-3.5961,1.933,-17.003638,2.720621
2023-04-24,sz.300222,6.94,7.03,6.83,6.89,6.97,8509198,58893337.46,-1.1478,1.3384,-19.187973,3.026748
2023-04-25,sz.300222,6.89,6.95,6.59,6.7,6.89,9567321,64277598.6,-2.7576,1.5049,-18.658842,2.943282
2023-04-26,sz.300222,6.67,6.97,6.66,6.89,6.7,10942094,75137087.08,2.8358,1.7211,-19.187973,3.026748
2023-04-27,sz.300222,6.9,6.92,6.75,6.79,6.89,7791600,53028318.0,-1.4514,1.2255,-18.909483,2.982819
2023-04-28,sz.300222,6.8,7.01,6.78,7.0,6.79,7444357,51690912.37,3.0928,1.1709,-19.494312,3.075071
2023-05-04,sz.300222,6.95,7.43,6.95,7.27,7.0,17183172,124842886.72,3.8571,2.7028,-20.246236,3.193681
2023-05-05,sz.300222,7.19,7.26,7.11,7.16,7.27,11289940,80927311.78,-1.5131,1.7758,-19.939896,3.145358
2023-05-08,sz.300222,7.23,7.5,7.23,7.48,7.16,16360334,121341784.15,4.4693,2.5733,-20.831065,3.285933
2023-05-09,sz.300222,7.47,7.47,7.21,7.23,7.48,12659145,92702735.75,-3.3422,1.9912,-20.13484,3.176109
2023-05-10,sz.300222,7.21,7.89,7.19,7.78,7.23,33166177,253950884.86,7.6072,5.2167,-21.666536,3.417722
2023-05-11,sz.300222,7.85,7.87,7.66,7.7,7.78,20475501,158362872.8,-1.0283,3.2206,-21.443743,3.382578
2023-05-12,sz.300222,7.69,7.8,7.58,7.59,7.7,12436666,95197128.32,-1.4286,1.9562,-21.137404,3.334255
2023-05-15,sz.300222,7.56,7.94,7.54,7.91,7.59,26652216,208008269.78,4.2161,4.1922,-22.028573,3.47483
2023-05-16,sz.300222,7.82,8.13,7.8,7.89,7.91,28864562,229665218.49,-0.2528,4.5401,-21.972875,3.466044
2023-05-17,sz.300222,7.87,8.88,7.8,8.53,7.89,72789204,608616206.79,8.1115,11.4491,-23.755212,3.747194
2023-05-18,sz.300222,8.59,8.85,8.36,8.55,8.53,72364953,622904750.31,0.2345,11.3824,-23.81091,3.755979
2023-05-19,sz.300222,8.53,9.24,8.5,8.7,8.55,70380280,624648392.16,1.7544,11.0702,-24.228645,3.821874
2023-05-22,sz.300222,8.53,9.43,8.53,9.19,8.7,93747199,848678579.42,5.6322,14.7456,-25.593247,4.037129
2023-05-23,sz.300222,8.9,8.98,8.49,8.5,9.19,73911966,641885236.73,-7.5082,11.6257,-23.671665,3.734015
2023-05-24,sz.300222,8.38,9.18,8.38,8.87,8.5,80898436,721784725.31,4.3529,12.7246,-24.702078,3.896554
2023-05-25,sz.300222,8.88,8.93,8.47,8.66,8.87,56626202,490140533.76,-2.3675,8.9068,-24.117249,3.804302
2023-05-26,sz.300222,8.56,8.62,8.2,8.5,8.66,42952564,361270808.67,-1.8476,6.756,-23.671665,3.734015
2023-05-29,sz.300222,8.54,8.74,8.36,8.42,8.5,31578154,267649405.0,-0.9412,4.967,-23.448873,3.698871
2023-05-30,sz.300222,8.56,8.86,8.37,8.79,8.42,50038053,430964905.93,4.3943,7.8705,-24.479286,3.86141
2023-05-31,sz.300222,8.6,8.82,8.53,8.65,8.79,41300061,356770210.91,-1.5927,6.4961,-24.0894,3.799909
2023-06-01,sz.300222,8.63,8.73,8.49,8.57,8.65,38303152,329216499.89,-0.9249,6.0247,-23.866608,3.764765
2023-06-02,sz.300222,8.57,8.59,8.36,8.38,8.57,28722600,243222717.72,-2.217,4.5178,-23.337477,3.681299
2023-06-05,sz.300222,8.5,8.62,8.35,8.53,8.38,24501740,208280265.59,1.79,3.8539,-23.755212,3.747194
2023-06-06,sz.300222,8.43,8.51,8.14,8.16,8.53,26754230,221991172.94,-4.3376,4.2082,-22.724798,3.584654
2023-06-07,sz.300222,8.15,8.5,8.15,8.41,8.16,26315523,221049274.36,3.0637,4.1392,-23.421024,3.694478
2023-06-08,sz.300222,8.5,8.5,8.12,8.22,8.41,17736600,146545053.67,-2.2592,2.7898,-22.891892,3.611012
2023-06-09,sz.300222,8.22,8.49,8.18,8.35,8.22,20433716,171539802.63,1.5815,3.214,-23.25393,3.66812
2023-06-12,sz.300222,8.44,8.58,8.31,8.38,8.35,17568260,147515164.65,0.3593,2.7633,-23.337477,3.681299
2023-06-13,sz.300222,8.41,8.73,8.36,8.68,8.38,35791782,308706466.22,3.58,5.6297,-24.172947,3.813088
2023-06-14,sz.300222,8.6,8.64,8.38,8.38,8.68,25141704,212576527.19,-3.4562,3.9546,-23.337477,3.681299
2023-06-15,sz.300222,8.35,8.78,8.33,8.72,8.38,37863692,327458719.18,4.0573,5.9556,-24.284343,3.83066
2023-06-16,sz.300222,8.9,8.96,8.58,8.7,8.72,37697389,328906238.56,-0.2294,5.9295,-24.228645,3.821874
2023-06-19,sz.300222,8.63,8.76,8.57,8.67,8.7,26432184,229252882.44,-0.3448,4.1575,-24.145098,3.808695
2023-06-20,sz.300222,8.75,8.93,8.69,8.82,8.67,34522562,304474828.15,1.7301,5.4301,-24.562833,3.874589
2023-06-21,sz.300222,9.1,9.86,9.02,9.09,8.82,85411192,794566127.85,3.0612,13.4344,-25.314757,3.993199
2023-06-26,sz.300222,9.03,9.35,8.37,8.43,9.09,60717072,535588323.01,-7.2607,9.5502,-23.476722,3.703264
2023-06-27,sz.300222,8.31,8.76,8.31,8.64,8.43,37980847,324833385.33,2.4911,5.974,-24.061551,3.795516
2023-06-28,sz.300222,8.55,8.7,8.07,8.63,8.64,39306582,327478996.67,-0.1157,6.1826,-24.033702,3.791123
2023-06-29,sz.300222,8.6,9.11,8.59,9.02,8.63,41288210,368747164.06,4.5191,6.4943,-25.119814,3.962449
2023-06-30,sz.300222,9.06,9.06,8.81,8.91,9.02,27861926,247799557.78,-1.2195,4.3824,-24.813475,3.914126
2023-07-03,sz.300222,8.9,8.93,8.48,8.57,8.91,30601164,264511345.13,-3.8159,4.8133,-23.866608,3.764765
2023-07-04,sz.300222,8.51,9.04,8.45,9.01,8.57,45100682,401033066.85,5.1342,7.0939,-25.091965,3.958056
2023-07-05,sz.300222,8.96,9.04,8.72,8.77,9.01,27038241,239316145.66,-2.6637,4.2529,-24.423588,3.852625
2023-07-06,sz.300222,8.71,8.85,8.52,8.64,8.77,20857166,180826177.77,-1.4823,3.2806,-24.061551,3.795516
2023-07-07,sz.300222,8.58,8.58,8.24,8.26,8.64,27448286,229601258.29,-4.3981,4.3174,-23.003288,3.628584
2023-07-10,sz.300222,8.25,8.33,8.0,8.01,8.26,24966886,202671387.82,-3.0266,3.9271,-22.307063,3.51876
2023-07-11,sz.300222,8.05,8.09,7.94,8.06,8.01,13957700,112145623.0,0.6242,2.1954,-22.446308,3.540725
2023-07-12,sz.300222,8.05,8.15,7.83,7.85,8.06,21247709,169062277.44,-2.6055,3.3421,-21.861479,3.448472
2023-07-13,sz.300222,7.81,7.88,7.74,7.81,7.85,13572308,105866549.53,-0.5096,2.1348,-21.750083,3.430901
2023-07-14,sz.300222,7.78,7.97,7.71,7.89,7.81,16099142,126783375.79,1.0243,2.5322,-21.972875,3.466044
2023-07-17,sz.300222,7.88,8.14,7.7,8.02,7.89,21452401,170458984.25,1.6477,3.3743,-22.334912,3.523153
2023-07-18,sz.300222,8.02,8.02,7.79,7.82,8.02,13837700,108675667.17,-2.4938,2.1765,-21.777932,3.435294
2023-07-19,sz.300222,7.82,7.87,7.68,7.71,7.82,11345700,87703852.0,-1.4066,1.7846,-21.471592,3.386971
2023-07-20,sz.300222,7.71,7.79,7.55,7.57,7.71,11292384,86626415.17,-1.8158,1.7762,-21.081706,3.32547
2023-07-21,sz.300222,7.59,7.6,7.47,7.5,7.57,8461500,63689566.95,-0.9247,1.3309,-20.886763,3.294719
2023-07-24,sz.300222,7.44,7.59,7.41,7.51,7.5,5687594,42763141.61,0.1333,0.8946,-20.914612,3.299112
2023-07-25,sz.300222,7.55,7.67,7.55,7.66,7.51,7329702,55883054.48,1.9973,1.1529,-21.332347,3.365006
2023-07-26,sz.300222,7.6,7.65,7.5,7.52,7.66,6706000,50661998.0,-1.8277,1.0548,-20.942461,3.303505
2023-07-27,sz.300222,7.5,7.7,7.5,7.6,7.52,8633841,65760515.11,1.0638,1.358,-21.165253,3.338648
2023-07-28,sz.300222,7.54,7.65,7.44,7.59,7.6,9351294,70641463.53,-0.1316,1.4709,-21.137404,3.334255
2023-07-31,sz.300222,7.58,7.72,7.58,7.72,7.59,8606611,66126340.13,1.7128,1.3537,-21.499441,3.391364
2023-08-01,sz.300222,7.7,7.71,7.6,7.67,7.72,7397536,56569224.96,-0.6477,1.1636,-21.360196,3.369399
2023-08-02,sz.300222,7.63,7.7,7.6,7.65,7.67,6819275,52185437.0,-0.2608,1.0726,-21.304498,3.360613
2023-08-03,sz.300222,7.63,7.68,7.58,7.62,7.65,6426549,48963113.36,-0.3922,1.0108,-21.220951,3.347434
2023-08-04,sz.300222,7.63,7.79,7.63,7.75,7.62,12349641,95463861.4,1.706,1.9425,-21.582988,3.404543
2023-08-07,sz.300222,7.75,7.8,7.71,7.77,7.75,6558779,50881961.67,0.2581,1.0316,-21.638687,3.413329
2023-08-08,sz.300222,7.75,7.77,7.57,7.58,7.77,9228253,70451295.21,-2.4453,1.4515,-21.109555,3.329862
2023-08-09,sz.300222,7.5,7.54,7.43,7.45,7.58,7351351,54929642.01,-1.715,1.1563,-20.747518,3.272754
2023-08-10,sz.300222,7.48,7.52,7.4,7.43,7.45,4856560,36169727.0,-0.2685,0.7639,-20.69182,3.263968
2023-08-11,sz.300222,7.45,7.46,7.29,7.3,7.43,7100092,52369437.72,-1.7497,1.1168,-20.329783,3.20686
2023-08-14,sz.300222,7.27,7.36,7.21,7.36,7.3,5979600,43601056.0,0.8219,0.9405,-20.496877,3.233217
2023-08-15,sz.300222,7.33,7.4,7.23,7.27,7.36,4794666,34957936.14,-1.2228,0.7542,-20.246236,3.193681
2023-08-16,sz.300222,7.26,7.26,7.1,7.12,7.27,7332109,52476426.9,-2.0633,1.1533,-19.8285,3.127786
2023-08-17,sz.300222,7.07,7.37,7.07,7.31,7.12,7695313,55808994.28,2.6685,1.2104,-20.357632,3.211253
2023-08-18,sz.300222,7.26,7.39,7.22,7.22,7.31,5908740,43172226.0,-1.2312,0.9294,-20.106991,3.171716
2023-08-21,sz.300222,7.22,7.27,7.09,7.1,7.22,5491740,39449471.4,-1.662,0.8638,-19.772802,3.119
2023-08-22,sz.300222,7.1,7.22,6.99,7.19,7.1,7279400,51729077.43,1.2676,1.145,-20.023444,3.158537
2023-08-23,sz.300222,7.19,7.19,7.01,7.06,7.19,6147381,43504753.05,-1.8081,0.9669,-19.661406,3.101429
2023-08-24,sz.300222,7.1,7.15,6.93,7.02,7.06,5999524,42279107.59,-0.5666,0.9437,-19.55001,3.083857
2023-08-25,sz.300222,7.03,7.03,6.76,6.79,7.02,8907243,61161988.96,-3.2764,1.401,-18.909483,2.982819
2023-08-28,sz.300222,7.23,7.29,6.96,6.98,6.79,12866711,91621054.57,2.7982,2.0238,-21.437283,3.064363
2023-08-29,sz.300222,6.98,7.25,6.98,7.24,6.98,10777105,77338688.1,3.7249,1.6951,-22.235806,3.178508
2023-08-30,sz.300222,7.24,7.4,7.22,7.32,7.24,10256800,75177028.54,1.105,1.6133,-22.481506,3.21363
2023-08-31,sz.300222,7.28,7.36,7.22,7.23,7.32,7576624,55139012.06,-1.2295,1.1917,-22.205094,3.174118
2023-09-01,sz.300222,7.22,7.29,7.2,7.22,7.23,5876900,42539920.39,-0.1383,0.9244,-22.174381,3.169728
2023-09-04,sz.300222,7.27,7.33,7.19,7.33,7.22,6733400,48901274.0,1.5235,1.0591,-22.512218,3.21802
2023-09-05,sz.300222,7.32,7.38,7.26,7.32,7.33,6466000,47353702.0,-0.1364,1.017,-22.481506,3.21363
2023-09-06,sz.300222,7.31,7.43,7.23,7.43,7.32,9079546,66860578.48,1.5027,1.4281,-22.819342,3.261922
2023-09-07,sz.300222,7.4,7.43,7.27,7.27,7.43,6933300,50887427.0,-2.1534,1.0905,-22.327943,3.191679
2023-09-08,sz.300222,7.27,7.42,7.26,7.4,7.27,7568800,55760212.0,1.7882,1.1905,-22.727205,3.248751
2023-09-11,sz.300222,7.42,7.52,7.34,7.49,7.4,9509166,70850727.02,1.2162,1.4957,-23.003617,3.288263
2023-09-12,sz.300222,7.48,7.51,7.39,7.43,7.49,5413400,40210768.68,-0.8011,0.8515,-22.819342,3.261922
2023-09-13,sz.300222,7.45,7.45,7.23,7.28,7.43,6640700,48561181.0,-2.0188,1.0445,-22.358656,3.196069
2023-09-14,sz.300222,7.23,7.3,7.15,7.2,7.28,5507246,39717797.5,-1.0989,0.8662,-22.112956,3.160947
2023-09-15,sz.300222,7.18,7.28,7.1,7.17,7.2,5637000,40366832.0,-0.4167,0.8866,-22.020819,3.147777
2023-09-18,sz.300222,7.11,7.29,7.05,7.23,7.17,5296500,38193109.0,0.8368,0.8331,-22.205094,3.174118
2023-09-19,sz.300222,7.22,7.22,7.03,7.06,7.23,5574948,39479200.55,-2.3513,0.8769,-21.682982,3.099484
2023-09-20,sz.300222,7.02,7.16,7.0,7.04,7.06,4138389,29308660.23,-0.2833,0.6509,-21.621557,3.090704
2023-09-21,sz.300222,7.02,7.11,7.0,7.03,7.04,4219300,29752306.0,-0.142,0.6637,-21.590845,3.086314
2023-09-22,sz.300222,7.0,7.24,6.98,7.22,7.03,7381492,52760079.5,2.7027,1.161,-22.174381,3.169728
2023-09-25,sz.300222,7.24,7.31,7.12,7.17,7.22,5753400,41456213.0,-0.6925,0.905,-22.020819,3.147777
2023-09-26,sz.300222,7.12,7.37,7.12,7.34,7.17,12637300,92220528.0,2.371,1.9877,-22.54293,3.22241
2023-09-27,sz.300222,7.29,7.45,7.28,7.39,7.34,12325746,91155689.29,0.6812,1.9387,-22.696493,3.244361
2023-09-28,sz.300222,7.44,7.5,7.4,7.47,7.39,9510505,70876147.3,1.0825,1.4959,-22.942192,3.279483
2023-10-09,sz.300222,7.49,7.65,7.45,7.62,7.47,16097579,121872033.72,2.008,2.532,-23.402879,3.345336
2023-10-10,sz.300222,7.62,7.65,7.56,7.63,7.62,12273508,93431701.72,0.1312,1.9305,-23.433591,3.349726
2023-10-11,sz.300222,7.61,7.67,7.54,7.59,7.63,10424600,79165554.0,-0.5242,1.6397,-23.310741,3.332165
2023-10-12,sz.300222,7.6,7.65,7.52,7.59,7.59,8432300,63891039.0,0.0,1.3263,-23.310741,3.332165
2023-10-13,sz.300222,7.56,7.61,7.5,7.53,7.59,6324100,47596129.64,-0.7905,0.9947,-23.126467,3.305824
2023-10-16,sz.300222,7.55,7.55,7.42,7.47,7.53,5666181,42286236.15,-0.7968,0.8912,-22.942192,3.279483
2023-10-17,sz.300222,7.46,7.48,7.36,7.44,7.47,5275998,39124892.14,-0.4016,0.8299,-22.850055,3.266312
2023-10-18,sz.300222,7.44,7.48,7.3,7.3,7.44,5479114,40234434.76,-1.8817,0.8618,-22.420081,3.204849
2023-10-19,sz.300222,7.3,7.4,7.23,7.24,7.3,5292944,38703088.84,-0.8219,0.8325,-22.235806,3.178508
2023-10-20,sz.300222,7.24,7.39,7.18,7.21,7.24,5938700,43133557.0,-0.4144,0.9341,-22.143669,3.165337
2023-10-23,sz.300222,7.07,7.08,6.66,6.71,7.21,16494937,112125096.93,-6.9348,2.5945,-21.163647,2.97856
2023-10-24,sz.300222,6.71,6.79,6.61,6.74,6.71,10530800,70750803.51,0.4471,1.6564,-21.258269,2.991877
2023-10-25,sz.300222,6.8,6.89,6.77,6.84,6.74,9685734,66283244.5,1.4837,1.5235,-21.573673,3.036267
2023-10-26,sz.300222,6.79,6.97,6.71,6.95,6.84,8630496,58977971.96,1.6082,1.3575,-21.920618,3.085096
2023-10-27,sz.300222,6.93,7.01,6.84,6.96,6.95,6713591,46440701.08,0.1439,1.056,-21.952159,3.089535
2023-10-30,sz.300222,6.97,7.04,6.9,7.03,6.96,6721851,46912957.16,1.0057,1.0573,-22.172942,3.120608
2023-10-31,sz.300222,7.04,7.07,6.96,7.02,7.03,6854054,48105082.92,-0.1422,1.0781,-22.141401,3.116169
2023-11-01,sz.300222,7.04,7.07,6.95,7.03,7.02,5078000,35661298.0,0.1425,0.7987,-22.172942,3.120608
2023-11-02,sz.300222,7.03,7.09,6.94,6.94,7.03,5199100,36449165.0,-1.2802,0.8178,-21.889078,3.080657
2023-11-03,sz.300222,7.07,7.39,7.06,7.35,6.94,19148246,139259304.31,5.9078,3.0118,-23.182236,3.262655
2023-11-06,sz.300222,7.31,7.49,7.25,7.43,7.35,11697028,86820073.64,1.0884,1.8398,-23.43456,3.298167
2023-11-07,sz.300222,7.4,7.48,7.39,7.46,7.43,7550293,56150924.2,0.4038,1.1876,-23.529181,3.311484
2023-11-08,sz.300222,7.44,7.49,7.37,7.44,7.46,7012148,52161156.4,-0.2681,1.1029,-23.466101,3.302606
2023-11-09,sz.300222,7.45,7.49,7.34,7.38,7.44,7339848,54186967.07,-0.8065,1.1545,-23.276858,3.275972
2023-11-10,sz.300222,7.36,7.37,7.3,7.32,7.38,5239656,38418546.82,-0.813,0.8242,-23.087615,3.249338
2023-11-13,sz.300222,7.36,7.49,7.32,7.48,7.32,9074491,67403112.13,2.1858,1.4273,-23.592262,3.320362
2023-11-14,sz.300222,7.51,7.69,7.46,7.64,7.48,14571585,111098206.55,2.139,2.292,-24.09691,3.391386
2023-11-15,sz.300222,7.64,7.69,7.55,7.57,7.64,9460051,71954834.16,-0.9162,1.488,-23.876127,3.360313
2023-11-16,sz.300222,7.53,7.6,7.5,7.52,7.57,10178000,76972327.91,-0.6605,1.6009,-23.718424,3.338118
2023-11-17,sz.300222,7.48,7.66,7.47,7.63,7.52,8543310,65028281.3,1.4628,1.3438,-24.065369,3.386947
2023-11-20,sz.300222,7.63,7.86,7.61,7.8,7.63,13217033,102572725.61,2.228,2.0789,-24.601557,3.46241
2023-11-21,sz.300222,7.79,7.8,7.64,7.69,7.8,11922295,91901107.5,-1.4103,1.8753,-24.254612,3.413581
2023-11-22,sz.300222,7.63,7.69,7.51,7.52,7.69,7742288,58850685.24,-2.2107,1.2178,-23.718424,3.338118
2023-11-23,sz.300222,7.5,7.66,7.48,7.61,7.52,6501904,49386997.48,1.1968,1.0227,-24.002288,3.378069
2023-11-24,sz.300222,7.61,7.63,7.45,7.46,7.61,6066063,45551000.61,-1.9711,0.9541,-23.529181,3.311484
2023-11-27,sz.300222,7.44,7.58,7.44,7.56,7.46,6270064,47205956.2,1.3405,0.9862,-23.844586,3.355874
2023-11-28,sz.300222,7.55,7.95,7.53,7.81,7.56,21626215,168376257.33,3.3069,3.4016,-24.633098,3.466849
2023-11-29,sz.300222,7.78,7.86,7.68,7.72,7.81,14580882,113300788.99,-1.1524,2.2934,-24.349233,3.426898
2023-11-30,sz.300222,7.74,8.05,7.6,8.03,7.72,44535234,351415116.81,4.0155,7.005,-25.326988,3.564506
2023-12-01,sz.300222,7.89,7.92,7.67,7.78,8.03,36744254,284908578.53,-3.1133,5.7795,-24.538476,3.453532
2023-12-04,sz.300222,7.74,7.75,7.63,7.65,7.78,16840815,129099784.1,-1.671,2.6489,-24.12845,3.395825
2023-12-05,sz.300222,7.57,7.61,7.35,7.35,7.65,18035784,134311344.02,-3.9216,2.8369,-23.182236,3.262655
2023-12-06,sz.300222,7.35,7.57,7.29,7.45,7.35,14417894,107714833.61,1.3605,2.2678,-23.497641,3.307045
2023-12-07,sz.300222,7.48,7.5,7.39,7.44,7.45,8787781,65495361.76,-0.1342,1.3822,-23.466101,3.302606
2023-12-08,sz.300222,7.44,7.55,7.35,7.36,7.44,11178692,83011950.52,-1.0753,1.7583,-23.213777,3.267094
2023-12-11,sz.300222,7.3,7.5,7.28,7.46,7.36,8837739,65425137.02,1.3587,1.3901,-23.529181,3.311484
2023-12-12,sz.300222,7.46,7.49,7.38,7.47,7.46,7066100,52586403.8,0.134,1.1114,-23.560722,3.315923
2023-12-13,sz.300222,7.45,7.75,7.39,7.61,7.47,16201628,123057216.29,1.8742,2.5484,-24.002288,3.378069
2023-12-14,sz.300222,7.63,7.79,7.54,7.55,7.61,14439559,110592005.65,-0.7884,2.2712,-23.813046,3.351435
2023-12-15,sz.300222,7.56,7.63,7.41,7.44,7.55,8621770,64584788.27,-1.457,1.3561,-23.466101,3.302606
2023-12-18,sz.300222,7.42,7.43,7.21,7.24,7.44,8340461,60939659.77,-2.6882,1.3119,-22.835291,3.213826
2023-12-19,sz.300222,7.23,7.3,7.16,7.25,7.24,6319333,45618018.6,0.1381,0.994,-22.866832,3.218265
2023-12-20,sz.300222,7.25,7.32,7.16,7.17,7.25,5396900,39064765.0,-1.1034,0.8489,-22.614508,3.182753
2023-12-21,sz.300222,7.16,7.25,6.99,7.23,7.17,6703045,47741500.79,0.8368,1.0543,-22.803751,3.209387
2023-12-22,sz.300222,7.22,7.29,7.03,7.08,7.23,6014000,42820085.68,-2.0747,0.9459,-22.330644,3.142803
2023-12-25,sz.300222,7.05,7.13,6.97,7.03,7.08,3998700,28143045.0,-0.7062,0.629,-22.172942,3.120608
2023-12-26,sz.300222,7.07,7.08,6.81,6.84,7.03,5885531,40507741.42,-2.7027,0.9257,-21.573673,3.036267
2023-12-27,sz.300222,6.85,6.92,6.78,6.9,6.84,5358029,36720019.49,0.8772,0.8428,-21.762916,3.062901
2023-12-28,sz.300222,6.94,7.15,6.85,7.12,6.9,7525801,53148672.13,3.1884,1.1837,-22.456806,3.160558
2023-12-29,sz.300222,7.11,7.36,7.11,7.36,7.12,8837527,64346173.47,3.3708,1.3901,-23.213777,3.267094
2024-01-02,sz.300222,7.39,7.55,7.39,7.47,7.36,10076378,75359198.82,1.4946,1.5849,-23.560722,3.315923
2024-01-03,sz.300222,7.48,7.49,7.33,7.4,7.47,7703358,56938805.46,-0.9371,1.2117,-23.339939,3.28485
2024-01-04,sz.300222,7.4,7.41,7.28,7.32,7.4,4630473,33898887.65,-1.0811,0.7283,-23.087615,3.249338
2024-01-05,sz.300222,7.39,7.43,7.15,7.19,7.32,5406281,39324052.1,-1.776,0.8504,-22.677589,3.191631
2024-01-08,sz.300222,7.16,7.19,6.99,7.0,7.19,5430700,38380627.0,-2.6426,0.8542,-22.07832,3.107291
2024-01-09,sz.300222,7.02,7.41,7.0,7.23,7.0,14369050,104283189.61,3.2857,2.2601,-22.803751,3.209387
2024-01-10,sz.300222,7.2,7.31,6.98,7.15,7.23,10903602,78013214.3,-1.1065,1.715,-22.551427,3.173875
2024-01-11,sz.300222,7.16,7.28,7.05,7.22,7.15,9345062,66861648.64,0.979,1.4699,-22.77221,3.204948
2024-01-12,sz.300222,7.21,7.25,7.07,7.08,7.22,6350774,45455509.88,-1.9391,0.9989,-22.330644,3.142803
2024-01-15,sz.300222,7.07,7.11,6.98,7.04,7.08,5696338,40114242.52,-0.565,0.896,-22.204482,3.125047
2024-01-16,sz.300222,7.03,7.06,6.83,6.96,7.04,7678111,53142061.13,-1.1364,1.2077,-21.952159,3.089535
2024-01-17,sz.300222,7.0,7.03,6.74,6.78,6.96,5891189,40325824.64,-2.5862,0.9266,-21.38443,3.009633
2024-01-18,sz.300222,6.77,6.79,6.44,6.61,6.78,11764289,77272515.5,-2.5074,1.8504,-20.848243,2.93417
2024-01-19,sz.300222,6.62,6.66,6.46,6.46,6.61,5585837,36497273.09,-2.2693,0.8786,-20.375136,2.867585
2024-01-22,sz.300222,6.46,6.47,5.95,6.0,6.46,9556625,59204830.18,-7.1207,1.5032,-18.924275,2.663392
2024-01-23,sz.300222,6.01,6.07,5.88,6.02,6.0,8847615,52829785.47,0.3333,1.3916,-18.987356,2.67227
2024-01-24,sz.300222,6.06,6.13,5.86,6.1,6.02,8063300,48524592.0,1.3289,1.2683,-19.239679,2.707782
2024-01-25,sz.300222,6.14,6.44,6.08,6.37,6.1,10322809,64848260.7,4.4262,1.6237,-20.091272,2.827634
2024-01-26,sz.300222,6.32,6.42,6.27,6.28,6.37,7857800,49814860.0,-1.4129,1.236,-19.807407,2.787684
2024-01-29,sz.300222,6.35,6.35,6.05,6.06,6.28,6522250,40092074.0,-3.5032,1.0259,-19.113517,2.690026
2024-01-30,sz.300222,5.99,6.15,5.89,5.91,6.06,6440503,38681648.66,-2.4752,1.013,-18.640411,2.623441
2024-01-31,sz.300222,5.88,5.9,5.4,5.42,5.91,12211665,68339832.3,-8.291,1.9208,-17.094928,2.405931
2024-02-01,sz.300222,5.35,5.55,5.27,5.38,5.42,10066583,54412155.41,-0.738,1.5834,-16.968766,2.388175
2024-02-02,sz.300222,5.38,5.52,4.76,5.0,5.38,16461286,83863274.44,-7.0632,2.5892,-15.770229,2.219493
2024-02-05,sz.300222,4.83,4.89,4.2,4.26,5.0,24006255,106909468.27,-14.8,3.776,-13.436235,1.891008
2024-02-06,sz.300222,4.21,4.6,3.92,4.43,4.26,22385493,94311261.27,3.9906,3.521,-13.972423,1.966471
2024-02-07,sz.300222,4.46,4.61,4.28,4.37,4.43,19412506,86107750.98,-1.3544,3.0534,-13.78318,1.939837
2024-02-08,sz.300222,4.34,4.71,4.26,4.7,4.37,22120621,99819815.07,7.5515,3.4794,-14.824015,2.086324
2024-02-19,sz.300222,4.85,5.05,4.8,5.01,4.7,21244102,105291840.64,6.5957,3.3415,-15.801769,2.223932
2024-02-20,sz.300222,5.05,5.12,4.88,5.1,5.01,12356935,62363354.42,1.7964,1.9436,-16.085633,2.263883
2024-02-21,sz.300222,5.05,5.54,5.01,5.31,5.1,22920208,123075463.77,4.1176,3.6051,-16.747983,2.357102
2024-02-22,sz.300222,5.35,5.51,5.31,5.47,5.31,15011673,81358243.6,3.0132,2.3612,-17.25263,2.428126
2024-02-23,sz.300222,5.51,5.7,5.48,5.69,5.47,15859230,88588105.48,4.0219,2.4945,-17.94652,2.525783
2024-02-26,sz.300222,5.88,6.65,5.8,6.58,5.69,46821740,291932198.85,15.6415,7.3646,-20.753621,2.920853
2024-02-27,sz.300222,6.39,6.45,6.18,6.44,6.58,41176211,259425331.86,-2.1277,6.4766,-20.312055,2.858707
2024-02-28,sz.300222,6.36,6.48,5.8,5.82,6.44,38229939,236523924.3,-9.6273,6.0132,-18.356546,2.58349
2024-02-29,sz.300222,5.74,6.08,5.68,6.06,5.82,21232621,127223758.53,4.1237,3.3397,-19.113517,2.690026
2024-03-01,sz.300222,6.06,6.33,6.05,6.28,6.06,23851501,148171901.83,3.6304,3.7516,-19.807407,2.787684
2024-03-04,sz.300222,6.36,6.36,6.04,6.17,6.28,19578173,120423944.83,-1.7516,3.0795,-19.460462,2.738855
2024-03-05,sz.300222,6.09,6.15,5.95,5.98,6.17,14079600,84894969.86,-3.0794,2.2146,-18.861194,2.654514
2024-03-06,sz.300222,5.97,6.18,5.93,6.14,5.98,15273595,93242457.67,2.6756,2.4024,-19.365841,2.725538
2024-03-07,sz.300222,6.2,6.89,6.2,6.47,6.14,52403894,342413308.74,5.3746,8.2427,-20.406676,2.872024
2024-03-08,sz.300222,6.39,6.45,6.22,6.38,6.47,27017632,170735801.99,-1.391,4.2496,-20.122812,2.832073
2024-03-11,sz.300222,6.39,6.46,6.29,6.42,6.38,18901173,120862040.34,0.627,2.973,-20.248974,2.849829
2024-03-12,sz.300222,6.46,6.87,6.4,6.73,6.42,39736295,264809295.1,4.8287,6.2502,-21.226728,2.987438
2024-03-13,sz.300222,6.59,6.68,6.53,6.65,6.73,25187630,166256892.77,-1.1887,3.9618,-20.974404,2.951926
2024-03-14,sz.300222,6.58,6.71,6.37,6.5,6.65,18138000,118329448.0,-2.2556,2.8529,-20.501298,2.885341
2024-03-15,sz.300222,6.52,6.6,6.39,6.6,6.5,15137220,98413891.44,1.5385,2.3809,-20.816702,2.929731
2024-03-18,sz.300222,6.66,6.76,6.62,6.7,6.6,21236451,141911059.53,1.5152,3.3403,-21.132107,2.974121
2024-03-19,sz.300222,6.69,6.69,6.57,6.57,6.7,15617602,103449215.63,-1.9403,2.4565,-20.722081,2.916414
2024-03-20,sz.300222,6.51,6.65,6.5,6.58,6.57,12668074,83387367.72,0.1522,1.9926,-20.753621,2.920853
2024-03-21,sz.300222,6.59,6.64,6.46,6.51,6.58,13996473,91433597.11,-1.0638,2.2015,-20.532838,2.88978
2024-03-22,sz.300222,6.55,6.58,6.29,6.4,6.51,15895812,101733792.31,-1.6897,2.5003,-20.185893,2.840951
2024-03-25,sz.300222,6.41,6.48,6.16,6.19,6.4,12447840,79120173.2,-3.2813,1.9579,-19.523543,2.747733
2024-03-26,sz.300222,6.18,6.27,6.03,6.19,6.19,10919799,67209595.85,0.0,1.7176,-19.523543,2.747733
2024-03-27,sz.300222,6.18,6.18,5.81,5.81,6.19,14431804,86046825.71,-6.1389,2.27,-18.325006,2.579051
2024-03-28,sz.300222,5.81,6.13,5.77,6.07,5.81,12001098,72314574.26,4.475,1.8877,-19.145058,2.694465
2024-03-29,sz.300222,6.38,6.59,6.2,6.48,6.07,31363058,201370161.61,6.7545,4.9331,-20.438217,2.876463
2024-04-01,sz.300222,6.49,6.71,6.41,6.56,6.48,27889022,182480301.23,1.2346,4.3867,-20.69054,2.911975
2024-04-02,sz.300222,6.5,6.8,6.37,6.57,6.56,26565617,174363794.78,0.1524,4.1785,-20.722081,2.916414
2024-04-03,sz.300222,6.52,6.53,6.23,6.24,6.57,18287528,115452679.11,-5.0228,2.8765,-19.681246,2.769928
2024-04-08,sz.300222,6.2,6.22,5.95,5.97,6.24,13659526,82757939.49,-4.3269,2.1485,-18.829653,2.650075
2024-04-09,sz.300222,5.97,6.09,5.96,6.0,5.97,8121829,48806352.38,0.5025,1.2775,-18.924275,2.663392
2024-04-10,sz.300222,6.0,6.04,5.78,5.87,6.0,9810635,57577114.35,-2.1667,1.5431,-18.514249,2.605685
2024-04-11,sz.300222,5.81,5.99,5.79,5.9,5.87,7168300,42512966.0,0.5111,1.1275,-18.60887,2.619002
2024-04-12,sz.300222,5.9,5.97,5.77,5.79,5.9,7602300,44508059.0,-1.8644,1.1958,-18.261925,2.570173
2024-04-15,sz.300222,5.77,5.85,5.25,5.51,5.79,14169603,78490621.92,-4.8359,2.2288,-17.378792,2.445882
2024-04-16,sz.300222,5.51,5.55,4.95,4.98,5.51,14758516,75641896.59,-9.6189,2.3214,-15.707148,2.210615
2024-04-17,sz.300222,5.05,5.39,5.05,5.39,4.98,11568365,61534018.75,8.2329,1.8196,-17.000307,2.392614
2024-04-18,sz.300222,5.36,5.46,5.28,5.36,5.39,8907132,47856682.44,-0.5566,1.401,-16.905685,2.379297
2024-04-19,sz.300222,5.33,5.4,5.24,5.28,5.36,7116736,37717916.93,-1.4925,1.1194,-16.653362,2.343785
2024-04-22,sz.300222,5.42,5.63,5.33,5.47,5.28,14067787,77220294.2,3.5985,2.2127,-44.553831,2.579653
2024-04-23,sz.300222,5.53,5.56,5.41,5.49,5.47,8003100,43767188.0,0.3656,1.2588,-44.716734,2.589085
2024-04-24,sz.300222,5.44,5.66,5.44,5.66,5.49,9294200,52117223.0,3.0965,1.4619,-46.101405,2.669257
2024-04-25,sz.300222,5.65,5.75,5.57,5.71,5.66,8539757,48424066.7,0.8834,1.3432,-46.508661,2.692837
2024-04-26,sz.300222,5.66,5.85,5.63,5.81,5.71,10512600,60677989.0,1.7513,1.6535,-47.323174,2.739997
2024-04-29,sz.300222,5.89,6.16,5.89,6.06,5.81,15794321,95376056.4,4.3029,2.4843,-49.359455,2.857897
2024-04-30,sz.300222,6.06,6.11,5.98,6.09,6.06,12447947,75276207.14,0.495,1.9579,-49.603808,2.872045
2024-05-06,sz.300222,6.1,6.17,5.95,5.99,6.09,15886583,95808992.53,-1.642,2.4988,-48.789296,2.824885
2024-05-07,sz.300222,5.99,6.04,5.92,6.0,5.99,9621528,57558310.58,0.1669,1.5134,-48.870747,2.829601
2024-05-08,sz.300222,5.98,5.99,5.82,5.83,6.0,8322900,49069465.0,-2.8333,1.3091,-47.486076,2.749429
2024-05-09,sz.300222,5.86,6.04,5.84,6.02,5.83,9558200,57218227.0,3.259,1.5034,-49.03365,2.839033
2024-05-10,sz.300222,5.99,6.04,5.88,5.94,6.02,8289893,49262381.63,-1.3289,1.3039,-48.38204,2.801305
2024-05-13,sz.300222,5.94,5.94,5.78,5.8,5.94,7444193,43427182.4,-2.3569,1.1709,-47.241722,2.735281
2024-05-14,sz.300222,5.8,6.15,5.8,6.01,5.8,17810156,107636245.14,3.6207,2.8014,-48.952199,2.834317
2024-05-15,sz.300222,5.94,5.96,5.79,5.79,6.01,11364900,66661985.0,-3.6606,1.7876,-47.160271,2.730565
2024-05-16,sz.300222,5.78,5.87,5.77,5.79,5.79,6769491,39353579.98,0.0,1.0648,-47.160271,2.730565
2024-05-17,sz.300222,5.77,5.89,5.77,5.89,5.79,6586535,38546202.03,1.7271,1.036,-47.974784,2.777725
2024-05-20,sz.300222,5.9,5.95,5.82,5.84,5.89,6366600,37413214.0,-0.8489,1.0014,-47.567527,2.754145
2024-05-21,sz.300222,5.83,5.84,5.69,5.72,5.84,6750256,38645541.64,-2.0548,1.0618,-46.590112,2.697553
2024-05-22,sz.300222,5.69,5.8,5.69,5.75,5.72,4928600,28382414.0,0.5245,0.7752,-46.834466,2.711701
2024-05-23,sz.300222,5.76,5.8,5.65,5.68,5.75,6738300,38573755.92,-1.2174,1.0599,-46.264307,2.678689
2024-05-24,sz.300222,5.65,5.84,5.64,5.67,5.68,6759448,38826676.92,-0.1761,1.0632,-46.182856,2.673973
2024-05-27,sz.300222,5.79,6.07,5.76,6.01,5.67,23171780,138159035.6,5.9965,3.6447,-48.952199,2.834317
2024-05-28,sz.300222,5.91,6.33,5.88,6.29,6.01,35218416,218658004.09,4.6589,5.5395,-51.232833,2.966365
2024-05-29,sz.300222,6.18,6.18,5.98,6.04,6.29,23305747,141677178.86,-3.9746,3.6658,-49.196552,2.848465
2024-05-30,sz.300222,5.97,6.05,5.81,5.82,6.04,15069998,88632757.41,-3.6424,2.3704,-47.404625,2.744713
2024-05-31,sz.300222,5.8,5.93,5.77,5.9,5.82,10901083,63811024.04,1.3746,1.7146,-48.056235,2.782441
2024-06-03,sz.300222,5.87,5.87,5.6,5.67,5.9,13437600,76612397.0,-3.8983,2.1136,-46.182856,2.673973
2024-06-04,sz.300222,5.61,5.72,5.36,5.67,5.67,10623600,58905004.0,0.0,1.671,-46.182856,2.673973
2024-06-05,sz.300222,5.6,5.61,5.45,5.45,5.67,8200398,45102633.02,-3.8801,1.2898,-44.390929,2.570221
2024-06-06,sz.300222,5.46,5.5,5.1,5.13,5.45,13211782,69253233.76,-5.8716,2.0781,-41.784489,2.419309
2024-06-07,sz.300222,5.21,5.33,5.15,5.24,5.13,7252060,38075941.2,2.1442,1.1407,-42.680453,2.471185
2024-06-11,sz.300222,5.23,5.32,5.08,5.32,5.24,6668000,34949109.0,1.5267,1.0488,-43.332063,2.508913
2024-06-12,sz.300222,5.33,5.47,5.28,5.43,5.32,6302898,34156687.1,2.0677,0.9914,-44.228026,2.560789
2024-06-13,sz.300222,5.43,5.55,5.41,5.46,5.43,7413621,40651985.96,0.5525,1.1661,-44.47238,2.574937
2024-06-14,sz.300222,5.43,5.58,5.4,5.52,5.46,7835700,43200663.0,1.0989,1.2325,-44.961087,2.603233
2024-06-17,sz.300222,5.5,5.59,5.44,5.49,5.52,5324400,29323136.0,-0.5435,0.8375,-44.716734,2.589085
2024-06-18,sz.300222,5.49,5.59,5.44,5.59,5.49,6196000,34391510.0,1.8215,0.9746,-45.531246,2.636245
2024-06-19,sz.300222,5.6,5.63,5.51,5.53,5.59,4689102,26041832.06,-1.0733,0.7376,-45.042539,2.607949
2024-06-20,sz.300222,5.55,5.58,5.34,5.35,5.53,5843800,31640188.0,-3.255,0.9192,-43.576416,2.523061
2024-06-21,sz.300222,5.34,5.4,5.26,5.28,5.35,4350000,23122662.0,-1.3084,0.6842,-43.006258,2.490049
2024-06-24,sz.300222,5.25,5.25,5.07,5.08,5.28,7110900,36560549.0,-3.7879,1.1185,-41.377233,2.395729
2024-06-25,sz.300222,5.06,5.18,5.06,5.12,5.08,4732700,24230378.0,0.7874,0.7444,-41.703038,2.414593
2024-06-26,sz.300222,5.11,5.34,5.06,5.31,5.12,6453600,33595580.0,3.7109,1.0151,-43.250611,2.504197
2024-06-27,sz.300222,5.32,5.39,5.23,5.24,5.31,5845500,31039362.0,-1.3183,0.9194,-42.680453,2.471185
2024-06-28,sz.300222,5.26,5.45,5.24,5.36,5.24,7447600,40025351.0,2.2901,1.1714,-43.657868,2.527777
2024-07-01,sz.300222,5.34,5.41,5.24,5.36,5.36,5911400,31431202.0,0.0,0.9298,-43.657868,2.527777
2024-07-02,sz.300222,5.38,5.46,5.35,5.38,5.36,5875300,31746102.0,0.3731,0.9241,-43.82077,2.537209
2024-07-03,sz.300222,5.38,5.41,5.25,5.26,5.38,5635266,29864873.1,-2.2305,0.8864,-42.843355,2.480617
2024-07-04,sz.300222,5.29,5.42,5.15,5.16,5.26,5493200,28882937.0,-1.9011,0.864,-42.028843,2.433457
2024-07-05,sz.300222,5.19,5.28,5.08,5.25,5.16,4533566,23536445.56,1.7442,0.7131,-42.761904,2.475901
2024-07-08,sz.300222,5.27,5.28,5.06,5.08,5.25,5761600,29478547.0,-3.2381,0.9062,-41.377233,2.395729
2024-07-09,sz.300222,5.17,5.21,4.95,5.19,5.08,6767379,34571911.91,2.1654,1.0644,-42.273196,2.447605
2024-07-10,sz.300222,5.2,5.25,5.12,5.16,5.19,4374800,22695334.0,-0.578,0.6881,-42.028843,2.433457
2024-07-11,sz.300222,5.3,5.48,5.2,5.47,5.16,10603322,56725812.96,6.0078,1.6678,-44.553831,2.579653
2024-07-12,sz.300222,5.43,6.15,5.4,5.75,5.47,30077957,171623048.6,5.1188,4.731,-46.834466,2.711701
2024-07-15,sz.300222,5.69,5.7,5.49,5.51,5.75,21039657,117071407.2,-4.1739,3.3093,-44.879636,2.598517
2024-07-16,sz.300222,5.48,5.74,5.33,5.59,5.51,19595100,108209951.56,1.4519,3.0821,-45.531246,2.636245
2024-07-17,sz.300222,5.52,6.09,5.39,5.83,5.59,37832861,218872181.66,4.2934,5.9508,-47.486076,2.749429
2024-07-18,sz.300222,5.61,6.14,5.55,6.11,5.83,48605709,290620997.84,4.8027,7.6452,-49.766711,2.881477
2024-07-19,sz.300222,5.95,6.05,5.83,5.85,6.11,30244442,178600877.17,-4.2553,4.7572,-47.648979,2.758861
2024-07-22,sz.300222,5.78,5.95,5.72,5.81,5.85,15743392,91739209.01,-0.6838,2.4763,-47.323174,2.739997
2024-07-23,sz.300222,5.89,6.46,5.88,5.98,5.81,50003724,307219418.4,2.926,7.8651,-48.707845,2.820169
2024-07-24,sz.300222,5.84,6.17,5.74,5.99,5.98,35685431,212172624.76,0.1672,5.613,-48.789296,2.824885
2024-07-25,sz.300222,5.86,6.12,5.8,5.91,5.99,28181726,168751523.35,-1.3356,4.4327,-48.137686,2.787157
2024-07-26,sz.300222,5.85,6.23,5.85,6.14,5.91,30981781,189350935.29,3.8917,4.8732,-50.011065,2.895625
2024-07-29,sz.300222,6.13,6.25,6.02,6.08,6.14,26042281,159486273.34,-0.9772,4.0962,-49.522357,2.867329
2024-07-30,sz.300222,6.05,6.18,5.86,6.17,6.08,26868581,160967672.29,1.4803,4.2262,-50.255418,2.909773
2024-07-31,sz.300222,6.11,6.34,6.06,6.3,6.17,29973389,186139989.99,2.107,4.7145,-51.314285,2.971081
2024-08-01,sz.300222,6.3,6.33,6.18,6.21,6.3,19782795,123375165.7,-1.4286,3.1117,-50.581223,2.928637
2024-08-02,sz.300222,6.16,6.17,5.89,5.9,6.21,23623200,142004977.0,-4.9919,3.7157,-48.056235,2.782441
2024-08-05,sz.300222,5.85,5.95,5.57,5.57,5.9,21557690,123666135.7,-5.5932,3.3908,-45.368344,2.626813
2024-08-06,sz.300222,5.65,5.74,5.62,5.71,5.57,12491290,70923156.9,2.5135,1.9648,-46.508661,2.692837
2024-08-07,sz.300222,5.75,5.87,5.75,5.79,5.71,12915400,75144556.0,1.4011,2.0315,-47.160271,2.730565
2024-08-08,sz.300222,5.71,5.79,5.56,5.66,5.79,11952356,67508220.72,-2.2453,1.88,-46.101405,2.669257
2024-08-09,sz.300222,5.66,5.75,5.6,5.61,5.66,6860451,38879609.24,-0.8834,1.0791,-45.694149,2.645677
2024-08-12,sz.300222,5.6,5.67,5.51,5.55,5.61,7366900,41063937.0,-1.0695,1.1587,-45.205441,2.617381
2024-08-13,sz.300222,5.54,5.64,5.49,5.64,5.55,6011700,33534162.0,1.6216,0.9456,-45.938502,2.659825
2024-08-14,sz.300222,5.63,5.69,5.61,5.63,5.64,5412000,30540047.0,-0.1773,0.8513,-45.857051,2.655109
2024-08-15,sz.300222,5.6,5.81,5.55,5.78,5.63,11792903,67266222.89,2.6643,1.8549,-47.07882,2.725849
2024-08-16,sz.300222,5.78,5.87,5.73,5.78,5.78,9785416,56641029.2,0.0,1.5392,-47.07882,2.725849
2024-08-19,sz.300222,5.73,5.85,5.72,5.74,5.78,7477000,43197761.0,-0.692,1.1761,-46.753015,2.706985
2024-08-20,sz.300222,5.75,5.77,5.53,5.57,5.74,8884737,49632263.17,-2.9617,1.3975,-45.368344,2.626813
2024-08-21,sz.300222,5.51,5.7,5.51,5.57,5.57,6946800,38824650.0,0.0,1.0927,-45.368344,2.626813
2024-08-22,sz.300222,5.55,5.59,5.37,5.4,5.57,7687834,41950344.33,-3.0521,1.2092,-43.983673,2.546641
2024-08-23,sz.300222,5.41,5.46,5.3,5.43,5.4,5886200,31664311.0,0.5556,0.9258,-44.228026,2.560789
2024-08-26,sz.300222,5.44,5.65,5.44,5.64,5.43,8544214,47666753.14,3.8674,1.3439,-54.588341,2.655021
2024-08-27,sz.300222,5.64,5.64,5.43,5.46,5.64,6218790,34325409.3,-3.1915,0.9782,-52.84616,2.570286
2024-08-28,sz.300222,5.46,5.63,5.41,5.56,5.46,6343600,35173257.0,1.8315,0.9978,-53.814038,2.617361
2024-08-29,sz.300222,5.51,5.69,5.51,5.66,5.56,6567456,36985029.96,1.7986,1.033,-54.781917,2.664436
2024-08-30,sz.300222,5.66,5.96,5.63,5.82,5.66,14046604,81856508.16,2.8269,2.2094,-56.330522,2.739756
2024-09-02,sz.300222,5.81,5.88,5.77,5.8,5.82,10096800,58769416.0,-0.3436,1.5881,-56.136946,2.730341
2024-09-03,sz.300222,5.79,5.86,5.76,5.85,5.8,8253079,48018841.36,0.8621,1.2981,-56.620886,2.753878
2024-09-04,sz.300222,5.81,5.89,5.76,5.82,5.85,6611071,38514545.69,-0.5128,1.0399,-56.330522,2.739756
2024-09-05,sz.300222,5.82,5.88,5.77,5.84,5.82,6214681,36174809.42,0.3436,0.9775,-56.524098,2.74917
2024-09-06,sz.300222,5.84,5.86,5.66,5.69,5.84,6560981,37664316.08,-2.5685,1.032,-55.07228,2.678558
2024-09-09,sz.300222,5.68,5.76,5.6,5.71,5.69,5445800,31011385.0,0.3515,0.8566,-55.265856,2.687973
2024-09-10,sz.300222,5.72,5.97,5.65,5.91,5.71,17000200,99504496.0,3.5026,2.674,-57.201613,2.782123
2024-09-11,sz.300222,5.83,5.95,5.8,5.88,5.91,11055978,64921935.94,-0.5076,1.739,-56.911249,2.768
2024-09-12,sz.300222,5.88,5.94,5.85,5.87,5.88,7509119,44202174.34,-0.1701,1.1811,-56.814461,2.763293
2024-09-13,sz.300222,5.83,5.89,5.73,5.74,5.87,6234300,36080566.0,-2.2147,0.9806,-55.556219,2.702096
2024-09-18,sz.300222,5.74,5.76,5.58,5.66,5.74,6247700,35316835.0,-1.3937,0.9827,-54.781917,2.664436
2024-09-19,sz.300222,5.7,5.85,5.64,5.84,5.66,7579089,43814253.82,3.1802,1.1921,-56.524098,2.74917
2024-09-20,sz.300222,5.84,5.88,5.74,5.85,5.84,7922947,46072723.48,0.1712,1.2462,-56.620886,2.753878
2024-09-23,sz.300222,5.85,5.9,5.8,5.86,5.85,5850300,34228056.53,0.1709,0.9202,-56.717673,2.758585
2024-09-24,sz.300222,5.92,5.98,5.79,5.98,5.86,11396201,67330211.87,2.0478,1.7925,-57.879128,2.815075
2024-09-25,sz.300222,5.98,6.12,5.96,5.97,5.98,16166100,97770064.0,-0.1672,2.5428,-57.78234,2.810368
2024-09-26,sz.300222,5.95,6.1,5.92,6.1,5.97,13125747,79134793.41,2.1776,2.0646,-59.040582,2.871565
2024-09-27,sz.300222,6.14,6.5,6.12,6.46,6.1,31891809,201515055.52,5.9016,5.0163,-62.524944,3.041034
2024-09-30,sz.300222,6.68,7.6,6.67,7.53,6.46,59314692,422155119.1,16.5635,9.3297,-72.881242,3.544735
2024-10-08,sz.300222,9.03,9.04,8.07,9.04,7.53,83672892,727066125.29,20.0531,13.161,-87.496206,4.255565
2024-10-09,sz.300222,8.71,9.05,8.1,8.12,9.04,70645627,613322847.65,-10.177,11.1119,-78.591725,3.822477
2024-10-10,sz.300222,8.16,8.44,7.82,8.0,8.12,39264014,319452490.14,-1.4778,6.1759,-77.430271,3.765987
2024-10-11,sz.300222,7.93,7.95,7.28,7.39,8.0,35442958,267914533.59,-7.625,5.5749,-71.526213,3.47883
2024-10-14,sz.300222,7.42,7.61,7.28,7.6,7.39,26828266,200525398.93,2.8417,4.2198,-73.558757,3.577688
2024-10-15,sz.300222,7.55,7.89,7.44,7.57,7.6,30369496,234142365.03,-0.3947,4.7768,-73.268394,3.563565
2024-10-16,sz.300222,7.57,7.64,7.4,7.49,7.57,20924211,157143471.83,-1.0568,3.2912,-72.494091,3.525905
2024-10-17,sz.300222,7.52,7.69,7.48,7.49,7.49,22575055,171372851.3,0.0,3.5509,-72.494091,3.525905
2024-10-18,sz.300222,7.42,8.05,7.39,7.83,7.49,34440841,265934569.16,4.5394,5.4172,-75.784878,3.68596
2024-10-21,sz.300222,7.94,8.44,7.84,8.26,7.83,45243045,370833447.91,5.4917,7.1163,-79.946755,3.888382
2024-10-22,sz.300222,8.35,8.35,8.12,8.25,8.26,27906392,229971780.84,-0.1211,4.3894,-79.849967,3.883674
2024-10-23,sz.300222,8.21,8.25,8.07,8.11,8.25,24276758,197943139.09,-1.697,3.8185,-78.494937,3.817769
2024-10-24,sz.300222,8.09,8.13,7.96,8.1,8.11,15789623,126907581.15,-0.1233,2.4836,-78.398149,3.813062
2024-10-25,sz.300222,8.09,8.25,8.05,8.21,8.1,23381909,190744016.24,1.358,3.6778,-119.400831,3.834066
2024-10-28,sz.300222,8.24,8.39,8.15,8.39,8.21,26896707,222995987.66,2.1924,4.2306,-122.018633,3.918126
2024-10-29,sz.300222,8.65,8.98,8.46,8.61,8.39,60082960,524014059.58,2.6222,9.4505,-125.218168,4.020866
2024-10-30,sz.300222,8.55,8.83,8.31,8.41,8.61,38103132,324703541.8,-2.3229,5.9933,-122.3095,3.927466
2024-10-31,sz.300222,8.41,8.54,8.3,8.46,8.41,29817578,251796366.02,0.5945,4.69,-123.036667,3.950816
2024-11-01,sz.300222,8.42,8.5,7.84,7.85,8.46,34196835,275926778.3,-7.2104,5.3789,-114.165229,3.665946
2024-11-04,sz.300222,7.73,8.3,7.73,8.17,7.85,22993177,187310270.04,4.0764,3.6166,-118.819098,3.815386
2024-11-05,sz.300222,8.19,8.77,8.14,8.62,8.17,43488783,369451195.38,5.508,6.8404,-125.363601,4.025536
2024-11-06,sz.300222,8.65,10.29,8.46,9.68,8.62,118176963,1092437193.11,12.297,18.5882,-140.779543,4.520555
2024-11-07,sz.300222,10.11,10.6,9.58,9.71,9.68,121116450,1211234457.14,0.3099,19.0505,-141.215843,4.534565
2024-11-08,sz.300222,9.52,10.0,9.42,9.47,9.71,73116407,709609420.89,-2.4717,11.5005,-137.725441,4.422485
2024-11-11,sz.300222,9.31,9.67,9.27,9.6,9.47,47967899,456483173.0,1.3728,7.5449,-139.616076,4.483195
2024-11-12,sz.300222,9.54,9.64,9.16,9.26,9.6,43295326,405446782.9,-3.5417,6.81,-134.67134,4.324416
2024-11-13,sz.300222,9.17,9.33,8.96,9.28,9.26,27861427,254847691.48,0.216,4.3824,-134.962206,4.333756
2024-11-14,sz.300222,9.25,10.07,9.1,9.8,9.28,100781631,983514835.01,5.6034,15.852,-142.524744,4.576595
2024-11-15,sz.300222,9.63,10.31,9.3,10.15,9.8,107431956,1061058439.67,3.5714,16.8981,-147.614913,4.740045
2024-11-18,sz.300222,10.1,10.1,8.65,8.78,10.15,77164620,712534706.75,-13.4975,12.1373,-127.690536,4.100256
2024-11-19,sz.300222,8.82,10.54,8.82,10.54,8.78,62877621,636916679.85,20.0456,9.8901,-153.286816,4.922175
2024-11-20,sz.300222,11.56,12.65,11.32,12.65,10.54,149428301,1811173906.44,20.019,23.5037,-183.973266,5.907544
2024-11-21,sz.300222,13.53,14.99,13.28,13.62,12.65,284175247,3975153478.94,7.668,44.6982,-198.080307,6.360534
2024-11-22,sz.300222,13.58,14.6,12.65,13.96,13.62,244548366,3328899049.49,2.4963,38.4652,-203.025043,6.519313
2024-11-25,sz.300222,13.3,13.77,12.81,13.56,13.96,151355810,2000635996.75,-2.8653,23.8069,-197.207707,6.332514
2024-11-26,sz.300222,12.88,12.92,11.45,11.59,13.56,150159999,1790098764.41,-14.528,23.6188,-168.557325,5.412524
2024-11-27,sz.300222,11.21,11.45,10.83,11.39,11.59,108664710,1205587472.49,-1.7256,17.092,-165.648656,5.319125
2024-11-28,sz.300222,11.2,11.66,10.99,10.99,11.39,90671600,1024121898.54,-3.5119,14.2618,-159.83132,5.132325
2024-11-29,sz.300222,10.98,12.48,10.98,12.01,10.99,150413895,1758610188.66,9.2812,23.6587,-174.665528,5.608664
2024-12-02,sz.300222,12.2,12.71,11.88,12.09,12.01,141936829,1738692683.06,0.6661,22.3254,-175.828995,5.646024
2024-12-03,sz.300222,12.08,12.96,11.79,12.71,12.09,144518076,1802482251.3,5.1282,22.7314,-184.845867,5.935564
2024-12-04,sz.300222,12.21,13.3,12.0,12.98,12.71,148060795,1883758663.22,2.1243,23.2886,-188.772569,6.061654
2024-12-05,sz.300222,12.61,13.25,12.51,12.69,12.98,105821478,1355642418.28,-2.2342,16.6448,-184.555,5.926224
2024-12-06,sz.300222,12.6,12.6,12.06,12.44,12.69,87134652,1076044786.13,-1.9701,13.7055,-180.919165,5.809474
2024-12-09,sz.300222,12.5,12.85,12.19,12.32,12.44,72854098,909773652.88,-0.9646,11.4593,-179.173964,5.753434
2024-12-10,sz.300222,12.83,14.0,12.68,13.19,12.32,144631132,1930816784.37,7.0617,22.7492,-191.826671,6.159724
2024-12-11,sz.300222,13.07,13.08,12.49,12.94,13.19,92839588,1188581009.71,-1.8954,14.6028,-188.190835,6.042974
2024-12-12,sz.300222,12.72,12.9,12.4,12.82,12.94,68689476,869394563.56,-0.9274,10.8042,-186.445634,5.986934
2024-12-13,sz.300222,12.61,12.69,12.23,12.26,12.82,55922438,696669858.01,-4.3682,8.7961,-178.301363,5.725414
2024-12-16,sz.300222,12.35,12.45,11.51,11.62,12.26,61709244,735506127.58,-5.2202,9.7063,-168.993625,5.426534
2024-12-17,sz.300222,11.57,11.61,10.98,11.06,11.62,50264909,564800686.71,-4.8193,7.9062,-160.849354,5.165015
2024-12-18,sz.300222,10.94,11.15,10.76,11.06,11.06,37511800,412762558.0,0.0,5.9003,-160.849354,5.165015
2024-12-19,sz.300222,10.81,11.1,10.78,10.99,11.06,32280893,353922345.7,-0.6329,5.0775,-159.83132,5.132325
2024-12-20,sz.300222,11.08,11.51,11.0,11.28,10.99,45248919,509918372.56,2.6388,7.1172,-164.048889,5.267755
2024-12-23,sz.300222,11.12,11.28,10.5,10.55,11.28,45031333,485727793.2,-6.4716,7.083,-153.43225,4.926845
2024-12-24,sz.300222,10.61,10.85,10.55,10.73,10.55,28794204,308256497.84,1.7062,4.5291,-156.050051,5.010905
2024-12-25,sz.300222,10.63,10.73,10.08,10.24,10.73,33176710,340968463.75,-4.5666,5.2184,-148.923814,4.782075
2024-12-26,sz.300222,10.26,10.57,10.21,10.43,10.24,24132570,252080476.92,1.8555,3.7958,-151.687049,4.870805
2024-12-27,sz.300222,10.44,10.83,10.44,10.58,10.43,29763041,317345177.32,1.4382,4.6815,-153.86855,4.940855
2024-12-30,sz.300222,10.61,10.67,10.15,10.39,10.58,20254210,210392572.2,-1.7958,3.1858,-151.105315,4.852125
2024-12-31,sz.300222,10.5,10.5,9.95,9.97,10.39,23369678,237452682.64,-4.0423,3.6758,-144.997112,4.655985
2025-01-02,sz.300222,9.97,10.16,9.57,9.7,9.97,30569444,300849120.06,-2.7081,4.8083,-141.07041,4.529895
2025-01-03,sz.300222,9.72,9.83,8.99,9.04,9.7,33245900,309001026.0,-6.8041,5.2293,-131.471805,4.221676
2025-01-06,sz.300222,9.06,9.19,8.8,8.93,9.04,22543923,203192597.72,-1.2168,3.546,-129.872037,4.170306
2025-01-07,sz.300222,9.0,9.45,8.93,9.42,8.93,28318295,260897673.26,5.4871,4.4542,-136.998274,4.399136
2025-01-08,sz.300222,9.35,9.75,9.03,9.56,9.42,38210258,359529665.0,1.4862,6.0101,-139.034342,4.464515
2025-01-09,sz.300222,9.46,9.78,9.41,9.61,9.56,28662253,276454582.39,0.523,4.5083,-139.761509,4.487865
2025-01-10,sz.300222,9.53,9.93,9.3,9.3,9.61,33855480,326128286.76,-3.2258,5.3252,-135.253073,4.343096
2025-01-13,sz.300222,9.04,9.53,8.96,9.35,9.3,26355500,243854989.0,0.5376,4.1455,-135.98024,4.366446
2025-01-14,sz.300222,9.37,10.17,9.35,10.17,9.35,46337017,456563592.27,8.7701,7.3109,-147.534045,4.737448
2025-01-15,sz.300222,10.21,10.31,10.0,10.1,10.17,32034580,324500204.0,-0.6883,5.0543,-146.51857,4.704841
2025-01-16,sz.300222,10.25,10.43,10.01,10.09,10.1,31563000,321954883.0,-0.099,4.9799,-146.373502,4.700182
2025-01-17,sz.300222,10.05,10.19,9.94,10.07,10.09,23368957,235502956.42,-0.1982,3.6871,-146.083366,4.690866
2025-01-20,sz.300222,10.22,10.25,10.0,10.03,10.07,21477800,216965970.0,-0.3972,3.3887,-145.503095,4.672233
2025-01-21,sz.300222,10.14,10.24,9.91,10.14,10.03,25357598,255663071.84,1.0967,4.0009,-147.098842,4.723474
2025-01-22,sz.300222,10.1,10.1,9.88,9.94,10.14,20009600,199616915.0,-1.9724,3.1571,-144.197484,4.630308
2025-01-23,sz.300222,10.13,10.88,10.1,10.78,9.94,76966793,805674023.71,8.4507,12.1436,-156.383187,5.021602
2025-01-24,sz.300222,10.62,11.05,10.36,10.93,10.78,73129597,781693831.43,1.3915,11.5382,-158.559205,5.091476
2025-01-27,sz.300222,11.1,12.49,10.88,11.48,10.93,92067258,1066886155.12,5.032,14.5262,-166.537939,5.34768
2025-02-05,sz.300222,11.52,12.16,11.27,11.72,11.48,84048181,990243848.11,2.0906,13.2609,-170.019568,5.459478
2025-02-06,sz.300222,11.6,12.3,11.31,12.25,11.72,91282126,1088953439.36,4.5222,14.4023,-177.708167,5.706366
2025-02-07,sz.300222,12.07,12.64,11.85,12.04,12.25,102334084,1239163125.4,-1.7143,16.146,-174.661741,5.608543
2025-02-10,sz.300222,11.9,11.97,11.64,11.87,12.04,65400802,771630168.68,-1.412,10.3188,-172.195587,5.529352
2025-02-11,sz.300222,11.9,12.18,11.66,11.96,11.87,59719030,713560466.9,0.7582,9.4223,-173.501198,5.571277
2025-02-12,sz.300222,11.85,12.06,11.72,11.91,11.96,47674992,566183954.56,-0.4181,7.522,-172.775858,5.547985
2025-02-13,sz.300222,11.88,12.01,11.58,11.58,11.91,50533392,594028903.4,-2.7708,7.973,-167.988618,5.394263
2025-02-14,sz.300222,11.45,11.63,11.31,11.52,11.58,41099260,471742135.8,-0.5181,6.4845,-167.118211,5.366313
2025-02-17,sz.300222,11.59,11.94,11.59,11.77,11.52,40936744,482953896.22,2.1701,6.4589,-170.744908,5.48277
2025-02-18,sz.300222,11.85,11.96,11.36,11.38,11.77,40574300,473384235.0,-3.3135,6.4017,-165.08726,5.301098
2025-02-19,sz.300222,11.35,12.35,11.35,12.14,11.38,85375570,1022245375.71,6.6784,13.4704,-176.11242,5.655125
2025-02-20,sz.300222,12.08,12.84,12.08,12.67,12.14,109048712,1362872169.78,4.3657,17.2054,-183.801018,5.902013
2025-02-21,sz.300222,12.45,12.81,12.28,12.66,12.67,87675000,1100168491.0,-0.0789,13.8332,-183.65595,5.897355
2025-02-24,sz.300222,12.66,12.68,12.2,12.45,12.66,52975067,658338520.18,-1.6588,8.3583,-180.609524,5.799531
2025-02-25,sz.300222,12.15,12.8,12.08,12.49,12.45,56943686,714451908.35,0.3213,8.9844,-181.189796,5.818164
2025-02-26,sz.300222,12.62,12.74,12.31,12.45,12.49,55117300,691313628.34,-0.3203,8.6963,-180.609524,5.799531
2025-02-27,sz.300222,12.33,12.7,11.91,12.14,12.45,54500463,667827082.08,-2.49,8.599,-176.11242,5.655125
2025-02-28,sz.300222,12.0,12.17,11.17,11.22,12.14,51387857,594845654.11,-7.5783,8.1079,-162.766174,5.226566
2025-03-03,sz.300222,11.26,11.48,10.99,11.12,11.22,33287361,374400062.95,-0.8913,5.252,-161.315495,5.179983
2025-03-04,sz.300222,11.01,11.46,10.96,11.37,11.12,29213300,330930142.0,2.2482,4.6092,-164.942192,5.296439
2025-03-05,sz.300222,11.26,11.66,11.26,11.65,11.37,30462963,349206900.57,2.4626,4.8064,-169.004093,5.426871
2025-03-06,sz.300222,11.69,12.37,11.62,11.93,11.65,46783356,561993793.92,2.4034,7.3814,-173.065994,5.557302
2025-03-07,sz.300222,11.89,12.0,11.56,11.66,11.93,32637480,383472801.4,-2.2632,5.1495,-169.149161,5.431529
2025-03-10,sz.300222,11.61,11.9,11.44,11.67,11.66,27361400,318866185.0,0.0858,4.317,-169.294229,5.436187
2025-03-11,sz.300222,11.44,12.14,11.39,12.08,11.67,45288072,533910983.4,3.5133,7.1454,-175.242013,5.627176
2025-03-12,sz.300222,12.08,12.11,11.85,11.91,12.08,39704675,474334057.5,-1.4073,6.2645,-172.775858,5.547985
2025-03-13,sz.300222,11.83,11.89,11.23,11.39,11.91,36668458,419557483.57,-4.3661,5.7855,-165.232328,5.305756
2025-03-14,sz.300222,11.32,11.59,11.16,11.52,11.39,24210443,276545721.25,1.1414,3.8199,-167.118211,5.366313
2025-03-17,sz.300222,11.49,11.63,11.4,11.54,11.52,21409902,246315175.3,0.1736,3.378,-167.408346,5.37563
2025-03-18,sz.300222,11.75,12.34,11.74,12.29,11.54,88187057,1072909799.21,6.4991,13.9139,-178.288438,5.724999
2025-03-19,sz.300222,12.15,12.28,11.9,11.97,12.29,45858127,551294970.27,-2.6037,7.2354,-173.646266,5.575935
2025-03-20,sz.300222,11.98,12.14,11.8,11.85,11.97,35129610,419298407.5,-1.0025,5.5427,-171.905451,5.520036
2025-03-21,sz.300222,11.8,11.8,11.3,11.32,11.85,33252800,381244202.6,-4.4726,5.2465,-164.216853,5.273148
2025-03-24,sz.300222,11.27,11.39,10.41,10.78,11.32,39717272,428989786.45,-4.7703,6.2665,-156.383187,5.021602
2025-03-25,sz.300222,10.78,10.97,10.57,10.64,10.78,19692078,212161323.16,-1.2987,3.107,-154.352236,4.956387
2025-03-26,sz.300222,10.55,10.98,10.55,10.83,10.64,17967500,195161173.0,1.7857,2.8349,-157.108526,5.044893
2025-03-27,sz.300222,10.71,10.83,10.5,10.61,10.83,17108600,182548308.0,-2.0314,2.6994,-153.917033,4.942412
2025-03-28,sz.300222,10.68,10.75,10.41,10.42,10.61,15301400,161231518.0,-1.7908,2.4142,-151.160743,4.853905
2025-03-31,sz.300222,10.39,10.4,10.09,10.32,10.42,16954890,173343724.9,-0.9597,2.6751,-149.710064,4.807322
2025-04-01,sz.300222,10.4,10.45,10.27,10.29,10.32,12220500,126591737.0,-0.2907,1.9281,-149.27486,4.793348
2025-04-02,sz.300222,10.21,10.57,10.21,10.42,10.29,14094300,147194349.0,1.2634,2.2238,-151.160743,4.853905
2025-04-03,sz.300222,10.26,10.51,10.05,10.06,10.42,19685365,200993665.3,-3.4549,3.1059,-145.938299,4.686208
2025-04-07,sz.300222,9.25,9.43,8.05,8.05,10.06,43403462,370720511.1,-19.9801,6.8481,-116.779652,3.749898
2025-04-08,sz.300222,8.17,8.7,8.05,8.27,8.05,32847964,275443193.1,2.7329,5.1827,-119.971146,3.852379
2025-04-09,sz.300222,8.06,8.76,7.52,8.72,8.27,38477765,320104419.95,5.4414,6.0709,-126.499201,4.062001
2025-04-10,sz.300222,9.05,9.31,8.95,8.98,8.72,29623000,269667557.0,2.9817,4.6738,-130.270966,4.183116
2025-04-11,sz.300222,8.84,9.21,8.8,9.1,8.98,20697703,187942946.3,1.3363,3.2656,-132.011781,4.239015
2025-04-14,sz.300222,9.39,9.53,9.23,9.29,9.1,19704600,184376828.0,2.0879,3.1089,-134.768071,4.327522
2025-04-15,sz.300222,9.26,9.38,9.18,9.35,9.29,15746700,146290934.0,0.6459,2.4845,-135.638478,4.355471
2025-04-16,sz.300222,9.3,9.35,8.99,9.13,9.35,14540400,133053373.0,-2.3529,2.2941,-132.446985,4.25299
2025-04-17,sz.300222,9.11,9.22,9.05,9.07,9.13,11176400,102113529.6,-0.6572,1.7634,-131.576577,4.22504
2025-04-18,sz.300222,9.05,9.33,9.02,9.23,9.07,13714000,125613511.0,1.7641,2.1638,-133.897664,4.299572
2025-04-21,sz.300222,9.58,9.63,9.32,9.52,9.23,24212303,229309237.53,3.1419,3.8202,92.129247,4.442539
2025-04-22,sz.300222,9.51,9.52,9.37,9.38,9.52,17109803,161286898.29,-1.4706,2.6995,90.774405,4.377207
2025-04-23,sz.300222,9.49,9.75,9.46,9.66,9.38,24406000,234392777.0,2.9851,3.8507,93.484089,4.50787
2025-04-24,sz.300222,9.62,9.75,9.5,9.52,9.66,18349100,176444645.0,-1.4493,2.8951,92.129247,4.442539
2025-04-25,sz.300222,9.59,9.61,9.43,9.48,9.52,13153300,125181511.0,-0.4202,2.0753,91.742149,4.423873
2025-04-28,sz.300222,9.52,9.57,9.4,9.48,9.48,12410900,117757674.0,0.0,1.9582,91.742149,4.423873
2025-04-29,sz.300222,9.59,9.72,9.52,9.59,9.48,16413620,158280676.6,1.1603,2.5897,92.806668,4.475205
2025-04-30,sz.300222,9.66,9.91,9.59,9.86,9.59,19129200,187868811.0,2.8154,3.0182,95.419577,4.601201
2025-05-06,sz.300222,9.99,10.26,9.96,10.26,9.86,21356200,216248481.0,4.0568,3.3695,99.290554,4.787862
2025-05-07,sz.300222,10.33,10.49,10.05,10.17,10.26,24937800,254997818.0,-0.8772,3.9346,98.419584,4.745863
2025-05-08,sz.300222,10.1,10.32,10.09,10.27,10.17,17430600,178805684.0,0.9833,2.7502,99.387328,4.792529
2025-05-09,sz.300222,10.25,10.27,10.0,10.09,10.27,15637900,157843848.0,-1.7527,2.4673,97.645389,4.708531
2025-05-12,sz.300222,10.24,10.48,10.2,10.42,10.09,22575900,233865235.0,3.2706,3.562,100.838945,4.862527
2025-05-13,sz.300222,10.66,10.66,10.26,10.31,10.42,18361101,191138523.27,-1.0557,2.897,99.774426,4.811195
2025-05-14,sz.300222,10.38,10.39,10.17,10.3,10.31,14744400,151339668.0,-0.097,2.3263,99.677652,4.806528
2025-05-15,sz.300222,10.24,10.29,10.05,10.06,10.3,12805200,129469481.0,-2.3301,2.0204,97.355065,4.694532
2025-05-16,sz.300222,10.13,10.22,10.01,10.08,10.06,10797040,109537397.9,0.1988,1.7035,97.548614,4.703865
2025-05-19,sz.300222,10.1,10.16,9.91,10.15,10.08,12920800,129792541.0,0.6944,2.0386,98.226035,4.73653
2025-05-20,sz.300222,10.15,10.2,10.0,10.16,10.15,12320996,124922706.28,0.0985,1.944,98.32281,4.741197
2025-05-21,sz.300222,10.2,10.49,10.0,10.29,10.16,27720110,283979588.9,1.2795,4.3736,99.580877,4.801862
2025-05-22,sz.300222,10.2,10.31,9.96,10.0,10.29,21993100,222361691.0,-2.8183,3.47,96.774419,4.666532
2025-05-23,sz.300222,9.97,10.06,9.74,9.74,10.0,16615400,164402960.0,-2.6,2.6215,94.258284,4.545203
2025-05-26,sz.300222,9.72,10.03,9.72,10.02,9.74,14055500,139535955.0,2.8747,2.2176,96.967968,4.675865
2025-05-27,sz.300222,9.98,10.03,9.85,9.88,10.02,10428898,103273556.12,-1.3972,1.6454,95.613126,4.610534
2025-05-28,sz.300222,9.88,10.0,9.77,9.79,9.88,8956700,88344517.0,-0.9109,1.4132,94.742156,4.568535
2025-05-29,sz.300222,9.82,10.1,9.82,10.09,9.79,15798200,158283346.0,3.0644,2.4926,97.645389,4.708531
2025-05-30,sz.300222,10.03,10.07,9.75,9.79,10.09,17318600,170340063.3,-2.9732,2.7325,94.742156,4.568535
2025-06-03,sz.300222,9.78,10.15,9.72,9.88,9.79,13449724,133861254.12,0.9193,2.1221,95.613126,4.610534
2025-06-04,sz.300222,9.83,9.93,9.82,9.84,9.88,11805700,116493927.0,-0.4049,1.8627,95.226028,4.591868
2025-06-05,sz.300222,9.95,10.14,9.84,10.09,9.84,26223000,263322289.0,2.5407,4.1374,97.645389,4.708531
2025-06-06,sz.300222,10.08,10.08,9.93,9.97,10.09,12680870,126613190.6,-1.1893,2.0008,96.484096,4.652533
2025-06-09,sz.300222,10.0,10.17,9.98,10.12,9.97,13604833,137329561.65,1.5045,2.1465,97.935712,4.722531
2025-06-10,sz.300222,10.13,10.14,9.82,9.96,10.12,15172700,151476486.0,-1.581,2.3939,96.387321,4.647866
2025-06-11,sz.300222,9.97,10.06,9.95,9.96,9.96,9842300,98464347.0,0.0,1.5529,96.387321,4.647866
2025-06-12,sz.300222,9.91,10.01,9.87,9.89,9.96,9250000,91788870.0,-0.7028,1.4594,95.7099,4.615201
2025-06-13,sz.300222,9.87,9.87,9.53,9.58,9.89,19780800,191001551.0,-3.1345,3.121,92.709893,4.470538
2025-06-16,sz.300222,9.54,9.68,9.5,9.66,9.58,8856300,85411793.0,0.8351,1.3973,93.484089,4.50787
2025-06-17,sz.300222,9.62,9.85,9.62,9.8,9.66,11136891,108669979.43,1.4493,1.7572,94.838931,4.573202
2025-06-18,sz.300222,9.7,10.33,9.68,10.14,9.8,29059800,291784409.0,3.4694,4.585,98.129261,4.731864
2025-06-19,sz.300222,10.1,10.13,9.73,9.76,10.14,23180900,229221844.0,-3.7475,3.6574,94.451833,4.554536
2025-06-20,sz.300222,9.82,9.91,9.52,9.53,9.76,14940300,144424634.0,-2.3566,2.3572,92.226021,4.447205
2025-06-23,sz.300222,9.44,9.75,9.4,9.72,9.53,11434100,110018615.0,1.9937,1.804,94.064735,4.53587
2025-06-24,sz.300222,9.78,10.15,9.78,10.14,9.72,27865600,280205956.5,4.321,4.3966,98.129261,4.731864
2025-06-25,sz.300222,10.12,10.24,10.1,10.21,10.14,22189425,225580553.25,0.6903,3.501,98.806682,4.76453
2025-06-26,sz.300222,10.21,10.25,10.06,10.09,10.21,17645670,179471670.4,-1.1753,2.7841,97.645389,4.708531
2025-06-27,sz.300222,10.25,10.48,10.18,10.28,10.09,32862242,339304966.5,1.8831,5.1849,99.484103,4.797195
2025-06-30,sz.300222,10.05,10.2,9.96,10.19,10.28,28781725,291193780.08,-0.8755,4.5411,98.613133,4.755197
2025-07-01,sz.300222,10.15,10.23,9.98,10.1,10.19,16724300,168621095.0,-0.8832,2.6387,97.742163,4.713198
2025-07-02,sz.300222,10.11,10.13,9.83,9.94,10.1,17488400,173749907.0,-1.5842,2.7593,96.193772,4.638533
2025-07-03,sz.300222,9.91,10.03,9.91,10.0,9.94,10340500,103255577.0,0.6036,1.6315,96.774419,4.666532
2025-07-04,sz.300222,9.94,10.04,9.83,9.88,10.0,12043400,119282649.0,-1.2,1.9002,95.613126,4.610534
2025-07-07,sz.300222,9.9,10.28,9.85,10.12,9.88,29777520,300283124.2,2.4291,4.6982,97.935712,4.722531
2025-07-08,sz.300222,10.12,10.24,10.0,10.2,10.12,28686900,290646374.0,0.7905,4.5262,98.709907,4.759863
2025-07-09,sz.300222,10.21,10.29,10.1,10.15,10.2,18886055,192778820.45,-0.4902,2.9798,98.226035,4.73653
2025-07-10,sz.300222,10.14,10.2,10.07,10.12,10.15,12306400,124611600.0,-0.2956,1.9417,97.935712,4.722531
2025-07-11,sz.300222,10.14,10.24,10.02,10.18,10.12,16827123,170682760.15,0.5929,2.6549,98.516358,4.75053
2025-07-14,sz.300222,10.2,10.4,10.16,10.34,10.18,24580035,253404951.65,1.5717,3.8782,100.064749,4.825195
2025-07-15,sz.300222,10.31,10.37,10.13,10.25,10.34,17200804,176277721.84,-0.8704,2.7139,99.193779,4.783196
2025-07-16,sz.300222,10.3,10.43,10.24,10.34,10.25,18506494,191564380.66,0.878,2.9199,100.064749,4.825195
2025-07-17,sz.300222,10.34,10.42,10.23,10.4,10.34,15990400,165643517.0,0.5803,2.5229,100.645396,4.853194
2025-07-18,sz.300222,10.42,10.59,10.37,10.55,10.4,24278155,254390232.95,1.4423,3.8305,102.097012,4.923192
2025-07-21,sz.300222,10.61,11.15,10.53,11.14,10.55,61935616,674875149.86,5.5924,9.7721,107.806703,5.198517
2025-07-22,sz.300222,11.14,11.14,10.77,10.87,11.14,40509980,439806612.2,-2.4237,6.3916,105.193793,5.072521
2025-07-23,sz.300222,10.89,10.92,10.61,10.62,10.87,27626500,295927483.7,-2.2999,4.3588,102.774433,4.955857
2025-07-24,sz.300222,10.63,10.76,10.61,10.7,10.62,18145229,193901609.01,0.7533,2.8629,103.548628,4.99319
2025-07-25,sz.300222,10.73,10.76,10.61,10.7,10.7,20631800,220048828.0,0.0,3.2552,103.548628,4.99319
2025-07-28,sz.300222,10.77,10.82,10.6,10.66,10.7,20147328,215326140.49,-0.3738,3.1788,103.161531,4.974524
2025-07-29,sz.300222,10.6,10.63,10.47,10.59,10.66,17995000,189656779.0,-0.6567,2.8392,102.48411,4.941858
2025-07-30,sz.300222,10.59,10.59,10.34,10.45,10.59,16482900,172383650.0,-1.322,2.6006,101.129268,4.876526
2025-07-31,sz.300222,10.45,10.56,10.29,10.33,10.45,18924410,197400037.2,-1.1483,2.9858,99.967975,4.820528
2025-08-01,sz.300222,10.35,10.48,10.34,10.44,10.33,13974900,145544630.0,1.0649,2.2049,101.032493,4.87186
2025-08-04,sz.300222,10.43,10.65,10.36,10.65,10.44,18064100,190612782.0,2.0115,2.8501,103.064756,4.969857
2025-08-05,sz.300222,10.61,10.84,10.61,10.83,10.65,26169600,281757943.0,1.6901,4.129,104.806696,5.053855
2025-08-06,sz.300222,10.77,11.67,10.77,11.49,10.83,72928290,822387355.23,6.0942,11.5065,111.193807,5.361846
2025-08-07,sz.300222,11.37,11.43,11.08,11.15,11.49,44293244,496111549.28,-2.9591,6.9885,107.903477,5.203184
2025-08-08,sz.300222,11.15,11.27,11.05,11.11,11.15,26810243,299403586.37,-0.3587,4.2301,107.516379,5.184518
2025-08-11,sz.300222,11.17,11.28,11.09,11.18,11.11,26348900,294102139.0,0.6301,4.1573,108.1938,5.217183
2025-08-12,sz.300222,11.18,11.18,10.96,11.05,11.18,22268478,245988496.21,-1.1628,3.5135,106.935733,5.156518
2025-08-13,sz.300222,11.06,11.13,11.02,11.09,11.05,20089843,222593247.72,0.362,3.1697,107.322831,5.175184
2025-08-14,sz.300222,11.14,11.26,10.91,11.07,11.09,32963610,366382254.9,-0.1803,5.2009,107.129282,5.165851
2025-08-15,sz.300222,11.09,11.31,11.05,11.27,11.07,28316566,317639576.06,1.8067,4.4677,109.06477,5.259182
2025-08-18,sz.300222,11.36,11.4,11.22,11.3,11.27,34526642,390462616.79,0.2662,5.4475,109.355093,5.273182
2025-08-19,sz.300222,11.3,11.57,11.21,11.55,11.3,44453295,508810065.17,2.2124,7.0137,111.774454,5.389845
2025-08-20,sz.300222,11.48,11.53,11.31,11.53,11.55,27339038,312595261.01,-0.1732,4.3135,111.580905,5.380512
2025-08-21,sz.300222,11.53,11.53,11.21,11.29,11.53,25534313,289678383.06,-2.0815,4.0287,109.258319,5.268515
2025-08-22,sz.300222,11.31,11.4,11.18,11.39,11.29,21955779,248731022.6,0.8857,3.4641,110.226063,5.31518
2025-08-25,sz.300222,11.44,11.62,11.34,11.59,11.39,36253656,416842769.48,1.7559,5.72,112.161552,5.408511
2025-08-26,sz.300222,12.21,13.5,12.13,12.56,11.59,129381997,1637701187.92,8.3693,20.4136,79.832775,5.720135
2025-08-27,sz.300222,12.83,15.07,12.68,14.97,12.56,256942799,3729261090.89,19.1879,40.5398,95.151006,6.817709
2025-08-28,sz.300222,13.86,14.37,13.45,14.3,14.97,217488853,3025784061.48,-4.4756,34.3149,90.892411,6.512574
2025-08-29,sz.300222,13.96,14.1,13.44,13.53,14.3,104366214,1422014188.41,-5.3846,16.4667,85.998204,6.161897
2025-09-01,sz.300222,13.47,13.66,13.1,13.25,13.53,75871635,1010238242.4,-2.0695,11.9708,84.218492,6.034378
2025-09-02,sz.300222,13.26,13.57,12.82,13.36,13.25,101165980,1337445619.55,0.8302,15.9617,84.917665,6.084475
2025-09-03,sz.300222,13.24,13.25,12.5,12.58,13.36,69012783,886964960.17,-5.8383,10.8887,79.959897,5.729244
2025-09-04,sz.300222,12.63,12.75,12.13,12.36,12.58,49372434,615472894.03,-1.7488,7.7899,78.561552,5.62905
2025-09-05,sz.300222,12.37,12.76,12.3,12.71,12.36,44397104,558049427.99,2.8317,7.0049,80.786192,5.788449
2025-09-08,sz.300222,12.65,13.06,12.6,13.03,12.71,56777529,733255350.05,2.5177,8.9582,82.820148,5.934185
2025-09-09,sz.300222,12.95,12.97,12.53,12.63,13.03,40019872,508370358.78,-3.0698,6.3142,80.277702,5.752015
2025-09-10,sz.300222,12.53,12.78,12.45,12.73,12.63,31371188,396696296.93,0.7918,4.9497,80.913314,5.797557
2025-09-11,sz.300222,12.66,13.47,12.61,13.4,12.73,78674068,1040838123.77,5.2632,12.413,85.171909,6.102692
2025-09-12,sz.300222,13.39,13.52,13.14,13.19,13.4,52981999,703732872.04,-1.5672,8.3594,83.837126,6.007053
2025-09-15,sz.300222,13.17,13.28,12.95,13.0,13.19,36260803,474355346.0,-1.4405,5.7211,82.629464,5.920522
2025-09-16,sz.300222,13.05,13.61,13.0,13.58,13.0,67076990,896269616.06,4.4615,10.5832,86.316009,6.184668
2025-09-17,sz.300222,13.56,13.66,13.33,13.63,13.58,53051004,717291450.01,0.3682,8.3703,86.633815,6.20744
2025-09-18,sz.300222,13.51,13.9,13.05,13.3,13.63,70203759,948785961.74,-2.4211,11.0766,84.536298,6.05715
2025-09-19,sz.300222,13.25,13.45,13.12,13.19,13.3,34636063,459108124.48,-0.8271,5.4648,83.837126,6.007053
2025-09-22,sz.300222,13.22,13.29,12.89,13.06,13.19,39248567,511138942.97,-0.9856,6.1925,83.010831,5.947848
2025-09-23,sz.300222,12.98,13.11,12.57,12.97,13.06,37701052,481834260.32,-0.6891,5.9484,82.438781,5.906859
2025-09-24,sz.300222,12.87,13.26,12.75,13.24,12.97,30692738,400329822.63,2.0817,4.8426,84.154931,6.029824
2025-09-25,sz.300222,13.3,13.59,13.25,13.31,13.24,41418249,555951607.52,0.5287,6.5349,84.599859,6.061704
2025-09-26,sz.300222,13.21,13.44,13.01,13.03,13.31,29795122,393531180.41,-2.1037,4.701,82.820148,5.934185
2025-09-29,sz.300222,13.1,13.45,13.06,13.21,13.03,31476291,416465180.02,1.3814,4.9663,83.964248,6.016161
2025-09-30,sz.300222,13.29,13.66,13.21,13.56,13.21,49636342,669417043.54,2.6495,7.8315,86.188887,6.17556
2025-10-09,sz.300222,13.7,13.95,13.45,13.73,13.56,60004141,827160010.76,1.2537,9.4673,87.269426,6.252982
2025-10-10,sz.300222,13.66,14.12,13.45,13.94,13.73,62182121,858600812.05,1.5295,9.8109,88.60421,6.348621
2025-10-13,sz.300222,13.1,13.8,12.85,13.75,13.94,47462934,635274533.55,-1.363,7.4886,87.396549,6.262091
2025-10-14,sz.300222,13.71,13.97,12.95,12.96,13.75,52904968,713582742.19,-5.7455,8.3472,82.37522,5.902305
2025-10-15,sz.300222,13.06,13.65,12.75,13.6,12.96,51334851,679985760.87,4.9383,8.0995,86.443132,6.193777
2025-10-16,sz.300222,13.66,13.98,13.3,13.74,13.6,54142162,739718220.43,1.0294,8.5424,87.332988,6.257536
2025-10-17,sz.300222,13.62,13.69,12.6,12.62,13.74,53400012,694460892.5,-8.1514,8.4253,80.214141,5.747461
2025-10-20,sz.300222,12.82,13.11,12.56,12.67,12.62,29104938,374063750.95,0.3962,4.5921,80.531947,5.770232
2025-10-21,sz.300222,12.79,12.84,12.59,12.82,12.67,22338835,284984836.76,1.1839,3.5246,81.485364,5.838546
2025-10-22,sz.300222,12.7,12.73,12.35,12.63,12.82,23212330,291136893.26,-1.4821,3.6624,80.277702,5.752015
2025-10-23,sz.300222,12.48,12.56,12.06,12.32,12.63,24202791,296361741.55,-2.4545,3.8187,78.307308,5.610833
2025-10-24,sz.300222,12.41,12.76,12.33,12.74,12.32,24640686,310859685.4,3.4091,3.8877,80.976875,5.802112
2025-10-27,sz.300222,12.98,13.93,12.88,13.67,12.74,67095873,900214016.01,7.2998,10.5862,86.88806,6.225657
2025-10-28,sz.300222,13.0,13.06,12.68,12.84,13.67,57717411,744356270.92,-6.0717,9.1065,89.729286,5.821358
2025-10-29,sz.300222,12.77,12.91,12.6,12.91,12.84,28423528,362124614.3,0.5452,4.4846,90.218464,5.853094
2025-10-30,sz.300222,12.8,12.8,12.41,12.43,12.91,31150850,392610672.16,-3.718,4.9149,86.864099,5.635473
2025-10-31,sz.300222,12.43,12.65,12.42,12.56,12.43,16861793,211727083.17,1.0459,2.6604,87.772573,5.694412
2025-11-03,sz.300222,12.56,12.6,12.2,12.45,12.56,22147017,273963010.64,-0.8758,3.4943,87.003864,5.644541
2025-11-04,sz.300222,12.41,12.59,12.21,12.31,12.45,19809233,244906843.01,-1.1245,3.1255,86.025507,5.581068
2025-11-05,sz.300222,12.14,12.55,12.08,12.51,12.31,22825898,282314618.6,1.6247,3.6014,87.423159,5.671743
2025-11-06,sz.300222,12.45,12.75,12.45,12.64,12.51,23974188,302518305.51,1.0392,3.7826,88.331634,5.730682
2025-11-07,sz.300222,12.82,13.04,12.66,12.76,12.64,40934852,526251227.57,0.9494,6.4586,89.170225,5.785087
2025-11-10,sz.300222,12.6,12.62,12.3,12.47,12.76,23862107,296208004.32,-2.2727,3.7649,87.143629,5.653608
2025-11-11,sz.300222,12.48,12.57,12.26,12.34,12.47,18689340,230681485.74,-1.0425,2.9488,86.235155,5.594669
2025-11-12,sz.300222,12.28,12.29,11.88,11.98,12.34,21239952,256024441.11,-2.9173,3.3512,83.719381,5.431454
2025-11-13,sz.300222,11.95,12.1,11.91,12.05,11.98,11309417,136182543.87,0.5843,1.7844,84.208559,5.46319
2025-11-14,sz.300222,11.97,11.97,11.69,11.69,12.05,17258480,204212143.05,-2.9876,2.723,81.692785,5.299974
2025-11-17,sz.300222,11.72,11.8,11.62,11.77,11.69,9887287,115997048.25,0.6843,1.56,82.251846,5.336244
2025-11-18,sz.300222,11.77,11.77,11.61,11.67,11.77,9239887,107831002.29,-0.8496,1.4578,81.553019,5.290907
2025-11-19,sz.300222,11.65,11.73,11.38,11.47,11.67,12835762,147651006.76,-1.7138,2.0252,80.155367,5.200231
2025-11-20,sz.300222,11.52,11.61,11.35,11.37,11.47,7867413,90229958.11,-0.8718,1.2413,79.456541,5.154894
2025-11-21,sz.300222,11.35,11.35,10.83,10.91,11.37,18246600,201697346.63,-4.0457,2.8789,76.24194,4.94634
2025-11-24,sz.300222,10.99,11.24,10.88,11.14,10.91,11776258,130159862.2,2.1082,1.858,77.84924,5.050617
2025-11-25,sz.300222,11.14,11.34,11.14,11.2,11.14,11513487,129685552.49,0.5386,1.8166,78.268536,5.07782
2025-11-26,sz.300222,11.21,11.31,11.14,11.17,11.2,10290587,115420261.08,-0.2679,1.6236,78.058888,5.064218
2025-11-27,sz.300222,11.2,11.32,11.12,11.14,11.17,9683800,108753167.0,-0.2686,1.5279,77.84924,5.050617
2025-11-28,sz.300222,11.22,11.25,11.08,11.23,11.14,7971495,89103391.15,0.8079,1.2577,78.478184,5.091421
2025-12-01,sz.300222,11.19,11.35,11.17,11.31,11.23,11453600,129315573.0,0.7124,1.8071,79.037245,5.127691
2025-12-02,sz.300222,11.29,11.29,11.09,11.1,11.31,9476800,105487743.0,-1.8568,1.4952,77.56971,5.032482
2025-12-03,sz.300222,11.15,11.15,10.83,10.9,11.1,11027586,120614906.33,-1.8018,1.7399,76.172057,4.941807
2025-12-04,sz.300222,10.99,11.09,10.85,11.02,10.9,9775778,107451647.92,1.1009,1.5424,77.010649,4.996212
2025-12-05,sz.300222,11.04,11.2,10.93,11.19,11.02,10546280,117109835.0,1.5426,1.664,78.198653,5.073286
2025-12-08,sz.300222,11.21,11.31,11.2,11.25,11.19,11571515,130336641.38,0.5362,1.8257,78.617949,5.100489
2025-12-09,sz.300222,11.21,11.32,11.06,11.07,11.25,10902200,121929674.0,-1.6,1.7201,77.360062,5.018881
2025-12-10,sz.300222,11.16,11.16,10.84,10.94,11.07,12299600,134606382.0,-1.1743,1.9406,76.451588,4.959942
2025-12-11,sz.300222,10.94,11.04,10.7,10.71,10.94,13073660,141906000.4,-2.1024,2.0627,74.844288,4.855665
2025-12-12,sz.300222,10.76,10.81,10.59,10.78,10.71,25749308,275509360.08,0.6536,4.0627,75.333466,4.887401
2025-12-15,sz.300222,10.87,11.13,10.7,10.71,10.78,22182351,242299562.77,-0.6494,3.4999,74.844288,4.855665
2025-12-16,sz.300222,10.63,10.76,10.37,10.42,10.71,18266119,191042906.78,-2.7077,2.882,72.817692,4.724186
2025-12-17,sz.300222,10.38,10.49,10.23,10.48,10.42,13522616,140003777.02,0.5758,2.1336,73.236987,4.751388
2025-12-18,sz.300222,10.38,10.51,10.34,10.4,10.48,9712451,101519747.4,-0.7634,1.5324,72.677926,4.715118
2025-12-19,sz.300222,10.44,10.55,10.43,10.54,10.4,11633200,122413025.0,1.3462,1.8355,73.656283,4.778591
2025-12-22,sz.300222,10.58,10.67,10.54,10.56,10.54,10885300,115530820.0,0.1898,1.7175,73.796048,4.787659
2025-12-23,sz.300222,10.58,10.61,10.37,10.4,10.56,10733900,112235709.0,-1.5152,1.6936,72.677926,4.715118
2025-12-24,sz.300222,10.41,10.66,10.4,10.6,10.4,13531632,142937127.14,1.9231,2.135,74.075579,4.805794
2025-12-25,sz.300222,10.75,11.08,10.74,10.99,10.6,32645862,357541426.05,3.6792,5.1508,76.801001,4.982611
2025-12-26,sz.300222,11.0,11.0,10.78,10.89,10.99,18297300,199367642.49,-0.9099,2.8869,76.102175,4.937273
2025-12-29,sz.300222,10.89,10.97,10.78,10.87,10.89,14156950,154081653.43,-0.1837,2.2336,75.96241,4.928205
2025-12-30,sz.300222,10.8,11.06,10.76,11.02,10.87,19124691,209762911.75,1.3799,3.0174,77.010649,4.996212
2025-12-31,sz.300222,11.09,11.09,10.88,10.94,11.02,13166796,143989468.98,-0.726,2.0774,76.451588,4.959942
2026-01-05,sz.300222,10.92,11.54,10.9,11.43,10.94,39627699,447043307.97,4.479,6.2524,79.875836,5.182096
2026-01-06,sz.300222,11.29,11.43,11.28,11.4,11.43,26453607,300280483.59,-0.2625,4.1738,79.666189,5.168495
2026-01-07,sz.300222,11.36,11.64,11.32,11.42,11.4,25777364,295663648.36,0.1754,4.0671,79.805954,5.177563
2026-01-08,sz.300222,11.45,11.66,11.4,11.6,11.42,26835007,310356320.11,1.5762,4.234,81.063841,5.25917
2026-01-09,sz.300222,11.55,11.76,11.51,11.7,11.6,29678531,345596673.74,0.8621,4.6826,81.762667,5.304508
2026-01-12,sz.300222,11.74,12.43,11.7,12.36,11.7,50520485,609818581.24,5.641,7.971,86.37492,5.603737
2026-01-13,sz.300222,12.36,12.38,11.89,11.99,12.36,41404807,498765177.75,-2.9935,6.5328,83.789263,5.435987
2026-01-14,sz.300222,12.0,12.5,11.96,12.18,11.99,49181744,601243384.4,1.5847,7.7598,85.117033,5.522129
2026-01-15,sz.300222,12.06,12.14,11.76,11.94,12.18,31106852,370696973.1,-1.9704,4.908,83.43985,5.413319
2026-01-16,sz.300222,12.39,12.56,12.23,12.25,11.94,44211838,545727019.18,2.5963,6.9756,85.606211,5.553865
2026-01-19,sz.300222,12.15,12.78,12.09,12.55,12.25,46211590,580095550.42,2.449,7.2912,87.70269,5.689878
2026-01-20,sz.300222,12.63,12.63,12.24,12.42,12.55,38017593,473107129.08,-1.0359,5.9983,86.794216,5.630939
2026-01-21,sz.300222,12.26,12.37,12.14,12.29,12.42,27109731,332630218.9,-1.0467,4.2773,85.885742,5.572
2026-01-22,sz.300222,12.29,12.37,12.17,12.23,12.29,18666999,228396266.92,-0.4882,2.9452,85.466446,5.544798
2026-01-23,sz.300222,12.27,12.34,12.2,12.3,12.23,23893433,292939750.41,0.5724,3.7698,85.955624,5.576534
2026-01-26,sz.300222,12.23,12.39,11.9,12.07,12.3,27412190,331761935.1,-1.8699,4.325,84.348324,5.472257
2026-01-27,sz.300222,12.0,12.04,11.61,11.99,12.07,22057208,261362805.16,-0.6628,3.4801,83.789263,5.435987
2026-01-28,sz.300222,12.0,12.07,11.78,11.8,11.99,16056408,190655148.07,-1.5847,2.5333,82.461493,5.349846
2026-01-29,sz.300222,11.79,11.92,11.52,11.58,11.8,17733402,207395086.13,-1.8644,2.7979,80.924076,5.250103
2026-01-30,sz.300222,11.53,11.59,11.2,11.44,11.58,15695037,178759758.84,-1.209,2.4763,79.945719,5.18663
2026-02-02,sz.300222,11.59,12.28,11.54,11.98,11.44,50887414,609935318.98,4.7203,8.0289,83.719381,5.431454
2026-02-03,sz.300222,11.96,12.05,11.76,11.94,11.98,29089671,345187273.28,-0.3339,4.5897,83.43985,5.413319
2026-02-04,sz.300222,11.9,12.05,11.77,11.95,11.94,21541088,256198577.56,0.0838,3.3987,83.509733,5.417852
2026-02-05,sz.300222,11.84,11.95,11.52,11.53,11.95,19469200,226839722.9,-3.5146,3.0718,80.574663,5.227434
2026-02-06,sz.300222,11.46,11.75,11.38,11.62,11.53,12581200,146381600.0,0.7806,1.985,81.203606,5.268238
2026-02-09,sz.300222,11.8,11.92,11.72,11.84,11.62,14090703,166557079.28,1.8933,2.2232,82.741024,5.367981
2026-02-10,sz.300222,11.8,12.03,11.74,11.96,11.84,17034853,202484326.3,1.0135,2.6877,83.579615,5.422386
2026-02-11,sz.300222,11.93,12.08,11.87,11.95,11.96,13509384,161842056.64,-0.0836,2.1315,83.509733,5.417852
2026-02-12,sz.300222,12.02,12.23,11.88,12.2,11.95,25948429,314830394.83,2.0921,4.0941,85.256798,5.531196
2026-02-13,sz.300222,12.15,12.2,11.99,12.01,12.2,16102088,194529539.61,-1.5574,2.5405,83.929028,5.445055
2026-02-24,sz.300222,12.15,12.27,12.09,12.18,12.01,17707760,215706010.39,1.4155,2.7939,85.117033,5.522129
2026-02-25,sz.300222,12.19,12.38,12.15,12.23,12.18,19049086,233059979.77,0.4105,3.0055,85.466446,5.544798
2026-02-26,sz.300222,12.35,12.58,12.23,12.44,12.23,32473119,403514109.6,1.7171,5.1235,86.933981,5.640007
2026-02-27,sz.300222,12.31,12.49,12.26,12.34,12.44,21256158,261747955.59,-0.8039,3.3537,86.235155,5.594669
2026-03-02,sz.300222,12.05,12.24,11.86,11.87,12.34,24740757,297043549.45,-3.8088,3.9035,82.950672,5.381582
2026-03-03,sz.300222,11.87,12.09,11.46,11.48,11.87,25956901,305337500.47,-3.2856,4.0954,80.225249,5.204765
2026-03-04,sz.300222,11.3,12.25,11.29,12.23,11.48,45528139,543924773.74,6.5331,7.1833,85.466446,5.544798
2026-03-05,sz.300222,12.88,13.39,12.68,13.01,12.23,91941718,1194051178.65,6.3778,14.5063,90.917291,5.898432
2026-03-06,sz.300222,12.81,13.21,12.71,12.96,13.01,53318997,691200297.41,-0.3843,8.4125,90.567877,5.875763
2026-03-09,sz.300222,12.71,13.71,12.71,13.46,12.96,84454106,1126642149.05,3.858,13.325,94.062009,6.102451
2026-03-10,sz.300222,13.33,13.42,13.12,13.3,13.46,54196879,718397094.96,-1.1887,8.5511,92.943887,6.029911
2026-03-11,sz.300222,13.18,13.44,13.08,13.28,13.3,41745301,552557674.81,-0.1504,6.5865,92.804121,6.020843
2026-03-12,sz.300222,13.16,13.16,12.82,12.9,13.28,38043422,492411264.84,-2.8614,6.0024,90.148582,5.84856
2026-03-13,sz.300222,12.79,12.88,12.52,12.61,12.9,25928268,329096100.91,-2.2481,4.0909,88.121986,5.717081
2026-03-16,sz.300222,12.52,12.65,12.2,12.53,12.61,25989268,322117002.65,-0.6344,4.1005,87.562925,5.680811
