date,code,open,high,low,close,preclose,volume,amount,pctChg,turn,peTTM,pbMRQ
2020-01-02,sz.300290,6.31009652,6.41906208,6.31009652,6.37943824,6.30019056,4921461,31636670.77,1.2579,1.0191,154.55797,3.339572
2020-01-03,sz.300290,6.5379336,6.6369932,6.39925016,6.45868592,6.37943824,7409500,48561362.0,1.2422,1.5342,156.477945,3.381057
2020-01-06,sz.300290,6.25066076,6.65680512,6.25066076,6.55774552,6.45868592,9139511,60009493.19,1.5337,1.8925,158.877913,3.432914
2020-01-07,sz.300290,6.5874634,6.84501836,6.49830976,6.82520644,6.55774552,9476423,64094963.87,4.0785,1.9622,165.357828,3.572927
2020-01-08,sz.300290,6.79548856,6.89454816,6.5874634,6.6369932,6.82520644,7953861,54045154.96,-2.7576,1.6469,160.797888,3.474399
2020-01-09,sz.300290,6.74595876,6.8351124,6.67661704,6.7855826,6.6369932,6513000,44385636.6,2.2388,1.3486,164.397841,3.552185
2020-01-10,sz.300290,6.7855826,6.81530048,6.65680512,6.76577068,6.7855826,4396650,29866320.88,-0.292,0.9104,163.917847,3.541813
2020-01-13,sz.300290,6.7855826,6.81530048,6.54783956,6.7855826,6.76577068,4840200,32977879.0,0.2928,1.0022,164.397841,3.552185
2020-01-14,sz.300290,6.80539452,6.82520644,6.6369932,6.65680512,6.7855826,5421850,36796068.24,-1.8978,1.1227,161.277882,3.484771
2020-01-15,sz.300290,6.81530048,6.8846422,6.66671108,6.686523,6.65680512,13546724,92920807.79,0.4464,2.805,161.997872,3.500328
2020-01-16,sz.300290,6.60727532,6.686523,6.3893442,6.41906208,6.686523,10772556,70874597.93,-4.0,2.2306,155.517957,3.360315
2020-01-17,sz.300290,6.51812168,6.67661704,6.438874,6.45868592,6.41906208,6608531,43743700.07,0.6173,1.3684,156.477945,3.381057
2020-01-20,sz.300290,6.3893442,6.55774552,6.27047268,6.52802764,6.45868592,7919168,51147788.12,1.0736,1.6398,158.157923,3.417357
2020-01-21,sz.300290,6.4884038,6.50821572,6.32000248,6.3893442,6.52802764,5512327,35628113.88,-2.1244,1.1414,154.797967,3.344758
2020-01-22,sz.300290,6.35962632,6.50821572,6.26056672,6.438874,6.3893442,5146400,33318109.0,0.7752,1.0656,155.997951,3.370686
2020-01-23,sz.300290,6.40915612,6.438874,6.07235348,6.191225,6.438874,5488161,34548424.34,-3.8462,1.1364,149.99803,3.241044
2020-02-03,sz.300290,5.57705548,5.57705548,5.57705548,5.57705548,6.191225,1191900,6710397.0,-9.92,0.2468,135.118225,2.919533
2020-02-04,sz.300290,5.0520396,5.95348196,5.0520396,5.83461044,5.57705548,11681949,66895398.65,4.6181,2.4189,141.358143,3.05436
2020-02-05,sz.300290,5.78508064,5.98319984,5.71573892,5.7949866,5.83461044,10146317,59653895.22,-0.6791,2.1009,140.398156,3.033617
2020-02-06,sz.300290,5.76526872,6.13178924,5.695927,6.07235348,5.7949866,10502643,63237309.77,4.7863,2.1747,147.118068,3.178816
2020-02-07,sz.300290,6.17141308,6.67661704,6.06244752,6.67661704,6.07235348,17148629,110551692.48,9.9511,3.5508,161.757875,3.495142
2020-02-10,sz.300290,7.3304104,7.3304104,6.46859188,6.52802764,6.67661704,28566174,197032575.97,-2.2255,5.915,158.157923,3.417357
2020-02-11,sz.300290,6.41906208,6.438874,6.2407548,6.31009652,6.52802764,13073331,83370759.09,-3.3384,2.707,152.877992,3.303272
2020-02-12,sz.300290,6.32990844,6.81530048,6.27047268,6.70633492,6.31009652,15868215,105900802.76,6.2794,3.2857,162.477866,3.510699
2020-02-13,sz.300290,6.71624088,7.01341968,6.59736936,6.65680512,6.70633492,19281749,132217037.76,-0.7386,3.9925,161.277882,3.484771
2020-02-14,sz.300290,6.5379336,6.8351124,6.5379336,6.62708724,6.65680512,12923694,86779991.95,-0.4464,2.676,160.557891,3.469214
2020-02-17,sz.300290,6.65680512,6.8846422,6.61718128,6.8351124,6.62708724,18653061,126963334.48,3.139,3.8623,165.597825,3.578113
2020-02-18,sz.300290,6.71624088,6.86483028,6.64689916,6.82520644,6.8351124,16598421,113261882.61,-0.1449,3.4369,165.357828,3.572927
2020-02-19,sz.300290,6.77567664,6.77567664,6.49830976,6.5379336,6.82520644,15377664,102782199.4,-4.209,3.1841,165.357828,3.572927
2020-02-20,sz.300290,6.51812168,6.57755744,6.30019056,6.5379336,6.5379336,13176298,86052255.29,0.0,2.7283,158.397919,3.422543
2020-02-21,sz.300290,6.51812168,7.06294948,6.46859188,6.92426604,6.5379336,31520776,217008494.71,5.9091,6.5268,167.757796,3.624784
2020-02-24,sz.300290,6.8846422,7.45918788,6.81530048,7.34031636,6.92426604,37480009,271170626.02,6.0086,7.7607,177.837664,3.842582
2020-02-25,sz.300290,7.16200908,7.2808806,6.69642896,7.27097464,7.34031636,31049996,221632716.29,-0.9447,6.4293,176.157686,3.806282
2020-02-26,sz.300290,7.06294948,7.19172696,6.7360528,6.7855826,7.27097464,22191401,155911084.99,-6.6758,4.595,164.397841,3.552185
2020-02-27,sz.300290,6.85492432,7.46909384,6.85492432,7.46909384,6.7855826,44316465,328998918.81,10.073,9.1763,180.957623,3.909996
2020-02-28,sz.300290,7.42947,7.42947,6.934172,7.0332316,7.46909384,47233365,341866194.76,-5.8355,9.78,86.868596,3.681826
2020-03-02,sz.300290,6.90445412,7.73655476,6.71624088,7.73655476,7.0332316,47563133,352452735.85,10.0,9.8483,95.555455,4.050009
2020-03-03,sz.300290,7.80589648,8.30119448,7.5285296,7.59787132,7.73655476,58759870,467201966.86,-1.7926,12.1666,93.842554,3.97741
2020-03-04,sz.300290,7.7761786,8.3210064,7.64740112,8.13279316,7.59787132,43876777,353180209.71,7.0404,8.3629,100.449461,4.257436
2020-03-05,sz.300290,8.2219468,8.77668056,7.9742978,8.09316932,8.13279316,46579660,390877458.14,-0.4872,8.8781,99.96006,4.236693
2020-03-06,sz.300290,7.91486204,8.01392164,7.66721304,7.677119,8.09316932,28373850,223645370.5,-5.1408,5.4081,94.821355,4.018895
2020-03-09,sz.300290,7.39975212,7.6275892,7.31059848,7.3304104,7.677119,23798585,179192963.49,-4.5161,4.536,90.5391,3.837396
2020-03-10,sz.300290,7.21153888,7.5780594,6.96388988,7.55824748,7.3304104,23287033,171814878.46,3.1081,4.4385,93.353153,3.956667
2020-03-11,sz.300290,7.45918788,7.58796536,7.15210312,7.181821,7.55824748,19041700,141541485.97,-4.9803,3.6294,88.703848,3.759611
2020-03-12,sz.300290,7.07285544,7.16200908,6.94407796,7.05304352,7.181821,10935285,77733623.25,-1.7931,2.0843,87.113296,3.692198
2020-03-13,sz.300290,6.7855826,7.02332564,6.65680512,6.92426604,7.05304352,13847294,95459266.9,-1.8258,2.6393,85.522744,3.624784
2020-03-16,sz.300290,7.00351372,7.10257332,6.57755744,6.67661704,6.92426604,12674006,88008115.04,-3.5765,2.4157,82.463991,3.495142
2020-03-17,sz.300290,6.76577068,6.84501836,6.49830976,6.81530048,6.67661704,8625650,58350451.5,2.0772,1.6441,84.176893,3.567742
2020-03-18,sz.300290,6.934172,7.19172696,6.85492432,6.89454816,6.81530048,20460200,144121339.0,1.1628,3.8997,85.155694,3.609227
2020-03-19,sz.300290,6.89454816,7.09266736,6.79548856,7.0827614,6.89454816,12244900,85936872.5,2.7299,2.3339,87.480347,3.707755
2020-03-20,sz.300290,7.1322912,7.17191504,6.91436008,7.05304352,7.0827614,10721300,76046669.5,-0.4196,2.0435,87.113296,3.692198
2020-03-23,sz.300290,6.81530048,6.89454816,6.34972036,6.37943824,7.05304352,14674900,97906054.5,-9.5506,2.797,81.858173,3.469465
2020-03-24,sz.300290,6.4884038,6.60727532,6.15160116,6.47849784,6.37943824,12851500,83204081.5,1.5528,2.4495,83.129262,3.523339
2020-03-25,sz.300290,6.61718128,6.6369932,6.37943824,6.49830976,6.47849784,9789800,64103303.5,0.3058,1.8659,83.38348,3.534114
2020-03-26,sz.300290,6.49830976,6.49830976,6.16150712,6.25066076,6.49830976,8862658,56339816.12,-3.811,1.6892,80.205756,3.399429
2020-03-27,sz.300290,6.30019056,6.36953228,5.97329388,5.97329388,6.25066076,9769358,60547195.6,-4.4374,1.862,76.646705,3.248583
2020-03-30,sz.300290,5.95348196,6.00301176,5.72564488,5.86432832,5.97329388,8821389,52290734.4,-1.8242,1.6814,75.248507,3.189322
2020-03-31,sz.300290,5.8940462,5.97329388,5.81479852,5.81479852,5.86432832,4786405,28449223.17,-0.8446,0.9123,74.612962,3.162385
2020-04-01,sz.300290,5.87423428,5.93367004,5.76526872,5.80489256,5.81479852,4215150,24915001.0,-0.1704,0.8034,74.485853,3.156998
2020-04-02,sz.300290,5.78508064,6.00301176,5.78508064,6.00301176,5.80489256,5792676,34484272.6,3.413,1.1041,77.028032,3.264745
2020-04-03,sz.300290,6.01291772,6.01291772,5.8445164,5.87423428,6.00301176,6918385,41345508.37,-2.1452,1.3186,75.375616,3.194709
2020-04-07,sz.300290,5.93367004,6.11197732,5.93367004,6.08225944,5.87423428,9114006,55492779.62,3.5413,1.7371,78.044904,3.307844
2020-04-08,sz.300290,6.06244752,6.25066076,6.03272964,6.15160116,6.08225944,7362136,45498472.12,1.1401,1.4032,78.934667,3.345556
2020-04-09,sz.300290,6.191225,6.3398144,6.15160116,6.2902846,6.15160116,8099400,51071156.5,2.2544,1.5438,80.714192,3.420979
2020-04-10,sz.300290,6.0921654,6.13178924,5.67611508,5.7949866,6.2902846,17185539,102305875.71,-7.874,3.2756,74.358744,3.15161
2020-04-13,sz.300290,5.78508064,5.78508064,5.56714952,5.62658528,5.7949866,5755050,32793764.5,-2.906,1.0969,72.197892,3.060025
2020-04-14,sz.300290,5.695927,5.7949866,5.65630316,5.7949866,5.62658528,5801483,33480109.58,2.993,1.1058,74.358744,3.15161
2020-04-15,sz.300290,5.85442236,5.95348196,5.77517468,5.78508064,5.7949866,6006733,35515216.53,-0.1709,1.1449,74.231635,3.146223
2020-04-16,sz.300290,5.7949866,6.00301176,5.70583296,5.96338792,5.78508064,8564192,51065123.64,3.0822,1.6323,76.519596,3.243196
2020-04-17,sz.300290,6.01291772,6.1416952,5.97329388,6.00301176,5.96338792,7949907,48598424.05,0.6645,1.5153,77.028032,3.264745
2020-04-20,sz.300290,5.98319984,6.11197732,5.96338792,6.03272964,6.00301176,6415272,39038933.98,0.4951,1.2228,77.409359,3.280907
2020-04-21,sz.300290,6.02282368,6.05254156,5.86432832,5.8940462,6.03272964,9208685,55185958.35,-2.2989,1.7552,75.629834,3.205484
2020-04-22,sz.300290,5.86432832,5.96338792,5.77517468,5.88414024,5.8940462,6133050,36266431.5,-0.1681,1.169,75.502725,3.200097
2020-04-23,sz.300290,5.85442236,5.88414024,5.695927,5.695927,5.88414024,6248350,36292974.5,-3.1987,1.1909,73.087654,3.097737
2020-04-24,sz.300290,5.71573892,5.75536276,5.50771376,5.5968674,5.695927,8390800,47353952.0,-1.7391,1.5993,71.816565,3.043863
2020-04-27,sz.300290,5.60677336,5.65630316,5.48790184,5.56714952,5.5968674,6838100,38343408.0,-0.531,1.3033,71.435238,3.027701
2020-04-28,sz.300290,5.57705548,5.57705548,5.11147536,5.26006476,5.56714952,8353600,44697228.5,-5.516,1.5922,67.49486,2.860693
2020-04-29,sz.300290,5.27987668,5.5473376,5.17091112,5.5473376,5.26006476,8412600,45011672.65,5.4614,1.6034,151.238529,2.729168
2020-04-30,sz.300290,5.51761972,5.65630316,5.46808992,5.57705548,5.5473376,6253750,35295573.0,0.5357,1.192,152.048736,2.743789
2020-05-06,sz.300290,5.51761972,5.73555084,5.48790184,5.71573892,5.57705548,5430370,30929438.7,2.4867,1.035,155.829699,2.812018
2020-05-07,sz.300290,5.7454568,5.77517468,5.63649124,5.77517468,5.71573892,4962350,28630414.0,1.0399,0.9458,157.450112,2.841259
2020-05-08,sz.300290,5.78508064,5.87423428,5.73555084,5.75536276,5.77517468,5865280,34340775.97,-0.3431,1.1179,156.909974,2.831512
2020-05-11,sz.300290,5.77517468,5.83461044,5.695927,5.77517468,5.75536276,3308900,19243591.0,0.3442,0.6307,157.450112,2.841259
2020-05-12,sz.300290,5.77517468,5.77517468,5.55724356,5.695927,5.77517468,5224450,29820055.55,-1.3722,0.9958,155.289561,2.802271
2020-05-13,sz.300290,5.67611508,5.82470448,5.60677336,5.77517468,5.695927,5999750,34909733.0,1.3913,1.1436,157.450112,2.841259
2020-05-14,sz.300290,5.7949866,6.0426356,5.695927,5.82470448,5.77517468,10221550,60759681.97,0.8576,1.9482,158.800456,2.865627
2020-05-15,sz.300290,5.8445164,5.93367004,5.71573892,5.73555084,5.82470448,6143050,35870038.5,-1.5306,1.1709,156.369836,2.821765
2020-05-18,sz.300290,5.68602104,5.78508064,5.448278,5.55724356,5.73555084,9318500,52644242.0,-3.1088,1.7761,151.508598,2.734042
2020-05-19,sz.300290,5.5473376,5.66620912,5.46808992,5.63649124,5.55724356,5012845,28224304.65,1.426,0.9555,153.669148,2.77303
2020-05-20,sz.300290,5.65630316,5.65630316,5.45818396,5.5473376,5.63649124,7326494,40793595.95,-1.5817,1.3964,151.238529,2.729168
2020-05-21,sz.300290,5.48790184,5.5968674,5.41856012,5.448278,5.5473376,9374950,52294084.5,-1.7857,1.7869,148.537841,2.680433
2020-05-22,sz.300290,5.448278,5.448278,5.24025284,5.26006476,5.448278,6653400,35693898.0,-3.4545,1.2681,143.406534,2.587836
2020-05-25,sz.300290,5.26997072,5.33931244,5.23034688,5.27987668,5.26006476,4385850,23373073.0,0.3766,0.8359,143.946672,2.597584
2020-05-26,sz.300290,5.32940648,5.62658528,5.26006476,5.57705548,5.27987668,7128095,39204603.1,5.6285,1.3586,152.048736,2.743789
2020-05-27,sz.300290,5.58696144,5.7949866,5.26997072,5.61667932,5.57705548,11202653,62757581.4,0.7105,2.1352,153.129011,2.763283
2020-05-28,sz.300290,5.5968674,5.5968674,5.42846608,5.53743164,5.61667932,4199550,23267766.5,-1.4109,0.8004,150.96846,2.724295
2020-05-29,sz.300290,5.46808992,5.5473376,5.41856012,5.42846608,5.53743164,3796350,21016958.0,-1.9678,0.7236,147.997704,2.670686
2020-06-01,sz.300290,5.448278,5.5968674,5.3987482,5.55724356,5.42846608,4302127,24063786.91,2.3723,0.82,151.508598,2.734042
2020-06-02,sz.300290,5.54730678,5.87537331,5.54730678,5.85549049,5.55724819,14501816,83602352.7,5.3667,2.7641,159.070524,2.8705
2020-06-03,sz.300290,5.79584203,5.98472882,5.75607639,5.92508036,5.85549049,11897664,70592476.9,1.1885,2.2677,160.961006,2.904615
2020-06-04,sz.300290,5.94496318,6.2630883,5.79584203,5.99467023,5.92508036,12652112,76266611.66,1.1745,2.4115,162.851488,2.93873
2020-06-05,sz.300290,6.03443587,6.0642601,5.90519754,5.94496318,5.99467023,5098550,30569406.5,-0.8292,0.9718,161.501144,2.914362
2020-06-08,sz.300290,5.94496318,6.00461164,5.79584203,5.82566626,5.94496318,4371880,25795552.3,-2.0067,0.8333,158.260318,2.85588
2020-06-09,sz.300290,5.82566626,5.93502177,5.7660178,5.79584203,5.82566626,7887700,46411576.5,-0.5119,1.5034,157.450112,2.841259
2020-06-10,sz.300290,5.7660178,5.80578344,5.67654511,5.78590062,5.79584203,3435550,19829992.5,-0.1715,0.6548,157.180043,2.836386
2020-06-11,sz.300290,5.77595921,5.87537331,5.70636934,5.81572485,5.78590062,7490250,43499913.0,0.5155,1.4276,157.990249,2.851006
2020-06-12,sz.300290,5.69642793,5.90519754,5.61689665,5.85549049,5.81572485,5185849,30126166.28,0.6838,0.9884,159.070524,2.8705
2020-06-15,sz.300290,5.89525613,5.91513895,5.75607639,5.7660178,5.85549049,3835558,22526844.74,-1.528,0.7311,156.639905,2.826639
2020-06-16,sz.300290,5.77595921,5.89525613,5.74613498,5.80578344,5.7660178,8716680,51006596.9,0.6897,1.6614,157.72018,2.846133
2020-06-17,sz.300290,5.79584203,5.83560767,5.75607639,5.81572485,5.80578344,5059849,29484927.7,0.1712,0.9644,157.990249,2.851006
2020-06-18,sz.300290,5.81572485,5.87537331,5.79584203,5.83560767,5.81572485,3809050,22350685.5,0.3419,0.726,158.530387,2.860753
2020-06-19,sz.300290,5.81572485,5.91513895,5.79584203,5.87537331,5.83560767,7526903,44434922.32,0.6814,1.4346,159.610662,2.880247
2020-06-22,sz.300290,5.91513895,6.24320548,5.83560767,6.21338125,5.87537331,29753149,181792123.31,5.753,5.671,168.793001,3.045947
2020-06-23,sz.300290,6.4619165,6.83969008,6.31279535,6.41220945,6.21338125,61527550,411393071.5,3.2,11.7272,174.194377,3.143417
2020-06-24,sz.300290,6.2630883,6.35256099,6.14379138,6.24320548,6.41220945,18462957,115475358.55,-2.6357,3.5191,169.603208,3.060567
2020-06-29,sz.300290,6.18355702,6.30285394,6.07420151,6.23326407,6.24320548,12252699,76391450.19,-0.1592,2.3354,169.333139,3.055694
2020-06-30,sz.300290,6.2630883,6.28297112,6.14379138,6.24320548,6.23326407,6592650,41365640.34,0.1595,1.2566,169.603208,3.060567
2020-07-01,sz.300290,6.20343984,6.27302971,6.1636742,6.23326407,6.24320548,4728750,29549690.5,-0.1592,0.9013,169.333139,3.055694
2020-07-02,sz.300290,6.22332266,6.4619165,6.17361561,6.41220945,6.23326407,7559358,48148430.06,2.8708,1.4408,174.194377,3.143417
2020-07-03,sz.300290,6.38238522,6.69056893,6.35256099,6.54144778,6.41220945,10218458,66880472.36,2.0155,1.9476,177.705272,3.206773
2020-07-06,sz.300290,6.60109624,6.97886982,6.54144778,6.87945572,6.54144778,17895499,123005223.32,5.1672,3.4109,186.887611,3.372472
2020-07-07,sz.300290,6.97886982,7.11804956,6.80986585,7.03851828,6.87945572,16725528,117734342.83,2.3121,3.1879,191.208712,3.450449
2020-07-08,sz.300290,7.00869405,7.3566434,6.958987,7.28705353,7.03851828,12374960,90029428.81,3.5311,2.3587,197.960432,3.572287
2020-07-09,sz.300290,7.27711212,7.4560575,7.10810815,7.1578152,7.28705353,12974813,94415512.68,-1.7735,2.473,194.449538,3.508931
2020-07-10,sz.300290,7.11804956,7.27711212,6.98881123,7.18763943,7.1578152,15203785,109277667.2,0.4167,2.8979,195.259744,3.523551
2020-07-13,sz.300290,7.3566434,7.3566434,7.13793238,7.23734648,7.18763943,15790288,114857486.11,0.6916,3.0096,196.610088,3.547919
2020-07-14,sz.300290,7.23734648,7.31687776,7.04845969,7.11804956,7.23734648,10818850,77855434.5,-1.6484,2.0621,193.369262,3.489437
2020-07-15,sz.300290,7.2572293,7.29699494,6.81980726,6.83969008,7.11804956,10348526,72503407.22,-3.9106,1.9724,185.807336,3.352978
2020-07-16,sz.300290,6.82974867,7.03851828,6.61103765,6.78998303,6.83969008,12447500,85148796.29,-0.7267,2.3725,184.456992,3.328611
2020-07-17,sz.300290,6.7601588,7.22740507,6.59115483,7.10810815,6.78998303,17148583,118824367.88,4.6852,3.2685,193.099194,3.484563
2020-07-20,sz.300290,7.09816674,7.34670199,7.0584011,7.27711212,7.10810815,9239091,67406281.9,2.3776,1.761,197.690363,3.567413
2020-07-21,sz.300290,7.27711212,7.59523724,7.18763943,7.49582314,7.27711212,14663953,108530729.06,3.0055,2.795,203.631877,3.67463
2020-07-22,sz.300290,7.42623327,7.54553019,7.32681917,7.43617468,7.49582314,11316300,84515603.5,-0.7958,2.1569,202.011464,3.645389
2020-07-23,sz.300290,7.43617468,7.44611609,7.06834251,7.33676058,7.43617468,8912650,65119501.5,-1.3369,1.6988,199.310776,3.596654
2020-07-24,sz.300290,7.30693635,7.58529583,7.0584011,7.16775661,7.33676058,21006050,155063362.91,-2.3035,4.0038,194.719606,3.513804
2020-07-27,sz.300290,7.1578152,7.27711212,7.0584011,7.19758084,7.16775661,11697206,84644084.85,0.4161,2.2295,195.529813,3.528425
2020-07-28,sz.300290,7.24728789,7.30693635,7.13793238,7.19758084,7.19758084,5267300,38233652.0,0.0,1.004,195.529813,3.528425
2020-07-29,sz.300290,7.16775661,7.53558878,7.16775661,7.38646763,7.19758084,12093750,89147636.79,2.6243,2.3051,200.66112,3.621022
2020-07-30,sz.300290,7.47594032,7.73441698,7.40635045,7.60517865,7.38646763,16242756,124474313.34,2.961,3.0959,206.602634,3.728239
2020-07-31,sz.300290,7.67476852,7.93324518,7.60517865,7.83383108,7.60517865,15064306,117778060.56,3.0065,2.8713,212.814216,3.84033
2020-08-03,sz.300290,7.93324518,8.03265928,7.67476852,7.81394826,7.83383108,16644950,130457779.0,-0.2538,3.1725,212.274079,3.830583
2020-08-04,sz.300290,7.83383108,8.06248351,7.72447557,8.04260069,7.81394826,15677583,124419686.96,2.9262,2.9882,218.485661,3.942674
2020-08-05,sz.300290,8.09230774,8.13207338,7.92330377,7.98295223,8.04260069,8150535,65571081.84,-0.7417,1.5535,216.865248,3.913433
2020-08-06,sz.300290,8.02271787,8.11219056,7.77418262,8.04260069,7.98295223,16603900,133124101.61,0.7472,3.1647,218.485661,3.942674
2020-08-07,sz.300290,8.0525421,8.09230774,7.78412403,7.87359672,8.04260069,8140200,64670051.52,-2.1014,1.5515,213.894491,3.859824
2020-08-10,sz.300290,7.87359672,7.96306941,7.63500288,7.71453416,7.87359672,11530356,90087888.66,-2.0202,2.1977,209.57339,3.781848
2020-08-11,sz.300290,7.76424121,7.81394826,7.50576455,7.50576455,7.71453416,10592550,81255290.5,-2.7062,2.0189,203.901946,3.679504
2020-08-12,sz.300290,7.53558878,7.59523724,7.10810815,7.50576455,7.50576455,11824700,86906796.02,0.0,2.2538,203.901946,3.679504
2020-08-13,sz.300290,7.50576455,7.77418262,7.46599891,7.63500288,7.50576455,5704706,43875889.76,1.7219,1.0873,207.41284,3.74286
2020-08-14,sz.300290,7.61512006,8.26131171,7.61512006,8.04260069,7.63500288,13117219,105868665.61,5.3385,2.5002,218.485661,3.942674
2020-08-17,sz.300290,8.10224915,8.32096017,8.04260069,8.27125312,8.04260069,11414703,94297856.87,2.843,2.1757,224.697243,4.054765
2020-08-18,sz.300290,8.31101876,8.43031568,8.14201479,8.31101876,8.27125312,17358300,144403732.0,0.4808,3.3085,225.777519,4.074259
2020-08-19,sz.300290,8.31101876,8.47008132,8.1519562,8.19172184,8.31101876,13659550,114406093.0,-1.4354,2.6035,222.536693,4.015776
2020-08-20,sz.300290,8.23148748,8.29113594,8.07242492,8.13207338,8.19172184,5469800,44940186.0,-0.7282,1.0425,220.91628,3.986535
2020-08-21,sz.300290,8.16189761,8.24142889,8.0525421,8.07242492,8.13207338,6645850,54325514.0,-0.7335,1.2667,219.295867,3.957294
2020-08-24,sz.300290,8.10224915,8.33090158,8.03265928,8.1519562,8.07242492,18120588,149269994.62,0.9852,3.4538,221.456418,3.996282
2020-08-25,sz.300290,8.20166325,8.22154607,8.07242492,8.16189761,8.1519562,8607100,70515373.0,0.122,1.6405,221.726487,4.001156
2020-08-26,sz.300290,8.17183902,8.18178043,7.96306941,8.01277646,8.16189761,8632830,69812262.3,-1.827,1.6454,217.675455,3.928053
2020-08-27,sz.300290,8.03265928,8.1519562,7.94318659,8.13207338,8.01277646,6212850,50442816.97,1.4888,1.1842,106.926693,3.931986
2020-08-28,sz.300290,8.13207338,8.23148748,8.07242492,8.20166325,8.13207338,7819950,64081299.6,0.8557,1.4905,107.841714,3.965634
2020-08-31,sz.300290,8.26131171,8.48002273,8.2513703,8.41043286,8.20166325,10625841,89472209.34,2.5455,2.0253,110.586776,4.066577
2020-09-01,sz.300290,8.4501985,8.52972978,8.28119453,8.43031568,8.41043286,6587350,55367691.5,0.2364,1.2556,110.84821,4.076191
2020-09-02,sz.300290,8.4501985,8.61920247,8.34084299,8.60926106,8.43031568,10837793,92874005.86,2.1226,2.0657,113.20112,4.162714
2020-09-03,sz.300290,8.58937824,8.58937824,8.38060863,8.40049145,8.60926106,7514703,63978524.11,-2.4249,1.4323,110.456058,4.06177
2020-09-04,sz.300290,8.30107735,8.43031568,8.23148748,8.40049145,8.40049145,6296000,52758842.38,0.0,1.1976,110.456058,4.06177
2020-09-07,sz.300290,8.4501985,8.69873375,8.38060863,8.55955401,8.40049145,12786743,109831762.51,1.8935,2.4321,112.547534,4.13868
2020-09-08,sz.300290,8.59931965,8.6490267,8.37066722,8.55955401,8.55955401,7328300,62506506.0,0.0,1.3939,116.473576,4.283051
2020-09-09,sz.300290,8.52972978,8.53967119,7.90342095,8.12213197,8.55955401,15939475,131601626.75,-5.1103,3.0318,110.521384,4.064173
2020-09-10,sz.300290,8.14201479,8.28119453,7.7542998,7.97301082,8.12213197,11980905,95287885.47,-1.836,2.2789,108.492228,3.989555
2020-09-11,sz.300290,7.94318659,8.24142889,7.83383108,8.20166325,7.97301082,6090275,49558367.25,2.8678,1.1599,111.603601,4.103969
2020-09-14,sz.300290,8.2513703,8.43031568,8.16189761,8.3507844,8.20166325,6865250,57456373.0,1.8182,1.3075,113.632757,4.178586
2020-09-15,sz.300290,8.3507844,8.4501985,8.24142889,8.34084299,8.3507844,4961050,41513948.0,-0.119,0.9426,113.49748,4.173612
2020-09-16,sz.300290,8.34084299,8.47008132,8.18178043,8.44025709,8.34084299,7970700,66987390.0,1.1919,1.5145,114.850251,4.223357
2020-09-17,sz.300290,8.4501985,8.51978837,8.34084299,8.44025709,8.44025709,5845600,49389679.5,0.0,1.1107,114.850251,4.223357
2020-09-18,sz.300290,8.48996414,8.48996414,8.26131171,8.28119453,8.44025709,4061250,33992380.5,-1.8846,0.7716,112.685817,4.143765
2020-09-21,sz.300290,8.33090158,8.3507844,8.11219056,8.11219056,8.28119453,3919489,32315323.02,-2.0408,0.7449,110.386107,4.059198
2020-09-22,sz.300290,8.07242492,8.14201479,7.953128,7.953128,8.11219056,3549650,28683958.0,-1.9608,0.6746,108.221673,3.979606
2020-09-23,sz.300290,7.94318659,8.0525421,7.93324518,8.01277646,7.953128,3745200,30081348.0,0.75,0.7089,109.429737,4.02403
2020-09-24,sz.300290,8.01277646,8.22154607,7.60517865,7.60517865,8.01277646,15121892,118931151.32,-5.0868,2.8622,103.863212,3.819333
2020-09-25,sz.300290,7.60517865,7.69465134,7.50576455,7.67476852,7.60517865,4972350,38060233.5,0.915,0.9411,104.813594,3.854282
2020-09-28,sz.300290,7.67476852,7.7542998,7.48588173,7.54553019,7.67476852,3317850,25347758.5,-1.6839,0.628,103.048598,3.789378
2020-09-29,sz.300290,7.59523724,7.66482711,7.41629186,7.62506147,7.54553019,6330173,47877568.16,1.054,1.1981,104.13475,3.829319
2020-09-30,sz.300290,7.51570596,7.91336236,7.49582314,7.8537139,7.62506147,5958800,46099619.5,2.9987,1.1278,107.257435,3.944148
2020-10-09,sz.300290,7.91336236,7.97301082,7.7542998,7.88353813,7.8537139,4241331,33527809.14,0.3797,0.8028,107.664741,3.959126
2020-10-12,sz.300290,7.94318659,7.98295223,7.86365531,7.97301082,7.88353813,3566750,28499865.5,1.1349,0.6751,108.886661,4.004059
2020-10-13,sz.300290,7.953128,8.00283505,7.84377249,7.88353813,7.97301082,5394900,42848769.5,-1.1222,1.0211,107.664741,3.959126
2020-10-14,sz.300290,7.91336236,7.96306941,7.76424121,7.77418262,7.88353813,3944200,31144924.5,-1.3871,0.7465,106.171283,3.904208
2020-10-15,sz.300290,7.86365531,7.87359672,7.64494429,7.64494429,7.77418262,3809800,29655758.0,-1.6624,0.7211,104.406288,3.839304
2020-10-16,sz.300290,7.72447557,7.72447557,7.56541301,7.67476852,7.64494429,2210050,16981171.0,0.3901,0.4183,104.813594,3.854282
2020-10-19,sz.300290,7.67476852,7.77418262,7.36658481,7.44611609,7.67476852,10223256,77902358.88,-2.9793,1.935,101.690909,3.739452
2020-10-20,sz.300290,7.48588173,7.67476852,7.42623327,7.6548857,7.44611609,4988877,38044969.98,2.8037,0.9443,104.542056,3.844296
2020-10-21,sz.300290,7.77418262,7.77418262,7.46599891,7.63500288,7.6548857,4439606,33783642.89,-0.2597,0.8403,104.270519,3.834311
2020-10-22,sz.300290,7.6548857,7.6548857,7.52564737,7.5554716,7.63500288,2046950,15592033.0,-1.0417,0.3874,103.184367,3.794371
2020-10-23,sz.300290,7.5554716,7.87359672,7.48588173,7.56541301,7.5554716,6915050,53448405.5,0.1316,1.3088,103.320136,3.799363
2020-10-26,sz.300290,7.61512006,7.6548857,7.37652622,7.40635045,7.56541301,5249300,39311853.5,-2.1025,0.9935,101.147834,3.719482
2020-10-27,sz.300290,7.47594032,7.48588173,7.30693635,7.41629186,7.40635045,2356949,17477936.62,0.1342,0.4461,101.283603,3.724474
2020-10-28,sz.300290,7.40635045,7.42623327,7.26717071,7.3566434,7.41629186,3310250,24394158.5,-0.8043,0.6265,100.468989,3.694519
2020-10-29,sz.300290,7.2572293,7.29699494,7.1578152,7.2572293,7.3566434,4337022,31483338.97,-1.3514,0.8209,87.598365,3.294298
2020-10-30,sz.300290,7.24728789,7.44611609,7.03851828,7.07828392,7.2572293,3966250,28609640.37,-2.4658,0.7507,85.438406,3.213069
2020-11-02,sz.300290,7.09816674,7.17769802,6.958987,7.14787379,7.07828392,5439373,38428976.92,0.9831,1.0295,86.27839,3.244658
2020-11-03,sz.300290,7.20752225,7.70459275,7.10810815,7.64494429,7.14787379,8269861,62123348.43,6.9541,1.5653,92.278278,3.470295
2020-11-04,sz.300290,7.60517865,7.70459275,7.47594032,7.50576455,7.64494429,3461050,26211649.0,-1.8205,0.6551,90.598309,3.407117
2020-11-05,sz.300290,7.59523724,7.63500288,7.49582314,7.54553019,7.50576455,3735663,28367260.75,0.5298,0.7071,91.0783,3.425168
2020-11-06,sz.300290,7.60517865,7.73441698,7.31687776,7.39640904,7.54553019,8040650,60789047.41,-1.9763,1.5219,89.278334,3.357477
2020-11-09,sz.300290,7.48588173,7.59523724,7.43617468,7.54553019,7.39640904,3780072,28598409.68,2.0161,0.7155,91.0783,3.425168
2020-11-10,sz.300290,7.5554716,7.64494429,7.4560575,7.62506147,7.54553019,4881600,37056185.5,1.054,0.924,92.038283,3.46127
2020-11-11,sz.300290,7.59523724,7.59523724,7.4560575,7.46599891,7.62506147,2971200,22449984.91,-2.086,0.5624,90.118318,3.389066
2020-11-12,sz.300290,7.47594032,7.78412403,7.36658481,7.70459275,7.46599891,11318300,87202627.14,3.1957,2.1422,92.998265,3.497372
2020-11-13,sz.300290,7.70459275,7.73441698,7.5554716,7.56541301,7.70459275,3492150,26750658.5,-1.8065,0.661,91.318296,3.434193
2020-11-16,sz.300290,7.64494429,7.93324518,7.49582314,7.8537139,7.56541301,7093850,55327093.0,3.8108,1.3427,94.798231,3.565063
2020-11-17,sz.300290,7.86365531,7.91336236,7.76424121,7.88353813,7.8537139,4136150,32646062.5,0.3797,0.7829,95.158224,3.578601
2020-11-18,sz.300290,7.93324518,8.11219056,7.77418262,7.80400685,7.88353813,5643330,44910764.1,-1.0088,1.0681,94.198242,3.542499
2020-11-19,sz.300290,7.80400685,7.93324518,7.71453416,7.80400685,7.80400685,2735853,21539302.76,0.0,0.5178,94.198242,3.542499
2020-11-20,sz.300290,7.94318659,7.94318659,7.7542998,7.79406544,7.80400685,4591058,36002809.84,-0.1274,0.869,94.078244,3.537986
2020-11-23,sz.300290,7.77418262,7.81394826,7.66482711,7.74435839,7.79406544,2842603,22122218.9,-0.6378,0.538,93.478256,3.515423
2020-11-24,sz.300290,7.7542998,7.83383108,7.68470993,7.70459275,7.74435839,2610150,20282726.0,-0.5135,0.494,92.998265,3.497372
2020-11-25,sz.300290,7.70459275,7.8537139,7.57535442,7.57535442,7.70459275,7391300,57329324.5,-1.6774,1.399,91.438294,3.438706
2020-11-26,sz.300290,7.6548857,7.6548857,7.36658481,7.44611609,7.57535442,6059486,45589252.22,-1.706,1.1469,89.878323,3.38004
2020-11-27,sz.300290,7.44611609,7.52564737,7.40635045,7.47594032,7.44611609,4196050,31510624.5,0.4005,0.7942,90.238316,3.393579
2020-11-30,sz.300290,7.53558878,7.60517865,7.34670199,7.5554716,7.47594032,9855720,73878547.9,1.0638,1.8654,91.198298,3.429681
2020-12-01,sz.300290,7.58529583,7.90342095,7.54553019,7.81394826,7.5554716,14452300,113322731.0,3.4211,2.7354,94.31824,3.547012
2020-12-02,sz.300290,7.84377249,7.92330377,7.7542998,7.81394826,7.81394826,11204750,88301166.0,0.0,2.1207,94.31824,3.547012
2020-12-03,sz.300290,7.82388967,7.92330377,7.74435839,7.86365531,7.81394826,12145736,95792461.66,0.6361,2.2989,94.918229,3.569575
2020-12-04,sz.300290,7.86365531,7.94318659,7.80400685,7.82388967,7.86365531,8622409,68190953.19,-0.5057,1.632,94.438238,3.551525
2020-12-07,sz.300290,7.83383108,7.86365531,7.64494429,7.64494429,7.82388967,4243953,32975580.99,-2.2872,0.8033,92.278278,3.470295
2020-12-08,sz.300290,7.6548857,7.69465134,7.51570596,7.57535442,7.64494429,3921850,29873779.5,-0.9103,0.7423,91.438294,3.438706
2020-12-09,sz.300290,7.57535442,7.64494429,7.40635045,7.40635045,7.57535442,4600250,34676395.0,-2.231,0.8707,89.398332,3.36199
2020-12-10,sz.300290,7.40635045,7.80400685,7.36658481,7.66482711,7.40635045,8267750,63417783.5,3.4899,1.5649,92.518274,3.479321
2020-12-11,sz.300290,7.7542998,7.76424121,7.59523724,7.60517865,7.66482711,11888985,91710851.56,-0.7782,2.2503,91.798287,3.452244
2020-12-14,sz.300290,7.61512006,7.79406544,7.44611609,7.46599891,7.60517865,4348510,33023802.72,-1.8301,0.8231,90.118318,3.389066
2020-12-15,sz.300290,7.46599891,7.90342095,7.36658481,7.77418262,7.46599891,9205500,71587950.0,4.1278,1.7423,93.838249,3.528961
2020-12-16,sz.300290,7.74435839,7.77418262,6.22332266,6.22332266,7.77418262,27422300,192120895.88,-19.9488,5.1903,75.118598,2.824974
2020-12-17,sz.300290,4.98064641,5.4677755,4.98064641,4.98064641,6.22332266,105387468,531540190.68,-19.9681,19.9469,60.118878,2.260882
2020-12-18,sz.300290,4.85140808,5.74613498,4.74205257,5.39818563,4.98064641,104924718,544182196.13,8.3832,19.8593,65.158784,2.450417
2020-12-21,sz.300290,5.22918166,5.4677755,5.17947461,5.20929884,5.39818563,68194405,362915569.68,-3.4991,12.9073,62.878827,2.364675
2020-12-22,sz.300290,5.12976756,5.15959179,4.88123231,4.91105654,5.20929884,53710941,270268761.95,-5.7252,10.166,59.278894,2.229292
2020-12-23,sz.300290,4.90111513,4.95082218,4.49351732,4.65257988,4.91105654,69300708,327352954.36,-5.2632,13.1167,56.158952,2.111961
2020-12-24,sz.300290,4.5730486,4.62275565,4.43386886,4.43386886,4.65257988,37565986,170751805.76,-4.7009,7.1102,53.519001,2.012681
2020-12-25,sz.300290,4.48357591,4.73211116,4.48357591,4.59293142,4.43386886,43517893,202057430.73,3.5874,8.2367,55.438966,2.084885
2020-12-28,sz.300290,4.59293142,4.62275565,4.40404463,4.42392745,4.59293142,30455010,136931156.7,-3.6797,5.7643,53.399004,2.008168
2020-12-29,sz.300290,4.46369309,4.70228693,4.40404463,4.58299001,4.42392745,34807150,159423509.0,3.5955,6.588,55.318968,2.080372
2020-12-30,sz.300290,4.54322437,4.70228693,4.49351732,4.59293142,4.58299001,26879050,124462572.5,0.2169,5.0875,55.438966,2.084885
2020-12-31,sz.300290,4.59293142,4.91105654,4.55316578,4.80170103,4.59293142,29604686,142264773.88,4.5455,5.6033,57.958918,2.179652
2021-01-04,sz.300290,4.81164244,5.00052923,4.81164244,4.93093936,4.80170103,25840529,127842035.17,2.6915,4.8909,59.518889,2.238318
2021-01-05,sz.300290,4.95082218,4.99058782,4.76193539,4.84146667,4.93093936,21377000,104296615.5,-1.8145,4.0461,58.43891,2.197703
2021-01-06,sz.300290,4.8712909,4.8712909,4.69234552,4.72216975,4.84146667,16615639,79162811.53,-2.4641,3.1449,56.998936,2.14355
2021-01-07,sz.300290,4.70228693,4.78181821,4.51340014,4.56310719,4.72216975,19119646,88623287.58,-3.3684,3.6188,55.078972,2.071347
2021-01-08,sz.300290,4.54322437,4.72216975,4.51340014,4.63269706,4.56310719,16832433,78389417.29,1.5251,3.1859,55.918957,2.102936
2021-01-11,sz.300290,4.6724627,4.82158385,4.48357591,4.53328296,4.63269706,17188042,79326718.4,-2.1459,3.2532,54.718979,2.057808
2021-01-12,sz.300290,4.43386886,4.60287283,4.3742204,4.4736345,4.53328296,16290553,73410584.44,-1.3158,3.0834,53.998992,2.030732
2021-01-13,sz.300290,4.49351732,4.56310719,4.39410322,4.44381027,4.4736345,18679489,83522851.11,-0.6667,3.5355,53.638999,2.017194
2021-01-14,sz.300290,4.42392745,4.48357591,4.36427899,4.44381027,4.44381027,13634270,60701072.1,0.0,2.5806,53.638999,2.017194
2021-01-15,sz.300290,4.41398604,4.55316578,4.3742204,4.54322437,4.44381027,13009006,58828971.15,2.2371,2.4622,54.838977,2.062321
2021-01-18,sz.300290,4.55316578,4.80170103,4.51340014,4.72216975,4.54322437,17881550,84635986.0,3.9387,3.3845,56.998936,2.14355
2021-01-19,sz.300290,4.70228693,5.03035346,4.70228693,4.94088077,4.72216975,26980809,133783616.04,4.6316,5.1067,59.638887,2.242831
2021-01-20,sz.300290,4.98064641,5.06017769,4.86134949,4.98064641,4.94088077,16653353,82860960.5,0.8048,3.152,60.118878,2.260882
2021-01-21,sz.300290,5.01047064,5.04029487,4.95082218,5.00052923,4.98064641,12604995,63349351.56,0.3992,2.3858,60.358874,2.269907
2021-01-22,sz.300290,4.99058782,5.11982615,4.89117372,5.0701191,5.00052923,16633553,83939507.18,1.3917,3.1483,61.198858,2.301496
2021-01-25,sz.300290,5.0701191,5.60695524,5.06017769,5.31865435,5.0701191,32033677,172458166.69,4.902,6.0631,64.198802,2.414315
2021-01-26,sz.300290,5.4677755,5.53736537,5.22918166,5.40812704,5.31865435,27714331,149908058.33,1.6822,5.2456,65.278782,2.454929
2021-01-27,sz.300290,5.31865435,5.4677755,5.27888871,5.30871294,5.40812704,12757490,68630255.6,-1.8382,2.4146,64.078804,2.409802
2021-01-28,sz.300290,5.32859576,5.41806845,5.27888871,5.31865435,5.30871294,10445015,56214307.25,0.1873,1.977,64.198802,2.414315
2021-01-29,sz.300290,5.31865435,5.64672088,5.27888871,5.55724819,5.31865435,19120912,105908737.87,4.486,3.6191,67.078748,2.52262
2021-02-01,sz.300290,5.71631075,5.73619357,5.43795127,5.54730678,5.55724819,16782502,93346857.3,-0.1789,3.1765,66.958751,2.518108
2021-02-02,sz.300290,5.50754114,5.60695524,5.44789268,5.55724819,5.54730678,9250100,51406131.0,0.1792,1.7508,67.078748,2.52262
2021-02-03,sz.300290,5.51748255,5.54730678,5.32859576,5.47771691,5.55724819,10704580,58706392.3,-1.4311,2.0261,66.118766,2.486518
2021-02-04,sz.300290,5.42800986,5.51748255,5.30871294,5.45783409,5.47771691,11866991,64856213.67,-0.363,2.2461,65.878771,2.477493
2021-02-05,sz.300290,5.47771691,5.54730678,5.32859576,5.42800986,5.45783409,15650203,85489407.11,-0.5464,2.9622,65.518777,2.463955
2021-02-08,sz.300290,5.41806845,5.50754114,5.3683614,5.42800986,5.42800986,9039450,49182410.5,0.0,1.7109,65.518777,2.463955
2021-02-09,sz.300290,5.45783409,5.45783409,5.25900589,5.31865435,5.42800986,9820950,52800765.5,-2.0147,1.8588,64.198802,2.414315
2021-02-10,sz.300290,5.37830281,5.37830281,5.12976756,5.19935743,5.31865435,12082516,63334808.34,-2.243,2.2869,62.758829,2.360162
2021-02-18,sz.300290,5.20929884,5.37830281,5.18941602,5.25900589,5.19935743,7963850,42130736.5,1.1472,1.5073,63.478815,2.387238
2021-02-19,sz.300290,5.23912307,5.33853717,5.15959179,5.30871294,5.25900589,12354951,65469176.04,0.9452,2.3385,64.078804,2.409802
2021-02-22,sz.300290,5.31865435,5.48765832,5.30871294,5.34847858,5.30871294,13775945,74972043.82,0.7491,2.6074,64.558795,2.427853
2021-02-23,sz.300290,5.35841999,5.3683614,5.19935743,5.20929884,5.34847858,9888053,52220297.34,-2.6022,1.8715,62.878827,2.364675
2021-02-24,sz.300290,5.17947461,5.2689473,5.12976756,5.18941602,5.20929884,6591889,34453552.55,-0.3817,1.2477,62.638831,2.355649
2021-02-25,sz.300290,5.18941602,5.33853717,5.10988474,5.24906448,5.18941602,9062000,47665015.0,1.1494,1.7152,63.358818,2.382725
2021-02-26,sz.300290,5.20929884,5.64672088,5.18941602,5.63677947,5.24906448,19363873,106212439.15,7.3864,3.665,68.03873,2.558722
2021-03-01,sz.300290,5.67654511,5.93502177,5.6666037,5.81572485,5.63677947,20868015,121921965.19,3.1746,3.9497,70.19869,2.639952
2021-03-02,sz.300290,5.87537331,6.02449446,5.67654511,5.964846,5.81572485,15980190,93734249.47,2.5641,3.0246,71.998656,2.707643
2021-03-03,sz.300290,5.94496318,5.99467023,5.80578344,5.88531472,5.964846,12080000,71440182.5,-1.3333,2.2864,71.038674,2.671541
2021-03-04,sz.300290,5.84554908,5.88531472,5.7660178,5.77595921,5.88531472,8162500,47599331.0,-1.8581,1.5449,69.718699,2.621901
2021-03-05,sz.300290,5.73619357,5.85549049,5.57713101,5.59701383,5.77595921,12103084,69490516.52,-3.0981,2.2909,67.558739,2.540671
2021-03-08,sz.300290,5.62683806,5.81572485,5.57713101,5.57713101,5.59701383,14427300,82652935.5,-0.3552,2.7309,67.318744,2.531646
2021-03-09,sz.300290,5.58707242,5.71631075,5.3683614,5.48765832,5.57713101,15378139,85702104.6,-1.6043,2.8043,66.238764,2.491031
2021-03-10,sz.300290,5.51748255,5.55724819,5.37830281,5.44789268,5.48765832,9637700,52815697.0,-0.7246,1.7575,65.758773,2.47298
2021-03-11,sz.300290,5.44789268,5.53736537,5.38824422,5.45783409,5.44789268,7013223,38521848.31,0.1825,1.2789,65.878771,2.477493
2021-03-12,sz.300290,5.51748255,5.61689665,5.41806845,5.59701383,5.45783409,12289823,68077490.35,2.5501,2.2411,67.558739,2.540671
2021-03-15,sz.300290,5.58707242,5.90519754,5.57713101,5.7660178,5.59701383,17728865,102459094.3,3.0195,3.233,69.598701,2.617388
2021-03-16,sz.300290,5.85549049,5.88531472,5.72625216,5.75607639,5.7660178,8790863,51005237.14,-0.1724,1.6031,69.478704,2.612875
2021-03-17,sz.300290,5.73619357,5.95490459,5.67654511,5.88531472,5.75607639,11275884,66034157.32,2.2453,2.0562,71.038674,2.671541
2021-03-18,sz.300290,5.94496318,6.04437728,5.85549049,5.90519754,5.88531472,9332000,55751956.0,0.3378,1.7018,71.27867,2.680566
2021-03-19,sz.300290,5.88531472,6.18355702,5.84554908,6.03443587,5.90519754,14597256,89135170.22,2.1886,2.6619,72.838641,2.739232
2021-03-22,sz.300290,6.09408433,6.18355702,6.05431869,6.12390856,6.03443587,9064950,55858691.5,1.4827,1.6531,73.918621,2.779846
2021-03-23,sz.300290,6.12390856,6.1636742,6.00461164,6.08414292,6.12390856,7597000,46538983.5,-0.6494,1.3854,73.43863,2.761795
2021-03-24,sz.300290,6.08414292,6.15373279,6.02449446,6.11396715,6.08414292,7082400,43411982.0,0.4902,1.2865,73.798623,2.775334
2021-03-25,sz.300290,6.08414292,6.2630883,6.0642601,6.23326407,6.11396715,10308942,64299305.08,1.9512,1.8726,75.238596,2.829486
2021-03-26,sz.300290,6.2630883,6.37244381,6.18355702,6.20343984,6.23326407,9754132,61324125.62,-0.4785,1.7718,74.878603,2.815948
2021-03-29,sz.300290,6.20343984,6.52156496,6.18355702,6.3625024,6.20343984,13475050,86408290.0,2.5641,2.4477,76.798567,2.888152
2021-03-30,sz.300290,6.37244381,6.48179932,6.29291253,6.37244381,6.3625024,7573163,48530080.33,0.1563,1.3756,76.918565,2.892665
2021-03-31,sz.300290,6.37244381,6.4619165,6.32273676,6.39232663,6.37244381,10307843,66247913.99,0.312,1.8724,77.15856,2.90169
2021-04-01,sz.300290,6.3625024,6.68062752,6.0642601,6.32273676,6.39232663,33446292,212736074.14,-1.0886,6.0753,76.318576,2.870101
2021-04-02,sz.300290,6.31279535,6.72039316,6.21338125,6.67068611,6.32273676,27268481,180325269.26,5.5031,4.9532,80.518498,3.028047
2021-04-06,sz.300290,6.80986585,7.76424121,6.75021739,7.57535442,6.67068611,99042738,712216002.55,13.5618,17.9905,91.438294,3.438706
2021-04-07,sz.300290,7.32681917,7.32681917,6.68062752,6.92916277,7.57535442,59777234,413425824.86,-8.5302,10.8582,83.638439,3.145378
2021-04-08,sz.300290,6.8595729,7.0584011,6.74027598,6.96892841,6.92916277,26175950,182248287.04,0.5739,4.7547,84.11843,3.163429
2021-04-09,sz.300290,6.958987,7.02857687,6.79992444,6.81980726,6.96892841,14831200,102803785.1,-2.1398,2.694,82.318464,3.095738
2021-04-12,sz.300290,6.89933854,6.94904559,6.77010021,6.78998303,6.81980726,8849550,60859499.5,-0.4373,1.6075,81.958471,3.0822
2021-04-13,sz.300290,6.7601588,6.8595729,6.69056893,6.78998303,6.78998303,9496463,64563422.29,0.0,1.725,81.958471,3.0822
2021-04-14,sz.300290,6.78998303,6.82974867,6.70051034,6.74027598,6.78998303,7598000,51538174.0,-0.7321,1.3801,81.358482,3.059636
2021-04-15,sz.300290,6.74027598,7.46599891,6.69056893,6.80986585,6.74027598,20139000,139451983.5,1.0324,3.6581,82.198466,3.091225
2021-04-16,sz.300290,6.78998303,6.84963149,6.74027598,6.82974867,6.80986585,6540063,44758241.55,0.292,1.188,82.438462,3.100251
2021-04-19,sz.300290,6.78998303,7.10810815,6.78998303,7.04845969,6.82974867,10664668,75262350.94,3.2023,1.9372,85.078412,3.199531
2021-04-20,sz.300290,7.06834251,7.36658481,7.04845969,7.1578152,7.04845969,11778800,85455349.0,1.5515,2.1395,86.398388,3.249171
2021-04-21,sz.300290,7.13793238,7.23734648,7.0584011,7.07828392,7.1578152,9383400,67220430.5,-1.1111,1.7044,85.438406,3.213069
2021-04-22,sz.300290,7.07828392,7.13793238,7.03851828,7.10810815,7.07828392,6472400,46174336.0,0.4213,1.1757,85.798399,3.226607
2021-04-23,sz.300290,7.13793238,7.17769802,7.01863546,7.07828392,7.10810815,7308693,52058885.62,-0.4196,1.3276,85.438406,3.213069
2021-04-26,sz.300290,7.08822533,7.31687776,7.03851828,7.23734648,7.07828392,14149399,102550821.15,2.2472,2.5702,54.12575,3.184895
2021-04-27,sz.300290,7.24728789,7.37652622,7.18763943,7.26717071,7.23734648,9768300,71353128.0,0.4121,1.7744,54.348796,3.198019
2021-04-28,sz.300290,7.26717071,7.33676058,7.18763943,7.24728789,7.26717071,7289250,53194500.5,-0.2736,1.324,54.200099,3.18927
2021-04-29,sz.300290,7.22740507,7.2572293,7.0584011,7.09816674,7.24728789,11199328,80366081.44,-2.0576,2.0343,43.726142,3.117247
2021-04-30,sz.300290,7.07828392,7.1578152,6.93910418,7.11804956,7.09816674,10885500,77255761.5,0.2801,1.9773,43.848624,3.125979
2021-05-06,sz.300290,7.10810815,7.20752225,6.98881123,7.0584011,7.11804956,8344300,59650602.0,-0.838,1.5157,43.481178,3.099784
2021-05-07,sz.300290,7.0584011,7.10810815,6.88939713,6.91922136,7.0584011,13656563,95667666.9,-1.9718,2.4806,42.623802,3.038661
2021-05-10,sz.300290,6.89933854,6.98881123,6.6607447,6.90927995,6.91922136,13111108,90607220.7,-0.1437,2.3816,45.386136,3.235589
2021-05-11,sz.300290,6.96892841,6.98881123,6.84963149,6.86951431,6.90927995,6455550,44848270.5,-0.5755,1.1726,45.12492,3.216966
2021-05-12,sz.300290,6.89933854,6.93910418,6.78004162,6.8595729,6.86951431,6219818,42977570.5,-0.1447,1.1298,45.059617,3.212311
2021-05-13,sz.300290,6.8595729,6.89933854,6.70051034,6.75021739,6.8595729,10317150,70284473.2,-1.5942,1.874,44.341275,3.1611
2021-05-14,sz.300290,6.80986585,6.87945572,6.6607447,6.71045175,6.75021739,9421450,63882150.0,-0.5891,1.7113,44.08006,3.142478
2021-05-17,sz.300290,6.65080329,6.71045175,5.3683614,5.3683614,6.71045175,50169850,281235530.0,-20.0,9.113,35.264048,2.513982
2021-05-18,sz.300290,4.49351732,5.2689473,4.49351732,5.11982615,5.3683614,68855844,335854617.46,-4.6296,12.5072,33.631453,2.397594
2021-05-19,sz.300290,4.89117372,5.11982615,4.8712909,4.8712909,5.11982615,35920780,178941260.55,-4.8544,6.2542,31.998858,2.281206
2021-05-20,sz.300290,4.83152526,4.92099795,4.72216975,4.79175962,4.8712909,25203500,121694165.0,-1.6327,4.3882,31.476428,2.243962
2021-05-21,sz.300290,4.78181821,5.14965038,4.78181821,4.92099795,4.79175962,29214400,145590237.71,2.6971,5.0866,32.325377,2.304484
2021-05-24,sz.300290,4.95082218,5.01047064,4.79175962,4.88123231,4.92099795,16240400,79701763.0,-0.8081,2.8276,32.064162,2.285862
2021-05-25,sz.300290,4.89117372,4.92099795,4.84146667,4.89117372,4.88123231,13987350,68668051.5,0.2037,2.4354,32.129466,2.290517
2021-05-26,sz.300290,4.89117372,5.09994333,4.89117372,5.01047064,4.89117372,19091234,96283584.66,2.439,3.324,32.913111,2.346384
2021-05-27,sz.300290,5.25900589,5.81572485,5.22918166,5.29877153,5.01047064,49250674,269169203.59,5.754,8.5751,34.806921,2.481394
2021-05-28,sz.300290,5.28883012,5.30871294,5.0701191,5.08006051,5.29877153,29134643,150890938.52,-4.1276,5.0727,33.370238,2.378972
2021-05-31,sz.300290,5.09000192,5.1695332,5.05023628,5.08006051,5.08006051,16318493,83510347.3,0.0,2.8412,33.370238,2.378972
2021-06-01,sz.300290,5.03035346,5.15959179,5.01047064,5.09000192,5.08006051,14665785,75015822.02,0.1957,2.5535,33.435542,2.383628
2021-06-02,sz.300290,5.12,5.13,4.99,5.0,5.09,12866411,65012762.38,-1.7682,2.2402,32.651896,2.327762
2021-06-03,sz.300290,5.0,5.05,4.93,4.93,5.0,12239900,60950703.0,-1.4,2.1311,32.19477,2.295173
2021-06-04,sz.300290,4.94,4.97,4.88,4.9,4.93,9400300,46162024.0,-0.6085,1.6367,31.998858,2.281206
2021-06-07,sz.300290,4.9,4.93,4.84,4.87,4.9,12443061,60566065.24,-0.6122,2.1665,31.802947,2.26724
2021-06-08,sz.300290,4.88,5.02,4.83,4.96,4.87,12624232,62327810.2,1.848,2.198,32.390681,2.309139
2021-06-09,sz.300290,4.96,5.0,4.89,4.94,4.96,9555634,47234201.96,-0.4032,1.6637,32.260073,2.299828
2021-06-10,sz.300290,4.96,5.17,4.95,5.17,4.94,25337612,128826103.93,4.6559,4.4116,33.762061,2.406905
2021-06-11,sz.300290,5.16,5.34,5.09,5.21,5.17,26077193,136508821.53,0.7737,4.5403,34.023276,2.425528
2021-06-15,sz.300290,5.19,5.25,5.12,5.14,5.21,13982482,72233638.98,-1.3436,2.4345,33.566149,2.392939
2021-06-16,sz.300290,5.14,5.46,5.07,5.43,5.14,26606194,140081373.26,5.642,4.6324,35.459959,2.527949
2021-06-17,sz.300290,5.54,5.54,5.19,5.3,5.43,28641324,152071501.3,-2.3941,5.0602,34.61101,2.467427
2021-06-18,sz.300290,5.21,5.31,5.19,5.21,5.3,14463660,75681603.7,-1.6981,2.5554,34.023276,2.425528
2021-06-21,sz.300290,5.17,5.33,5.13,5.25,5.21,12444458,65281335.71,0.7678,2.1986,34.284491,2.44415
2021-06-22,sz.300290,5.33,5.33,5.18,5.2,5.25,12216840,63735363.4,-0.9524,2.1584,33.957972,2.420872
2021-06-23,sz.300290,5.26,5.26,5.12,5.15,5.2,10018850,51643609.0,-0.9615,1.7701,33.631453,2.397594
2021-06-24,sz.300290,5.13,5.16,5.06,5.07,5.15,10086240,51322783.8,-1.5534,1.782,33.109023,2.36035
2021-06-25,sz.300290,5.08,5.09,4.92,5.01,5.07,11692040,58258078.1,-1.1834,2.0657,32.7172,2.332417
2021-06-28,sz.300290,4.97,5.06,4.94,5.0,5.01,7145750,35698014.0,-0.1996,1.2625,32.651896,2.327762
2021-06-29,sz.300290,4.99,5.07,4.95,5.03,5.0,8210462,41225957.76,0.6,1.45,32.847807,2.341728
2021-06-30,sz.300290,5.03,5.08,5.0,5.05,5.03,8609800,43415463.0,0.3976,1.5205,32.978415,2.351039
2021-07-01,sz.300290,5.07,5.1,4.92,4.93,5.05,10311300,51381936.0,-2.3762,1.821,32.19477,2.295173
2021-07-02,sz.300290,4.91,4.93,4.8,4.84,4.93,10439787,50670672.15,-1.8256,1.8437,31.607035,2.253273
2021-07-05,sz.300290,4.84,5.05,4.81,5.04,4.84,11420577,56797119.38,4.1322,2.0169,32.913111,2.346384
2021-07-06,sz.300290,5.04,5.07,4.94,4.98,5.04,8632600,43063535.5,-1.1905,1.5246,32.521289,2.31845
2021-07-07,sz.300290,4.96,5.09,4.89,5.06,4.98,16309300,81471762.0,1.6064,2.8803,33.043719,2.355695
2021-07-08,sz.300290,5.05,5.08,4.95,4.99,5.06,12975575,64864107.83,-1.3834,2.2916,32.586592,2.323106
2021-07-09,sz.300290,4.96,5.02,4.92,5.02,4.99,7910042,39322644.92,0.6012,1.397,32.782504,2.337073
2021-07-12,sz.300290,5.04,5.17,4.99,5.12,5.02,14463342,73808412.29,1.992,2.5543,33.435542,2.383628
2021-07-13,sz.300290,5.13,5.28,5.12,5.22,5.12,20428000,106169146.5,1.9531,3.6077,34.08858,2.430183
2021-07-14,sz.300290,5.21,5.26,5.04,5.07,5.22,15899600,81404623.0,-2.8736,2.8079,33.109023,2.36035
2021-07-15,sz.300290,5.06,5.07,4.91,4.96,5.07,11101650,55144876.5,-2.1696,1.9606,32.390681,2.309139
2021-07-16,sz.300290,4.96,5.02,4.92,4.94,4.96,7394200,36693586.5,-0.4032,1.3059,32.260073,2.299828
2021-07-19,sz.300290,4.94,4.97,4.88,4.91,4.94,9817950,48200893.5,-0.6073,1.7339,32.064162,2.285862
2021-07-20,sz.300290,4.89,4.95,4.83,4.93,4.91,5753300,28193952.0,0.4073,1.0161,32.19477,2.295173
2021-07-21,sz.300290,4.9,5.02,4.9,4.98,4.93,9475400,47176721.5,1.0142,1.6734,32.521289,2.31845
2021-07-22,sz.300290,5.0,5.14,4.97,5.05,4.98,13170750,66635094.5,1.4056,2.326,32.978415,2.351039
2021-07-23,sz.300290,5.05,5.06,4.92,4.94,5.05,9662200,47918842.0,-2.1782,1.7064,32.260073,2.299828
2021-07-26,sz.300290,4.91,4.94,4.74,4.83,4.94,10858050,52516069.0,-2.2267,1.9176,31.541732,2.248618
2021-07-27,sz.300290,4.87,4.92,4.74,4.74,4.83,8449700,40677613.5,-1.8634,1.4923,30.953998,2.206718
2021-07-28,sz.300290,4.75,4.75,4.41,4.48,4.74,11574163,52559154.89,-5.4852,2.0441,29.256099,2.085674
2021-07-29,sz.300290,4.58,4.62,4.52,4.56,4.48,8764817,40068542.68,1.7857,1.5479,29.778529,2.122919
2021-07-30,sz.300290,4.57,4.85,4.55,4.75,4.56,14480242,67984515.9,4.1667,2.5573,31.019301,2.211373
2021-08-02,sz.300290,4.73,4.88,4.66,4.82,4.75,11827140,56927121.42,1.4737,2.0887,31.476428,2.243962
2021-08-03,sz.300290,4.82,4.95,4.81,4.88,4.82,15587370,76253700.99,1.2448,2.7528,31.868251,2.271895
2021-08-04,sz.300290,4.85,5.01,4.85,4.92,4.88,12224050,60365813.5,0.8197,2.1588,32.129466,2.290517
2021-08-05,sz.300290,4.9,4.92,4.8,4.86,4.92,9902515,48136601.45,-1.2195,1.7488,31.737643,2.262584
2021-08-06,sz.300290,4.86,4.91,4.8,4.84,4.86,5794775,28083206.75,-0.4115,1.0234,31.607035,2.253273
2021-08-09,sz.300290,4.84,4.9,4.82,4.87,4.84,5917500,28713694.0,0.6198,1.0451,31.802947,2.26724
2021-08-10,sz.300290,4.87,4.97,4.84,4.95,4.87,9628096,47408021.36,1.6427,1.7004,32.325377,2.304484
2021-08-11,sz.300290,4.94,4.99,4.91,4.94,4.95,7631803,37705266.83,-0.202,1.3478,32.260073,2.299828
2021-08-12,sz.300290,4.98,5.05,4.93,4.95,4.94,13370750,66622715.5,0.2024,2.3613,32.325377,2.304484
2021-08-13,sz.300290,4.93,4.96,4.87,4.91,4.95,8787100,43091557.5,-0.8081,1.5518,32.064162,2.285862
2021-08-16,sz.300290,4.91,5.05,4.87,5.01,4.91,13607570,67684767.21,2.0367,2.4032,32.7172,2.332417
2021-08-17,sz.300290,5.0,5.02,4.81,4.83,5.01,12672589,62184943.47,-3.5928,2.238,31.541732,2.248618
2021-08-18,sz.300290,4.84,4.84,4.73,4.79,4.83,8776050,41947424.5,-0.8282,1.5499,31.280516,2.229996
2021-08-19,sz.300290,4.83,4.84,4.7,4.71,4.79,8652950,41069259.0,-1.6701,1.5282,30.758086,2.192751
2021-08-20,sz.300290,4.68,4.73,4.6,4.73,4.71,7580350,35298488.0,0.4246,1.3387,30.888694,2.202062
2021-08-23,sz.300290,4.71,4.94,4.71,4.92,4.73,13766292,66940264.08,4.0169,2.4312,32.129466,2.290517
2021-08-24,sz.300290,5.0,5.01,4.87,4.88,4.92,9290659,45614186.71,-0.813,1.6408,31.868251,2.271895
2021-08-25,sz.300290,4.89,4.91,4.83,4.84,4.88,8001492,38899430.52,-0.8197,1.4131,31.607035,2.253273
2021-08-26,sz.300290,4.82,4.85,4.77,4.78,4.84,8041800,38598131.5,-1.2397,1.4202,31.215213,2.22534
2021-08-27,sz.300290,4.81,4.88,4.73,4.84,4.78,10498600,50432266.0,1.2552,1.8541,37.27331,2.03586
2021-08-30,sz.300290,4.88,5.01,4.84,4.86,4.84,13821150,67855498.79,0.4132,2.4409,37.427332,2.044273
2021-08-31,sz.300290,4.83,4.93,4.78,4.88,4.86,9629618,46847668.29,0.4115,1.7006,37.581354,2.052685
2021-09-01,sz.300290,4.84,4.91,4.83,4.89,4.88,10434612,50868120.2,0.2049,1.8428,37.658365,2.056892
2021-09-02,sz.300290,4.88,4.88,4.76,4.82,4.89,14587127,70032193.93,-1.4315,2.5762,37.119288,2.027447
2021-09-03,sz.300290,4.81,5.78,4.79,5.78,4.82,104613154,576500258.22,19.917,18.4079,44.656951,2.439153
2021-09-06,sz.300290,5.73,6.5,5.55,5.91,5.78,104033904,620529930.48,2.2491,18.306,45.661346,2.494013
2021-09-07,sz.300290,6.12,7.07,6.12,6.77,5.91,113320763,762263281.83,14.5516,19.9401,52.305806,2.856932
2021-09-08,sz.300290,6.61,7.99,6.51,7.37,6.77,125532906,899815162.93,8.8626,22.089,56.941476,3.110131
2021-09-09,sz.300290,7.31,7.4,6.77,7.26,7.37,89734162,630927896.03,-1.4925,15.7898,56.091603,3.063711
2021-09-10,sz.300290,7.01,7.85,6.89,7.25,7.26,77713642,560655734.65,-0.1377,13.6746,56.014342,3.059491
2021-09-13,sz.300290,7.01,7.13,6.62,6.67,7.25,61652913,419370077.19,-8.0,10.8485,51.533194,2.814732
2021-09-14,sz.300290,6.8,6.84,6.36,6.47,6.67,47577408,311159432.21,-2.9985,8.3718,49.987971,2.730332
2021-09-15,sz.300290,6.47,6.86,6.23,6.72,6.47,47819363,316926057.74,3.864,8.4144,51.9195,2.835832
2021-09-16,sz.300290,6.6,6.74,6.31,6.32,6.72,34291992,221034122.42,-5.9524,6.0341,48.829054,2.667032
2021-09-17,sz.300290,6.38,6.53,6.28,6.43,6.32,26142708,167146780.64,1.7405,4.6001,49.678926,2.713452
2021-09-22,sz.300290,6.36,6.65,6.06,6.4,6.43,29496413,186670099.54,-0.4666,5.1902,49.447143,2.700792
2021-09-23,sz.300290,6.4,6.7,6.3,6.59,6.4,33945500,221491972.29,2.9688,5.9731,50.915105,2.780972
2021-09-24,sz.300290,6.55,6.6,6.15,6.18,6.59,29542693,186360955.47,-6.2215,5.1984,47.747397,2.607952
2021-09-27,sz.300290,6.37,6.54,5.4,5.58,6.18,45888489,268833828.92,-9.7087,8.0746,43.111728,2.354753
2021-09-28,sz.300290,5.55,6.05,5.55,5.85,5.58,38597872,225595984.82,4.8387,6.7917,45.197779,2.468693
2021-09-29,sz.300290,5.88,5.9,5.58,5.65,5.85,22557280,128844485.89,-3.4188,3.9692,43.652556,2.384293
2021-09-30,sz.300290,5.88,6.04,5.58,5.95,5.65,28614850,166060944.0,5.3097,5.0351,45.970391,2.510893
2021-10-08,sz.300290,5.92,6.01,5.66,5.76,5.95,27181241,157280037.16,-3.1933,4.7829,44.502429,2.430713
2021-10-11,sz.300290,5.73,5.85,5.6,5.72,5.76,12712799,72431461.94,-0.6944,2.237,44.193384,2.413833
2021-10-12,sz.300290,5.72,5.75,5.49,5.55,5.72,16110202,89934530.44,-2.972,2.8348,42.879944,2.342093
2021-10-13,sz.300290,5.54,5.62,5.37,5.52,5.55,14760751,80895286.5,-0.5405,2.5973,42.648161,2.329433
2021-10-14,sz.300290,5.52,5.73,5.38,5.63,5.52,16385200,91345622.0,1.9928,2.8832,43.498034,2.375853
2021-10-15,sz.300290,5.68,5.71,5.51,5.68,5.63,12243500,68890637.39,0.8881,2.1544,43.884339,2.396953
2021-10-18,sz.300290,5.71,5.81,5.61,5.74,5.68,11881411,68046337.97,1.0563,2.0907,44.347906,2.422273
2021-10-19,sz.300290,5.74,5.89,5.65,5.74,5.74,15242450,87870850.5,0.0,2.6821,44.347906,2.422273
2021-10-20,sz.300290,6.28,6.89,6.08,6.89,5.74,66241567,437988854.12,20.0348,11.656,53.23294,2.907571
2021-10-21,sz.300290,6.93,7.35,6.58,7.09,6.89,93771214,654525464.61,2.9028,16.5001,54.778163,2.991971
2021-10-22,sz.300290,6.81,6.97,6.54,6.61,7.09,59988189,402781009.47,-6.7701,10.5556,51.069627,2.789412
2021-10-25,sz.300290,6.56,6.66,6.23,6.61,6.61,39313003,254661976.0,0.0,6.9176,51.069627,2.789412
2021-10-26,sz.300290,6.49,6.49,6.25,6.29,6.61,36852734,233706553.44,-4.8411,6.4847,48.59727,2.654372
2021-10-27,sz.300290,6.12,6.3,5.79,5.82,6.29,38075252,225986002.04,-7.4722,6.6998,47.260011,2.435411
2021-10-28,sz.300290,5.78,5.87,5.58,5.62,5.82,27104100,153958479.0,-3.4364,4.7693,45.635956,2.35172
2021-10-29,sz.300290,5.74,5.77,5.6,5.71,5.62,17777250,101192480.0,1.6014,3.1281,46.366781,2.389381
2021-11-01,sz.300290,5.67,6.05,5.66,5.9,5.71,28663980,169293457.8,3.3275,5.0438,47.909633,2.468887
2021-11-02,sz.300290,5.93,5.96,5.52,5.62,5.9,24871195,142727784.9,-4.7458,4.3764,45.635956,2.35172
2021-11-03,sz.300290,5.62,5.82,5.51,5.79,5.62,24994230,142259276.9,3.0249,4.398,47.016403,2.422857
2021-11-04,sz.300290,5.72,5.86,5.59,5.63,5.79,23869793,135450723.59,-2.7634,4.2002,45.717158,2.355904
2021-11-05,sz.300290,5.6,5.7,5.5,5.52,5.63,19799143,110757131.5,-1.9538,3.4839,44.823928,2.309874
2021-11-08,sz.300290,5.5,6.54,5.39,6.14,5.52,51479902,302992011.38,11.2319,9.059,49.8585,2.569317
2021-11-09,sz.300290,6.07,6.2,5.98,6.11,6.14,33488143,203567707.01,-0.4886,5.893,49.614891,2.556763
2021-11-10,sz.300290,6.07,6.14,5.94,6.0,6.11,24462500,147274347.5,-1.8003,4.3047,48.721661,2.510733
2021-11-11,sz.300290,6.0,6.17,5.9,6.04,6.0,27788693,167328384.73,0.6667,4.89,49.046472,2.527471
2021-11-12,sz.300290,6.06,6.54,6.03,6.28,6.04,50626698,321612863.46,3.9735,8.328,50.995338,2.627901
2021-11-15,sz.300290,6.21,6.65,6.14,6.46,6.28,54762289,352198771.31,2.8662,9.0083,52.456988,2.703223
2021-11-16,sz.300290,6.48,6.59,6.3,6.33,6.46,30973100,198914380.5,-2.0124,5.095,51.401352,2.648823
2021-11-17,sz.300290,6.29,6.38,6.14,6.27,6.33,28883693,179695325.45,-0.9479,4.7513,50.914136,2.623716
2021-11-18,sz.300290,6.26,6.34,6.0,6.04,6.27,24242820,147785347.65,-3.6683,3.9879,49.046472,2.527471
2021-11-19,sz.300290,6.11,6.38,6.06,6.28,6.04,30153353,188183833.19,3.9735,4.9602,50.995338,2.627901
2021-11-22,sz.300290,6.36,6.37,6.1,6.32,6.28,25526080,159429625.6,0.6369,4.199,51.320149,2.644639
2021-11-23,sz.300290,6.28,6.41,6.22,6.31,6.32,19003585,120101803.35,-0.1582,3.126,51.238947,2.640454
2021-11-24,sz.300290,6.32,6.77,6.25,6.72,6.31,46072600,302587738.0,6.4976,7.5788,54.56826,2.812021
2021-11-25,sz.300290,6.64,6.72,6.56,6.58,6.72,25873292,171230604.52,-2.0833,4.2561,53.431421,2.753437
2021-11-26,sz.300290,6.58,6.71,6.31,6.63,6.58,28612300,187057407.0,0.7599,4.7067,53.837435,2.77436
2021-11-29,sz.300290,6.49,6.85,6.39,6.78,6.63,25468144,171116060.5,2.2624,4.1894,55.055477,2.837128
2021-11-30,sz.300290,6.83,6.85,6.39,6.53,6.78,43277565,284851648.81,-3.6873,7.1191,53.025408,2.732514
2021-12-01,sz.300290,6.53,6.73,6.51,6.61,6.53,25510894,168799389.72,1.2251,4.1965,53.67503,2.765991
2021-12-02,sz.300290,6.6,6.63,6.33,6.37,6.61,24709023,158849488.05,-3.6309,4.0646,51.726163,2.665562
2021-12-03,sz.300290,6.37,6.47,6.22,6.3,6.37,16403100,103572003.5,-1.0989,2.6983,51.157744,2.63627
2021-12-06,sz.300290,6.3,6.34,6.12,6.23,6.3,16784656,104070441.14,-1.1111,2.761,50.589325,2.606978
2021-12-07,sz.300290,6.31,6.42,6.04,6.36,6.23,19629914,122451990.02,2.0867,3.2291,51.644961,2.661377
2021-12-08,sz.300290,6.33,7.53,6.3,6.99,6.36,80701526,560249779.05,9.9057,13.2752,56.760735,2.925004
2021-12-09,sz.300290,7.1,7.23,6.76,6.97,6.99,57504447,399388216.95,-0.2861,9.4593,56.598329,2.916635
2021-12-10,sz.300290,7.13,7.33,6.91,7.08,6.97,50957350,364341124.5,1.5782,8.3824,57.49156,2.962665
2021-12-13,sz.300290,6.98,7.16,6.86,7.07,7.08,30956250,217484211.26,-0.1412,5.0922,57.410357,2.95848
2021-12-14,sz.300290,7.05,7.58,7.01,7.58,7.07,58437400,426159746.42,7.2136,9.6128,61.551698,3.171893
2021-12-15,sz.300290,7.49,7.59,7.15,7.22,7.58,53232300,389300175.75,-4.7493,8.7566,58.628399,3.021249
2021-12-16,sz.300290,7.2,7.7,7.11,7.38,7.22,54392978,405961149.24,2.2161,8.9475,59.927643,3.088202
2021-12-17,sz.300290,7.24,7.38,7.06,7.15,7.38,42899135,309710573.75,-3.1165,7.0568,58.059979,2.991957
2021-12-20,sz.300290,7.12,7.23,6.78,6.8,7.15,38636950,268338906.86,-4.8951,6.3557,55.217882,2.845497
2021-12-21,sz.300290,6.78,7.19,6.74,7.07,6.8,24046600,168475882.0,3.9706,3.9556,57.410357,2.95848
2021-12-22,sz.300290,7.22,7.35,6.91,7.19,7.07,34722650,248447094.42,1.6973,5.7118,58.38479,3.008695
2021-12-23,sz.300290,7.1,7.32,6.92,6.94,7.19,26925081,189992207.06,-3.4771,4.4291,56.354721,2.904081
2021-12-24,sz.300290,6.95,6.98,6.67,6.68,6.94,23351930,158353288.6,-3.7464,3.8413,54.243449,2.795283
2021-12-27,sz.300290,6.6,6.69,6.47,6.54,6.68,21692135,142459578.7,-2.0958,3.5683,53.10661,2.736699
2021-12-28,sz.300290,6.57,6.71,6.51,6.59,6.54,18019750,119236568.0,0.7645,2.9642,53.512624,2.757622
2021-12-29,sz.300290,6.58,6.8,6.48,6.65,6.59,21633475,143948502.0,0.9105,3.5587,53.999841,2.782729
2021-12-30,sz.300290,6.63,7.2,6.63,6.99,6.65,41140955,286243178.1,5.1128,6.7676,56.760735,2.925004
2021-12-31,sz.300290,7.0,7.05,6.83,6.96,6.99,29039075,201520844.42,-0.4292,4.7769,56.517127,2.91245
2022-01-04,sz.300290,6.97,7.33,6.87,7.15,6.96,41135976,293043262.0,2.7299,6.7668,58.059979,2.991957
2022-01-05,sz.300290,7.11,7.3,6.95,7.12,7.15,28986556,205108309.18,-0.4196,4.7682,57.816371,2.979403
2022-01-06,sz.300290,7.01,7.12,6.88,7.05,7.12,21489550,150565030.0,-0.9831,3.535,57.247952,2.950111
2022-01-07,sz.300290,7.05,7.12,6.62,6.65,7.05,37957400,259037465.5,-5.6738,6.2439,53.999841,2.782729
2022-01-10,sz.300290,6.73,6.94,6.49,6.72,6.65,24399706,164122902.34,1.0526,4.0137,54.56826,2.812021
2022-01-11,sz.300290,6.72,6.89,6.64,6.78,6.72,24297406,164534256.68,0.8929,3.9969,55.055477,2.837128
2022-01-12,sz.300290,6.81,6.97,6.75,6.91,6.78,27441002,188727886.68,1.9174,4.514,56.111113,2.891528
2022-01-13,sz.300290,6.91,6.92,6.64,6.7,6.91,21419550,144281355.0,-3.0391,3.5235,54.405855,2.803652
2022-01-14,sz.300290,6.61,6.77,6.58,6.64,6.7,14917200,99654723.0,-0.8955,2.4538,53.918638,2.778545
2022-01-17,sz.300290,6.69,7.05,6.63,6.99,6.64,33654691,232751171.54,5.2711,5.5361,56.760735,2.925004
2022-01-18,sz.300290,7.1,7.34,6.96,7.01,6.99,51021652,364645997.91,0.2861,8.3929,56.92314,2.933373
2022-01-19,sz.300290,6.95,7.25,6.91,7.19,7.01,38762952,276492383.22,2.5678,6.3764,58.38479,3.008695
2022-01-20,sz.300290,7.13,7.29,6.85,6.89,7.19,34954302,246766934.9,-4.1725,5.7499,55.948707,2.883158
2022-01-21,sz.300290,6.78,7.03,6.78,6.95,6.89,27616152,190897871.84,0.8708,4.5428,56.435924,2.908266
2022-01-24,sz.300290,6.94,7.26,6.9,7.12,6.95,36165977,258459214.2,2.446,5.9492,57.816371,2.979403
2022-01-25,sz.300290,7.06,7.72,6.86,7.17,7.12,63607107,459488442.06,0.7022,10.4632,58.222385,3.000326
2022-01-26,sz.300290,7.2,7.64,7.06,7.17,7.17,56640802,412866141.64,0.0,9.3173,58.222385,3.000326
2022-01-27,sz.300290,7.0,7.06,6.1,6.45,7.17,61920027,401392504.02,-10.0418,10.1857,52.375785,2.699038
2022-01-28,sz.300290,6.47,6.75,6.18,6.27,6.45,32312221,207586934.52,-2.7907,5.3153,50.914136,2.623716
2022-02-07,sz.300290,6.25,6.33,5.8,6.11,6.27,27637262,169145304.64,-2.5518,4.5463,49.614891,2.556763
2022-02-08,sz.300290,6.2,6.34,6.0,6.32,6.11,19148500,118223230.0,3.437,3.1499,51.320149,2.644639
2022-02-09,sz.300290,6.32,6.63,6.23,6.59,6.32,25634003,165903943.53,4.2722,4.2167,53.512624,2.757622
2022-02-10,sz.300290,6.53,7.1,6.5,6.84,6.59,39634030,271927821.0,3.7936,6.5197,55.542693,2.862236
2022-02-11,sz.300290,6.81,6.86,6.58,6.63,6.84,23684600,158133297.0,-3.0702,3.8961,53.837435,2.77436
2022-02-14,sz.300290,6.55,6.7,6.41,6.5,6.63,17241150,112557170.5,-1.9608,2.8361,52.781799,2.719961
2022-02-15,sz.300290,6.65,6.65,6.31,6.41,6.5,15425750,99195350.5,-1.3846,2.5375,52.050974,2.6823
2022-02-16,sz.300290,6.45,6.54,6.32,6.38,6.41,14145550,90153724.5,-0.468,2.3269,51.807366,2.669746
2022-02-17,sz.300290,6.39,6.44,6.22,6.26,6.38,13503250,85294708.5,-1.8809,2.2213,50.832933,2.619531
2022-02-18,sz.300290,6.26,6.42,6.19,6.32,6.26,11314205,71223781.1,0.9585,1.8612,51.320149,2.644639
2022-02-21,sz.300290,6.32,6.88,6.3,6.83,6.32,44965680,300799494.2,8.0696,7.3967,55.461491,2.858051
2022-02-22,sz.300290,6.67,6.83,6.47,6.51,6.83,27328030,181061365.4,-4.6852,4.4954,52.863002,2.724145
2022-02-23,sz.300290,6.52,6.64,6.38,6.59,6.51,23382766,151797605.18,1.2289,3.8464,53.512624,2.757622
2022-02-24,sz.300290,6.52,6.83,6.27,6.38,6.59,31617515,204875238.6,-3.1866,5.201,51.807366,2.669746
2022-02-25,sz.300290,6.4,6.51,6.28,6.33,6.38,17887350,114182899.0,-0.7837,2.9424,51.401352,2.648823
2022-02-28,sz.300290,6.33,6.39,6.2,6.29,6.33,11543100,72379907.0,-0.6319,1.8988,51.076541,2.632085
2022-03-01,sz.300290,6.26,6.38,6.25,6.37,6.29,11179682,70612799.0,1.2719,1.839,51.726163,2.665562
2022-03-02,sz.300290,6.33,6.41,6.3,6.33,6.37,6394250,40597402.0,-0.6279,1.0518,51.401352,2.648823
2022-03-03,sz.300290,6.34,6.36,6.17,6.19,6.33,11788750,73619444.0,-2.2117,1.9392,50.264513,2.59024
2022-03-04,sz.300290,6.19,6.26,6.06,6.25,6.19,12926351,79767062.0,0.9693,2.1264,50.75173,2.615347
2022-03-07,sz.300290,6.22,6.23,6.09,6.14,6.25,6971458,42838133.0,-1.76,1.1468,49.8585,2.569317
2022-03-08,sz.300290,6.1,6.23,5.95,6.04,6.14,10447119,63750893.0,-1.6287,1.7185,49.046472,2.527471
2022-03-09,sz.300290,6.0,6.01,5.66,5.87,6.04,13802169,80401788.0,-2.8146,2.2704,47.666025,2.456334
2022-03-10,sz.300290,6.03,6.04,5.77,5.77,5.87,9418300,55770794.0,-1.7036,1.5493,46.853997,2.414488
2022-03-11,sz.300290,5.65,5.74,5.51,5.67,5.77,14443725,81044328.0,-1.7331,2.376,46.04197,2.372643
2022-03-14,sz.300290,5.6,5.69,5.45,5.45,5.67,9300325,51752567.0,-3.8801,1.5299,44.255509,2.280582
2022-03-15,sz.300290,5.41,5.48,5.08,5.1,5.45,14234300,75239398.0,-6.422,2.3415,41.413412,2.134123
2022-03-16,sz.300290,5.28,5.38,5.02,5.33,5.1,13356159,69771047.0,4.5098,2.1971,43.281075,2.230368
2022-03-17,sz.300290,5.39,5.6,5.34,5.5,5.33,12338349,67781929.0,3.1895,2.0296,44.661522,2.301505
2022-03-18,sz.300290,5.49,6.04,5.43,5.97,5.5,28678650,165457632.5,8.5455,4.7176,48.478053,2.498179
2022-03-21,sz.300290,5.85,5.93,5.73,5.82,5.97,25728653,149651421.93,-2.5126,4.2323,47.260011,2.435411
2022-03-22,sz.300290,5.74,5.78,5.66,5.71,5.82,12557653,71574856.63,-1.89,2.0657,46.366781,2.389381
2022-03-23,sz.300290,5.67,5.72,5.59,5.62,5.71,8044550,45377503.5,-1.5762,1.3233,45.635956,2.35172
2022-03-24,sz.300290,5.56,5.61,5.47,5.5,5.62,7895700,43572399.0,-2.1352,1.2988,44.661522,2.301505
2022-03-25,sz.300290,5.55,5.59,5.42,5.42,5.5,8473350,46517146.5,-1.4545,1.3938,44.0119,2.268029
2022-03-28,sz.300290,5.39,5.48,5.32,5.37,5.42,7180900,38738812.0,-0.9225,1.1812,43.605886,2.247106
2022-03-29,sz.300290,5.37,5.44,5.27,5.3,5.37,5636952,30073479.04,-1.3035,0.9273,43.037467,2.217814
2022-03-30,sz.300290,5.34,5.39,5.31,5.36,5.3,5299800,28396953.0,1.1321,0.8718,43.524684,2.242922
2022-03-31,sz.300290,5.35,5.41,5.25,5.34,5.36,6748512,36042079.08,-0.3731,1.1105,43.362278,2.234552
2022-04-01,sz.300290,5.31,5.33,5.16,5.19,5.34,8441150,44020910.0,-2.809,1.389,42.144237,2.171784
2022-04-06,sz.300290,5.2,5.52,5.19,5.5,5.19,14111858,76437989.32,5.973,2.3057,44.661522,2.301505
2022-04-07,sz.300290,5.49,5.52,5.21,5.24,5.5,8936850,47673668.0,-4.7273,1.4602,42.55025,2.192707
2022-04-08,sz.300290,5.26,5.37,5.17,5.2,5.24,6864450,35966551.0,-0.7634,1.1216,42.225439,2.175969
2022-04-11,sz.300290,5.18,5.19,5.04,5.08,5.2,5635400,28659264.84,-2.3077,0.9208,41.251006,2.125754
2022-04-12,sz.300290,5.05,5.27,5.05,5.26,5.08,5366350,27835064.5,3.5433,0.8768,42.712656,2.201076
2022-04-13,sz.300290,5.28,5.28,5.08,5.09,5.26,4875600,25093049.0,-3.2319,0.7966,41.332209,2.129939
2022-04-14,sz.300290,5.12,5.19,5.08,5.1,5.09,4574150,23494112.0,0.1965,0.7474,41.413412,2.134123
2022-04-15,sz.300290,5.08,5.09,4.85,4.99,5.1,10530400,52040404.0,-2.1569,1.7206,40.520181,2.088093
2022-04-18,sz.300290,4.99,4.99,4.81,4.94,4.99,4184100,20485352.0,-1.002,0.6836,40.114167,2.06717
2022-04-19,sz.300290,4.94,5.04,4.91,5.0,4.94,4194800,20917411.0,1.2146,0.6854,40.601384,2.092278
2022-04-20,sz.300290,5.12,5.12,4.9,4.95,5.0,4457850,22320658.0,-1.0,0.7284,40.19537,2.071355
2022-04-21,sz.300290,4.95,4.97,4.66,4.7,4.95,7283000,34925158.5,-5.0505,1.19,38.165301,1.966741
2022-04-22,sz.300290,4.69,4.76,4.59,4.68,4.7,4581650,21379076.0,-0.4255,0.7486,38.002895,1.958372
2022-04-25,sz.300290,4.65,4.65,4.2,4.23,4.68,10216212,44790726.22,-9.6154,1.6692,34.348771,1.770067
2022-04-26,sz.300290,4.25,4.35,4.05,4.05,4.23,8540643,35695950.25,-4.2553,1.3955,32.887121,1.694745
2022-04-27,sz.300290,4.06,4.36,3.98,4.35,4.05,10543707,44237018.36,7.4074,1.7227,35.323204,1.820281
2022-04-28,sz.300290,4.31,4.34,4.12,4.15,4.35,5707703,24048985.48,-4.5977,0.9326,33.699149,1.73659
2022-04-29,sz.300290,4.04,4.16,3.9,4.1,4.15,24703196,99741609.92,-1.2048,4.0363,-6.088211,2.584909
2022-05-05,sz.300290,4.01,4.05,3.71,3.91,4.1,19648494,75407477.34,-4.6341,3.2104,-5.806075,2.46512
2022-05-06,sz.300290,3.77,4.08,3.75,4.02,3.91,14056269,55193475.27,2.8133,2.2967,-5.969417,2.534472
2022-05-09,sz.300290,3.96,4.09,3.93,3.97,4.02,10679300,42864462.0,-1.2438,1.7449,-5.89517,2.502948
2022-05-10,sz.300290,3.94,4.07,3.86,4.06,3.97,10323400,41365975.0,2.267,1.6867,-6.028814,2.55969
2022-05-11,sz.300290,4.07,4.17,4.01,4.04,4.06,10925156,44774428.22,-0.4926,1.7851,-5.999115,2.547081
2022-05-12,sz.300290,4.0,4.11,3.93,4.0,4.04,10093700,40449199.0,-0.9901,1.6492,-5.939718,2.521862
2022-05-13,sz.300290,4.04,4.06,3.93,3.97,4.0,7248600,28807272.0,-0.75,1.1844,-5.89517,2.502948
2022-05-16,sz.300290,3.97,4.09,3.96,4.05,3.97,10352500,41641964.0,2.0151,1.6915,-6.013965,2.553386
2022-05-17,sz.300290,4.07,4.07,3.93,3.97,4.05,5970500,23716036.0,-1.9753,0.9755,-5.89517,2.502948
2022-05-18,sz.300290,3.96,4.21,3.96,4.1,3.97,15316047,63337009.17,3.2746,2.5025,-6.088211,2.584909
2022-05-19,sz.300290,4.08,4.14,4.04,4.13,4.1,8132700,33236059.0,0.7317,1.3288,-6.132759,2.603823
2022-05-20,sz.300290,4.14,4.19,4.1,4.14,4.13,7735950,32035939.5,0.2421,1.264,-6.147608,2.610127
2022-05-23,sz.300290,4.14,4.46,4.14,4.4,4.14,18293950,78854606.5,6.2802,2.9891,-6.53369,2.774048
2022-05-24,sz.300290,4.4,4.45,4.19,4.19,4.4,13593300,58619852.0,-4.7727,2.221,-6.221855,2.641651
2022-05-25,sz.300290,4.38,4.4,4.21,4.29,4.19,11121100,47674456.0,2.3866,1.8171,-6.370348,2.704697
2022-05-26,sz.300290,4.3,4.33,4.18,4.25,4.29,9281900,39470986.5,-0.9324,1.5166,-6.310951,2.679479
2022-05-27,sz.300290,4.43,4.54,4.32,4.41,4.25,19491462,86516715.64,3.7647,3.1847,-6.548539,2.780353
2022-05-30,sz.300290,4.49,4.51,4.32,4.37,4.41,9397450,41261528.5,-0.907,1.5355,-6.489142,2.755134
2022-05-31,sz.300290,4.41,4.42,4.3,4.39,4.37,7538712,32902891.58,0.4577,1.2318,-6.518841,2.767744
2022-06-01,sz.300290,4.37,4.63,4.37,4.51,4.39,10950700,49504322.0,2.7335,1.7892,-6.697032,2.8434
2022-06-02,sz.300290,4.54,4.72,4.44,4.68,4.51,12753200,58712223.5,3.7694,2.0837,-6.94947,2.950579
2022-06-06,sz.300290,4.65,4.75,4.6,4.68,4.68,9049950,42421023.0,0.0,1.4787,-6.94947,2.950579
2022-06-07,sz.300290,4.71,4.72,4.56,4.64,4.68,7352600,33932270.0,-0.8547,1.2013,-6.890073,2.92536
2022-06-08,sz.300290,4.64,4.66,4.48,4.56,4.64,8673100,39580096.0,-1.7241,1.4171,-6.771279,2.874923
2022-06-09,sz.300290,4.57,4.58,4.45,4.47,4.56,6273350,28186000.5,-1.9737,1.025,-6.637635,2.818181
2022-06-10,sz.300290,4.44,4.52,4.43,4.5,4.47,6648300,29801570.0,0.6711,1.0863,-6.682183,2.837095
2022-06-13,sz.300290,4.49,4.54,4.46,4.53,4.5,4905150,22106706.0,0.6667,0.8015,-6.726731,2.856009
2022-06-14,sz.300290,4.51,4.51,4.36,4.49,4.53,6173900,27419081.0,-0.883,1.0088,-6.667334,2.83079
2022-06-15,sz.300290,4.49,4.56,4.46,4.49,4.49,9035900,40742819.0,0.0,1.4764,-6.667334,2.83079
2022-06-16,sz.300290,4.49,4.55,4.45,4.52,4.49,10206000,45964568.0,0.6682,1.6676,-6.711882,2.849704
2022-06-17,sz.300290,4.5,4.52,4.34,4.5,4.52,10980900,48770413.0,-0.4425,1.7942,-6.682183,2.837095
2022-06-20,sz.300290,4.52,4.58,4.49,4.53,4.5,11372650,51499555.0,0.6667,1.8582,-6.726731,2.856009
2022-06-21,sz.300290,4.56,4.63,4.48,4.54,4.53,10477650,47732605.0,0.2208,1.7119,-6.74158,2.862314
2022-06-22,sz.300290,4.57,4.57,4.38,4.4,4.54,9220900,40964509.0,-3.0837,1.5066,-6.53369,2.774048
2022-06-23,sz.300290,4.38,4.45,4.34,4.42,4.4,9824514,43212230.87,0.4545,1.6052,-6.563389,2.786658
2022-06-24,sz.300290,4.49,4.51,4.39,4.41,4.42,8488531,37676326.19,-0.2262,1.3869,-6.548539,2.780353
2022-06-27,sz.300290,4.41,4.42,4.35,4.38,4.41,8605250,37704292.0,-0.6803,1.406,-6.503991,2.761439
2022-06-28,sz.300290,4.36,4.55,4.34,4.53,4.38,14436240,64750902.2,3.4247,2.3587,-6.726731,2.856009
2022-06-29,sz.300290,4.56,4.56,4.38,4.4,4.53,9467600,42162477.0,-2.8698,1.5469,-6.53369,2.774048
2022-06-30,sz.300290,4.41,4.72,4.39,4.53,4.4,21405350,97594865.5,2.9545,3.4974,-6.726731,2.856009
2022-07-01,sz.300290,4.55,4.6,4.43,4.59,4.53,14449900,65210008.0,1.3245,2.361,-6.815827,2.893837
2022-07-04,sz.300290,4.59,4.64,4.45,4.5,4.59,9821600,44446273.0,-1.9608,1.6048,-6.682183,2.837095
2022-07-05,sz.300290,4.53,4.64,4.43,4.5,4.5,14235170,64293420.0,0.0,2.3259,-6.682183,2.837095
2022-07-06,sz.300290,4.5,4.52,4.37,4.41,4.5,8130500,35989440.0,-2.0,1.3284,-6.548539,2.780353
2022-07-07,sz.300290,4.38,4.44,4.37,4.4,4.41,5077950,22369104.34,-0.2268,0.8297,-6.53369,2.774048
2022-07-08,sz.300290,4.4,4.45,4.37,4.4,4.4,5698300,25147193.0,0.0,0.931,-6.53369,2.774048
2022-07-11,sz.300290,4.4,4.4,4.27,4.29,4.4,6054489,26080925.04,-2.5,0.9892,-6.370348,2.704697
2022-07-12,sz.300290,4.3,4.3,4.19,4.2,4.29,5120900,21669145.0,-2.0979,0.8367,-6.236704,2.647955
2022-07-13,sz.300290,4.22,4.23,4.18,4.19,4.2,5949400,25009466.0,-0.2381,0.9721,-6.221855,2.641651
2022-07-14,sz.300290,4.18,4.19,4.1,4.16,4.19,6965150,28911373.5,-0.716,1.138,-6.177307,2.622737
2022-07-15,sz.300290,4.18,4.19,4.0,4.06,4.16,8940550,36394652.0,-2.4038,1.4608,-6.028814,2.55969
2022-07-18,sz.300290,4.08,4.21,4.06,4.18,4.06,7795261,32388216.15,2.9557,1.2737,-6.207006,2.635346
2022-07-19,sz.300290,4.22,4.32,4.17,4.3,4.18,8641250,36801682.5,2.8708,1.4119,-6.385197,2.711002
2022-07-20,sz.300290,4.3,4.37,4.26,4.36,4.3,5256050,22750250.0,1.3953,0.8588,-6.474293,2.74883
2022-07-21,sz.300290,4.37,4.42,4.33,4.37,4.36,6963650,30518628.5,0.2294,1.1378,-6.489142,2.755134
2022-07-22,sz.300290,4.37,4.44,4.31,4.36,4.37,5693500,24867256.0,-0.2288,0.9303,-6.474293,2.74883
2022-07-25,sz.300290,4.37,4.4,4.25,4.26,4.36,5614550,24191192.0,-2.2936,0.9174,-6.3258,2.685783
2022-07-26,sz.300290,4.27,4.33,4.2,4.31,4.26,7229642,30762486.6,1.1737,1.1813,-6.400046,2.717307
2022-07-27,sz.300290,4.31,4.39,4.29,4.37,4.31,7759400,33647026.0,1.3921,1.2678,-6.489142,2.755134
2022-07-28,sz.300290,4.36,4.42,4.33,4.33,4.37,7626950,33311946.0,-0.9153,1.2462,-6.429745,2.729916
2022-07-29,sz.300290,4.36,4.46,4.3,4.39,4.33,12054500,52848408.5,1.3857,1.9696,-6.518841,2.767744
2022-08-01,sz.300290,4.39,4.49,4.35,4.47,4.39,9111239,40526261.93,1.8223,1.4887,-6.637635,2.818181
2022-08-02,sz.300290,4.44,4.44,4.2,4.26,4.47,15893116,68571293.44,-4.698,2.5968,-6.3258,2.685783
2022-08-03,sz.300290,4.27,4.38,4.18,4.19,4.26,9442100,40507275.5,-1.6432,1.5427,-6.221855,2.641651
2022-08-04,sz.300290,4.2,4.44,4.19,4.39,4.19,10718950,46523474.0,4.7733,1.7514,-6.518841,2.767744
2022-08-05,sz.300290,4.41,4.49,4.37,4.48,4.39,9727800,43139792.0,2.0501,1.5894,-6.652484,2.824486
2022-08-08,sz.300290,4.47,4.56,4.43,4.48,4.48,8083056,36131391.82,0.0,1.3207,-6.652484,2.824486
2022-08-09,sz.300290,4.48,4.51,4.39,4.41,4.48,6455000,28513883.0,-1.5625,1.0547,-6.548539,2.780353
2022-08-10,sz.300290,4.37,4.44,4.34,4.38,4.41,5154550,22618752.5,-0.6803,0.8422,-6.503991,2.761439
2022-08-11,sz.300290,4.42,4.51,4.38,4.49,4.38,7790800,34850735.0,2.5114,1.2729,-6.667334,2.83079
2022-08-12,sz.300290,4.49,4.59,4.46,4.56,4.49,8253450,37603755.5,1.559,1.3485,-6.771279,2.874923
2022-08-15,sz.300290,4.55,4.6,4.43,4.6,4.56,10415250,47087397.5,0.8772,1.7018,-6.830676,2.900142
2022-08-16,sz.300290,4.57,4.66,4.49,4.52,4.6,8441700,38229029.0,-1.7391,1.3793,-6.711882,2.849704
2022-08-17,sz.300290,4.51,4.56,4.49,4.53,4.52,6109200,27606927.0,0.2212,0.9982,-6.726731,2.856009
2022-08-18,sz.300290,4.51,4.54,4.44,4.47,4.53,7296150,32626561.95,-1.3245,1.1921,-6.637635,2.818181
2022-08-19,sz.300290,4.46,4.96,4.46,4.81,4.47,36502905,172886355.1,7.6063,5.9642,-7.142511,3.032539
2022-08-22,sz.300290,4.85,5.09,4.82,4.82,4.81,31286100,153524886.5,0.2079,5.1118,-7.15736,3.038844
2022-08-23,sz.300290,4.85,4.93,4.76,4.88,4.82,14222567,68881569.78,1.2448,2.3238,-7.246456,3.076672
2022-08-24,sz.300290,4.86,4.93,4.66,4.69,4.88,12699464,60557378.44,-3.8934,2.075,-6.96432,2.956883
2022-08-25,sz.300290,4.69,4.74,4.52,4.59,4.69,10210300,46807908.0,-2.1322,1.6683,-6.815827,2.893837
2022-08-26,sz.300290,4.65,4.66,4.52,4.55,4.59,7743900,35521028.0,-0.8715,1.2653,-6.756429,2.868618
2022-08-29,sz.300290,4.52,4.77,4.36,4.7,4.55,11845150,54574824.5,3.2967,1.9354,-6.979169,2.963188
2022-08-30,sz.300290,4.71,4.85,4.66,4.75,4.7,21461450,102207142.0,1.0638,3.4919,-7.667121,2.874373
2022-08-31,sz.300290,4.77,4.84,4.55,4.55,4.75,15131400,70678955.0,-4.2105,2.462,-7.344295,2.753347
2022-09-01,sz.300290,4.59,4.74,4.56,4.6,4.55,10041900,46658048.0,1.0989,1.6339,-7.425001,2.783604
2022-09-02,sz.300290,4.56,4.81,4.56,4.78,4.6,11232155,53095531.15,3.913,1.8276,-7.715545,2.892527
2022-09-05,sz.300290,4.8,4.85,4.69,4.73,4.78,9317000,44073964.0,-1.046,1.5159,-7.634838,2.862271
2022-09-06,sz.300290,4.75,4.75,4.61,4.7,4.73,11099700,51788349.0,-0.6342,1.806,-7.586415,2.844117
2022-09-07,sz.300290,4.7,4.74,4.64,4.74,4.7,7593700,35595223.0,0.8511,1.2356,-7.65098,2.868322
2022-09-08,sz.300290,4.7,4.73,4.6,4.61,4.74,7339800,34088166.0,-2.7426,1.1942,-7.441143,2.789655
2022-09-09,sz.300290,4.61,4.67,4.57,4.64,4.61,5121000,23717198.0,0.6508,0.8332,-7.489567,2.807809
2022-09-13,sz.300290,4.68,4.7,4.55,4.58,4.64,7684400,35536614.0,-1.2931,1.2503,-7.392719,2.771501
2022-09-14,sz.300290,4.5,4.58,4.49,4.56,4.58,7306050,33064830.5,-0.4367,1.1887,-7.360436,2.759398
2022-09-15,sz.300290,4.54,4.58,4.34,4.39,4.56,9774300,43258071.61,-3.7281,1.5904,-7.086034,2.656526
2022-09-16,sz.300290,4.41,4.5,4.36,4.36,4.39,8769500,38820630.0,-0.6834,1.4269,-7.03761,2.638372
2022-09-19,sz.300290,4.36,4.38,4.19,4.24,4.36,7933050,33784331.0,-2.7523,1.2908,-6.843914,2.565756
2022-09-20,sz.300290,4.3,4.34,4.25,4.27,4.24,5325250,22814530.5,0.7075,0.8665,-6.892338,2.58391
2022-09-21,sz.300290,4.27,4.39,4.13,4.36,4.27,6589100,28087882.0,2.1077,1.0721,-7.03761,2.638372
2022-09-22,sz.300290,4.33,4.45,4.32,4.35,4.36,5493150,24112060.5,-0.2294,0.8938,-7.021469,2.632321
2022-09-23,sz.300290,4.39,4.39,4.17,4.18,4.35,6275200,26613615.0,-3.908,1.021,-6.747067,2.529448
2022-09-26,sz.300290,4.14,4.2,4.03,4.06,4.18,5575900,22893138.0,-2.8708,0.9072,-6.553371,2.456833
2022-09-27,sz.300290,4.07,4.19,4.07,4.18,4.06,5200800,21591126.0,2.9557,0.8462,-6.747067,2.529448
2022-09-28,sz.300290,4.19,4.2,4.02,4.03,4.18,4915730,20086802.8,-3.5885,0.7998,-6.504947,2.438679
2022-09-29,sz.300290,4.06,4.14,3.97,3.97,4.03,6179600,24970744.0,-1.4888,1.0055,-6.408099,2.402371
2022-09-30,sz.300290,4.0,4.03,3.92,3.96,3.97,6818150,27035542.0,-0.2519,1.1094,-6.391958,2.39632
2022-10-10,sz.300290,3.96,3.99,3.83,3.86,3.96,7653521,29791721.19,-2.5253,1.2453,-6.230545,2.335806
2022-10-11,sz.300290,3.89,3.9,3.78,3.84,3.86,5769800,22139719.0,-0.5181,0.9388,-6.198262,2.323704
2022-10-12,sz.300290,3.83,3.99,3.8,3.99,3.84,7716250,30071826.0,3.9063,1.2408,-6.440382,2.414474
2022-10-13,sz.300290,3.97,4.21,3.95,4.17,3.99,10965936,45160180.76,4.5113,1.7633,-6.730925,2.523397
2022-10-14,sz.300290,4.15,4.37,4.15,4.32,4.17,12961687,55062562.14,3.5971,2.0826,-6.973045,2.614167
2022-10-17,sz.300290,4.28,4.52,4.26,4.44,4.32,13142150,58197902.0,2.7778,2.1116,-7.166741,2.686783
2022-10-18,sz.300290,4.45,4.47,4.35,4.38,4.44,8751450,38471764.5,-1.3514,1.4061,-7.069893,2.650475
2022-10-19,sz.300290,4.38,4.42,4.29,4.35,4.38,6689700,29179349.0,-0.6849,1.0749,-7.021469,2.632321
2022-10-20,sz.300290,4.35,4.48,4.29,4.44,4.35,9355500,41370578.5,2.069,1.5032,-7.166741,2.686783
2022-10-21,sz.300290,4.48,4.5,4.37,4.46,4.44,6840926,30325062.94,0.4505,1.0992,-7.199023,2.698885
2022-10-24,sz.300290,4.45,4.54,4.34,4.37,4.46,9857806,43759557.46,-2.0179,1.5839,-7.053751,2.644423
2022-10-25,sz.300290,4.35,4.43,4.24,4.31,4.37,9069850,39266382.32,-1.373,1.4573,-6.956904,2.608116
2022-10-26,sz.300290,4.37,4.61,4.29,4.6,4.31,18027200,81450709.0,6.7285,2.8965,-7.425001,2.783604
2022-10-27,sz.300290,4.67,4.82,4.53,4.73,4.6,22256750,104856095.0,2.8261,3.5761,-7.634838,2.862271
2022-10-28,sz.300290,4.73,5.0,4.68,4.73,4.73,33646436,161992569.34,0.0,5.4061,-7.72151,2.840604
2022-10-31,sz.300290,4.8,4.95,4.75,4.83,4.73,30595223,148588287.44,2.1142,4.9158,-7.884756,2.900659
2022-11-01,sz.300290,4.9,5.05,4.77,4.95,4.83,31513100,155182576.5,2.4845,5.0633,-8.08065,2.972725
2022-11-02,sz.300290,4.9,5.08,4.85,4.93,4.95,25830756,128245533.4,-0.404,4.1503,-8.048001,2.960714
2022-11-03,sz.300290,4.87,4.96,4.75,4.93,4.93,26364450,128337342.5,0.0,4.2361,-8.048001,2.960714
2022-11-04,sz.300290,4.89,4.95,4.83,4.87,4.93,16991450,83144792.5,-1.217,2.7301,-7.950054,2.924681
2022-11-07,sz.300290,4.84,5.01,4.82,5.0,4.87,21632159,107495822.32,2.6694,3.4757,-8.162273,3.002753
2022-11-08,sz.300290,4.99,5.0,4.85,4.98,5.0,17263200,85168301.0,-0.4,2.7737,-8.129624,2.990742
2022-11-09,sz.300290,4.94,5.07,4.86,5.01,4.98,16054300,80188929.0,0.6024,2.5795,-8.178597,3.008758
2022-11-10,sz.300290,4.98,5.32,4.95,5.13,5.01,34216900,176392795.8,2.3952,5.4978,-8.374492,3.080824
2022-11-11,sz.300290,5.23,5.56,5.05,5.17,5.13,61177189,322977176.33,0.7797,9.8296,-8.43979,3.104846
2022-11-14,sz.300290,5.08,5.28,5.02,5.18,5.17,40786351,208933668.02,0.1934,6.5533,-8.456115,3.110852
2022-11-15,sz.300290,5.23,5.45,5.18,5.21,5.18,37702147,199347467.88,0.5792,6.0577,-8.505088,3.128868
2022-11-16,sz.300290,5.14,5.37,5.1,5.27,5.21,30217580,159533679.6,1.1516,4.8552,-8.603036,3.164901
2022-11-17,sz.300290,5.22,5.4,5.2,5.37,5.27,27966350,148424742.5,1.8975,4.4935,-8.766281,3.224956
2022-11-18,sz.300290,5.37,5.54,5.29,5.3,5.37,34705776,188252990.07,-1.3035,5.5763,-8.652009,3.182918
2022-11-21,sz.300290,5.26,5.34,5.13,5.2,5.3,26099180,135673270.6,-1.8868,4.1935,-8.488764,3.122863
2022-11-22,sz.300290,5.2,5.27,5.0,5.1,5.2,20976060,107648892.3,-1.9231,3.3703,-8.325518,3.062808
2022-11-23,sz.300290,5.08,5.11,4.8,4.96,5.1,21208650,104517262.5,-2.7451,3.4077,-8.096975,2.978731
2022-11-24,sz.300290,5.0,5.06,4.95,5.0,4.96,10808000,54026012.0,0.8065,1.7366,-8.162273,3.002753
2022-11-25,sz.300290,4.97,5.01,4.84,4.84,5.0,9949100,48733012.0,-3.2,1.5986,-7.90108,2.906665
2022-11-28,sz.300290,4.76,4.91,4.76,4.81,4.84,11621600,56238023.0,-0.6198,1.8673,-7.852106,2.888648
2022-11-29,sz.300290,4.75,4.88,4.75,4.8,4.81,13665550,65559847.25,-0.2079,2.1957,-7.835782,2.882643
2022-11-30,sz.300290,4.75,4.8,4.6,4.65,4.8,16696150,78023555.0,-3.125,2.6826,-7.590914,2.79256
2022-12-01,sz.300290,4.66,4.78,4.63,4.77,4.65,12033850,56819876.0,2.5806,1.9335,-7.786808,2.864626
2022-12-02,sz.300290,4.74,5.31,4.74,5.08,4.77,41341600,210989660.5,6.499,6.6425,-8.292869,3.050797
2022-12-05,sz.300290,5.1,5.27,5.04,5.18,5.08,25884600,133542491.0,1.9685,4.159,-8.456115,3.110852
2022-12-06,sz.300290,5.14,5.43,5.09,5.2,5.18,27200750,143186143.5,0.3861,4.3704,-8.488764,3.122863
2022-12-07,sz.300290,5.23,5.27,5.08,5.21,5.2,19504950,100728504.23,0.1923,3.1339,-8.505088,3.128868
2022-12-08,sz.300290,5.25,5.39,5.05,5.09,5.21,19199350,98684719.0,-2.3033,3.0848,-8.309194,3.056802
2022-12-09,sz.300290,5.09,5.09,4.87,4.89,5.09,19658950,97044781.5,-3.9293,3.1587,-7.982703,2.936692
2022-12-12,sz.300290,4.91,4.98,4.81,4.96,4.89,16411150,80431374.0,1.4315,2.6368,-8.096975,2.978731
2022-12-13,sz.300290,5.21,5.37,4.96,5.05,4.96,34556350,177727231.5,1.8145,5.5523,-8.243896,3.03278
2022-12-14,sz.300290,4.92,5.01,4.81,4.86,5.05,21331109,104639351.42,-3.7624,3.4273,-7.933729,2.918676
2022-12-15,sz.300290,4.85,5.03,4.78,4.91,4.86,16395626,81044581.56,1.0288,2.6343,-8.015352,2.948703
2022-12-16,sz.300290,4.91,4.93,4.73,4.75,4.91,15978950,76389236.5,-3.2587,2.5674,-7.754159,2.852615
2022-12-19,sz.300290,4.75,4.81,4.54,4.56,4.75,13380500,61773606.0,-4.0,2.1499,-7.443993,2.73851
2022-12-20,sz.300290,4.65,4.65,4.45,4.47,4.56,11371600,51165878.0,-1.9737,1.8271,-7.297072,2.684461
2022-12-21,sz.300290,4.48,4.51,4.4,4.43,4.47,8441800,37624793.0,-0.8949,1.3564,-7.231774,2.660439
2022-12-22,sz.300290,4.43,4.55,4.41,4.42,4.43,8844700,39520846.0,-0.2257,1.4211,-7.215449,2.654433
2022-12-23,sz.300290,4.38,4.54,4.36,4.47,4.42,8976100,40175321.0,1.1312,1.4422,-7.297072,2.684461
2022-12-26,sz.300290,4.49,4.57,4.45,4.49,4.47,7980400,35967311.0,0.4474,1.2822,-7.329721,2.696472
2022-12-27,sz.300290,4.51,4.52,4.37,4.4,4.49,8973250,39589253.0,-2.0045,1.4418,-7.1828,2.642422
2022-12-28,sz.300290,4.38,4.43,4.31,4.33,4.4,9041153,39285133.49,-1.5909,1.4496,-7.083124,2.605754
2022-12-29,sz.300290,4.31,4.48,4.31,4.42,4.33,9190773,40615659.66,2.0785,1.4736,-7.230349,2.659915
2022-12-30,sz.300290,4.41,4.58,4.39,4.5,4.42,9525000,42891662.0,1.81,1.5272,-7.361215,2.708058
2023-01-03,sz.300290,4.5,4.88,4.48,4.86,4.5,20380509,96419331.53,8.0,3.2677,-7.950112,2.924703
2023-01-04,sz.300290,4.86,5.14,4.83,5.09,4.86,23971650,120628978.0,4.7325,3.8435,-8.326352,3.063114
2023-01-05,sz.300290,5.09,5.13,5.03,5.08,5.09,15486800,78666850.0,-0.1965,2.4831,-8.309994,3.057097
2023-01-06,sz.300290,5.03,5.11,4.88,4.9,5.08,14123100,69989312.0,-3.5433,2.2644,-8.015545,2.948774
2023-01-09,sz.300290,4.93,4.95,4.8,4.84,4.9,11079200,53685990.0,-1.2245,1.7764,-7.917395,2.912667
2023-01-10,sz.300290,4.89,4.89,4.74,4.8,4.84,9107003,43763860.28,-0.8264,1.4602,-7.851962,2.888595
2023-01-11,sz.300290,4.72,4.74,4.51,4.56,4.8,21535950,99689678.5,-5.0,3.4529,-7.459364,2.744165
2023-01-12,sz.300290,4.57,4.6,4.45,4.49,4.56,14370600,64992308.0,-1.5351,2.3041,-7.344857,2.70204
2023-01-13,sz.300290,4.54,4.55,4.39,4.45,4.49,10988300,48833724.0,-0.8909,1.7618,-7.279424,2.677968
2023-01-16,sz.300290,4.45,4.55,4.41,4.51,4.45,10994400,49633662.0,1.3483,1.7628,-7.377573,2.714076
2023-01-17,sz.300290,4.52,4.53,4.4,4.41,4.51,9142600,40663139.0,-2.2173,1.4659,-7.213991,2.653897
2023-01-18,sz.300290,4.4,4.58,4.37,4.58,4.41,13419750,60433375.0,3.8549,2.1516,-7.492081,2.756201
2023-01-19,sz.300290,4.53,4.82,4.53,4.78,4.58,19762944,93470504.9,4.3668,3.1687,-7.819246,2.876559
2023-01-20,sz.300290,4.75,4.94,4.7,4.83,4.78,16745400,81163309.0,1.046,2.6849,-7.901037,2.906649
2023-01-30,sz.300290,4.78,4.91,4.75,4.89,4.83,18975750,91716087.5,1.2422,3.0425,-7.999187,2.942756
2023-01-31,sz.300290,4.89,4.89,4.77,4.79,4.89,12515453,60160266.9,-2.045,2.0066,-7.835604,2.882577
2023-02-01,sz.300290,4.81,5.08,4.75,5.02,4.79,19241050,95066677.0,4.8017,3.085,-8.211844,3.020989
2023-02-02,sz.300290,5.0,5.08,4.95,4.98,5.02,14784150,73921274.22,-0.7968,2.3704,-8.146411,2.996917
2023-02-03,sz.300290,4.99,5.17,4.93,5.15,4.98,23770850,120426166.0,3.4137,3.8113,-8.424501,3.099222
2023-02-06,sz.300290,5.1,5.2,5.03,5.14,5.15,16242307,83181862.12,-0.1942,2.6042,-8.408143,3.093204
2023-02-07,sz.300290,5.14,5.16,5.03,5.12,5.14,16930107,86058552.35,-0.3891,2.7145,-8.375427,3.081168
2023-02-08,sz.300290,5.15,5.15,5.01,5.05,5.12,12544150,63530460.5,-1.3672,2.0112,-8.260919,3.039043
2023-02-09,sz.300290,5.04,5.14,4.96,5.11,5.05,12561450,63532211.0,1.1881,2.014,-8.359068,3.07515
2023-02-10,sz.300290,5.14,5.19,5.07,5.1,5.11,11866450,60888812.5,-0.1957,1.9026,-8.34271,3.069132
2023-02-13,sz.300290,5.1,5.2,5.03,5.15,5.1,13381350,68335911.0,0.9804,2.1455,-8.424501,3.099222
2023-02-14,sz.300290,5.13,5.18,5.04,5.07,5.15,9809050,49967883.08,-1.5534,1.5727,-8.293635,3.051079
2023-02-15,sz.300290,5.07,5.24,5.04,5.21,5.07,17080342,88453426.64,2.7613,2.7386,-8.522651,3.135329
2023-02-16,sz.300290,5.21,5.29,5.03,5.08,5.21,17535061,90754190.64,-2.4952,2.8115,-8.309994,3.057097
2023-02-17,sz.300290,5.11,5.2,4.93,4.95,5.08,15208825,76149940.25,-2.5591,2.4385,-8.097336,2.978864
2023-02-20,sz.300290,4.95,4.99,4.87,4.98,4.95,10848700,53583248.0,0.6061,1.7394,-8.146411,2.996917
2023-02-21,sz.300290,4.99,5.21,4.96,5.1,4.98,21442245,109519933.9,2.4096,3.4379,-8.34271,3.069132
2023-02-22,sz.300290,5.06,5.19,4.93,5.16,5.1,19840100,100852984.0,1.1765,3.181,-8.44086,3.10524
2023-02-23,sz.300290,5.17,5.17,4.96,4.99,5.16,15444300,77596602.0,-3.2946,2.4762,-8.162769,3.002935
2023-02-24,sz.300290,5.02,5.12,4.99,5.04,4.99,12179500,61499257.0,1.002,1.9528,-8.244561,3.033025
2023-02-27,sz.300290,5.04,5.04,4.88,4.88,5.04,11111900,54866506.0,-3.1746,1.7816,-7.982829,2.936738
2023-02-28,sz.300290,4.93,5.1,4.91,5.01,4.88,15124400,75798425.0,2.6639,2.425,-8.195486,3.014971
2023-03-01,sz.300290,4.98,5.25,4.98,5.21,5.01,26486201,136742340.57,3.992,4.2466,-8.522651,3.135329
2023-03-02,sz.300290,5.22,5.28,5.15,5.18,5.21,14093451,73319486.75,-0.5758,2.2597,-8.473576,3.117276
2023-03-03,sz.300290,5.23,5.23,5.05,5.11,5.18,13953537,71303796.55,-1.3514,2.2372,-8.359068,3.07515
2023-03-06,sz.300290,5.14,5.22,5.09,5.12,5.11,12766300,65540328.0,0.1957,2.0469,-8.375427,3.081168
2023-03-07,sz.300290,5.12,5.14,4.93,4.94,5.12,15784547,78988230.47,-3.5156,2.5308,-8.080978,2.972846
2023-03-08,sz.300290,4.96,5.08,4.92,5.08,4.94,12369815,62169391.38,2.834,1.9833,-8.309994,3.057097
2023-03-09,sz.300290,5.1,5.23,4.97,5.18,5.08,17431800,89183088.0,1.9685,2.7949,-8.473576,3.117276
2023-03-10,sz.300290,5.13,5.33,5.11,5.28,5.18,28693650,150498276.5,1.9305,4.6006,-8.637159,3.177455
2023-03-13,sz.300290,5.23,5.37,5.14,5.37,5.28,39870400,211345026.5,1.7045,6.3926,-8.784383,3.231616
2023-03-14,sz.300290,5.28,5.32,5.15,5.23,5.37,26707173,139819483.52,-2.6071,4.2821,-8.555367,3.147365
2023-03-15,sz.300290,5.25,5.25,5.09,5.1,5.23,22460100,115498483.5,-2.4857,3.6011,-8.34271,3.069132
2023-03-16,sz.300290,5.09,5.15,4.98,5.05,5.1,18800750,95126514.0,-0.9804,3.0144,-8.260919,3.039043
2023-03-17,sz.300290,5.13,5.23,5.08,5.18,5.05,23224108,120498043.54,2.5743,3.7236,-8.473576,3.117276
2023-03-20,sz.300290,5.21,5.29,5.05,5.07,5.18,21602000,111012890.5,-2.1236,3.4635,-8.293635,3.051079
2023-03-21,sz.300290,5.04,5.23,4.99,5.23,5.07,25612950,131637648.0,3.1558,4.1066,-8.555367,3.147365
2023-03-22,sz.300290,5.22,5.37,5.16,5.33,5.23,28749642,152091460.24,1.912,4.6095,-8.71895,3.207544
2023-03-23,sz.300290,5.3,5.37,5.27,5.37,5.33,21732842,115898012.52,0.7505,3.4845,-8.784383,3.231616
2023-03-24,sz.300290,5.54,5.72,5.33,5.47,5.37,50855057,277766431.31,1.8622,8.1538,-8.947966,3.291795
2023-03-27,sz.300290,5.46,5.63,5.4,5.61,5.47,50729804,280425246.75,2.5594,8.1337,-9.176981,3.376046
2023-03-28,sz.300290,5.56,5.56,5.39,5.4,5.61,28932423,157812814.27,-3.7433,4.6388,-8.833458,3.24967
2023-03-29,sz.300290,5.41,5.48,5.31,5.36,5.4,19445004,104893513.8,-0.7407,3.1177,-8.768025,3.225598
2023-03-30,sz.300290,5.38,5.38,5.17,5.19,5.36,21969600,115251955.0,-3.1716,3.5225,-8.489934,3.123293
2023-03-31,sz.300290,5.17,5.36,5.11,5.33,5.19,22653797,118906787.57,2.6975,3.6322,-8.71895,3.207544
2023-04-03,sz.300290,5.28,5.47,5.22,5.44,5.33,24709000,132507909.0,2.0638,3.9617,-8.898891,3.273741
2023-04-04,sz.300290,5.43,5.49,5.31,5.42,5.44,20690150,111793318.5,-0.3676,3.3173,-8.866174,3.261705
2023-04-06,sz.300290,5.38,5.5,5.28,5.4,5.42,18804300,101183121.5,-0.369,3.015,-8.833458,3.24967
2023-04-07,sz.300290,5.46,5.85,5.33,5.79,5.4,68167629,385921267.75,7.2222,10.9296,-9.47143,3.484368
2023-04-10,sz.300290,5.86,5.91,5.4,5.43,5.79,61289750,345494549.0,-6.2176,9.8268,-8.882533,3.267723
2023-04-11,sz.300290,5.36,5.64,5.32,5.59,5.43,43493836,239797216.32,2.9466,6.9735,-9.144265,3.36401
2023-04-12,sz.300290,5.57,5.69,5.52,5.65,5.59,31599100,177613041.5,1.0733,5.0664,-9.242414,3.400117
2023-04-13,sz.300290,5.62,5.77,5.58,5.61,5.65,33842400,191330665.0,-0.708,5.4261,-9.176981,3.376046
2023-04-14,sz.300290,5.61,5.7,5.46,5.55,5.61,23169750,129063491.0,-1.0695,3.7149,-9.078832,3.339938
2023-04-17,sz.300290,5.56,6.12,5.53,5.9,5.55,80534729,470748846.4,6.3063,12.9124,-9.651371,3.550565
2023-04-18,sz.300290,5.7,5.72,5.29,5.5,5.9,61504776,341874103.48,-6.7797,9.8637,-8.99704,3.309849
2023-04-19,sz.300290,5.55,5.98,5.45,5.46,5.5,48636151,275089576.95,-0.7273,7.6157,-8.931607,3.285777
2023-04-20,sz.300290,5.43,5.59,5.38,5.43,5.46,34878675,190632592.5,-0.5495,5.4615,-8.882533,3.267723
2023-04-21,sz.300290,5.35,5.55,4.81,4.81,5.43,53093600,270294737.0,-11.418,8.3137,-13.680583,3.801655
2023-04-24,sz.300290,4.8,4.94,4.71,4.78,4.81,27261800,131187574.0,-0.6237,4.2688,-13.595257,3.777944
2023-04-25,sz.300290,4.74,4.82,4.56,4.6,4.78,21579800,100640517.0,-3.7657,3.3791,-13.083302,3.635678
2023-04-26,sz.300290,4.6,4.65,4.39,4.43,4.6,22601200,101435728.5,-3.6957,3.539,-12.599788,3.501316
2023-04-27,sz.300290,4.39,4.54,4.34,4.39,4.43,16033950,71413171.5,-0.9029,2.5107,-12.486021,3.469701
2023-04-28,sz.300290,4.41,4.73,4.41,4.69,4.39,20706050,95562017.0,6.8337,3.2423,-14.526132,3.728628
2023-05-04,sz.300290,4.7,4.79,4.61,4.75,4.69,16415600,77019859.0,1.2793,2.5705,-14.711968,3.776329
2023-05-05,sz.300290,4.76,4.84,4.65,4.79,4.75,12812200,60799114.5,0.8421,2.0062,-14.835858,3.80813
2023-05-08,sz.300290,4.71,4.94,4.71,4.88,4.79,14754650,71367128.5,1.8789,2.3104,-15.114611,3.879681
2023-05-09,sz.300290,4.88,4.94,4.78,4.79,4.88,16069050,78162349.5,-1.8443,2.5162,-14.835858,3.80813
2023-05-10,sz.300290,4.75,4.89,4.71,4.76,4.79,13346250,63807097.0,-0.6263,2.0898,-14.74294,3.784279
2023-05-11,sz.300290,4.79,4.84,4.71,4.74,4.76,9668350,46052854.0,-0.4202,1.5139,-14.680995,3.768379
2023-05-12,sz.300290,4.7,4.8,4.68,4.73,4.74,10353600,49043635.0,-0.211,1.6212,-14.650023,3.760429
2023-05-15,sz.300290,4.7,4.72,4.51,4.61,4.73,13100050,60177097.5,-2.537,2.0513,-14.278352,3.665027
2023-05-16,sz.300290,4.59,4.8,4.5,4.72,4.61,23781893,110640903.64,2.3861,3.7239,-14.61905,3.752479
2023-05-17,sz.300290,4.54,4.69,4.42,4.64,4.72,21366395,98352689.7,-1.6949,3.3457,-14.37127,3.688877
2023-05-18,sz.300290,4.64,4.81,4.61,4.77,4.64,16066415,76206411.6,2.8017,2.5158,-14.773913,3.79223
2023-05-19,sz.300290,4.79,4.84,4.73,4.8,4.77,13291165,63576650.7,0.6289,2.0812,-14.866831,3.81608
2023-05-22,sz.300290,4.77,4.83,4.74,4.82,4.8,12193750,58394647.5,0.4167,1.9094,-14.928776,3.83198
2023-05-23,sz.300290,4.82,4.83,4.68,4.68,4.82,10905400,51675325.0,-2.9046,1.7076,-14.49516,3.720678
2023-05-24,sz.300290,4.69,4.78,4.64,4.73,4.68,7983026,37644873.16,1.0684,1.25,-14.650023,3.760429
2023-05-25,sz.300290,4.68,4.74,4.52,4.63,4.73,12497650,57725068.0,-2.1142,1.957,-14.340297,3.680927
2023-05-26,sz.300290,4.63,4.85,4.62,4.8,4.63,14060500,66836871.0,3.6717,2.2017,-14.866831,3.81608
2023-05-29,sz.300290,4.79,4.83,4.74,4.77,4.8,11654250,55732756.5,-0.625,1.8249,-14.773913,3.79223
2023-05-30,sz.300290,4.77,4.89,4.65,4.88,4.77,15690200,75329213.0,2.3061,2.4569,-15.114611,3.879681
2023-05-31,sz.300290,4.87,4.96,4.85,4.96,4.88,14656900,72177902.0,1.6393,2.2951,-15.362392,3.943283
2023-06-01,sz.300290,4.9,5.07,4.87,5.03,4.96,17119800,85386403.0,1.4113,2.6807,-15.5792,3.998934
2023-06-02,sz.300290,5.07,5.1,4.99,5.01,5.03,13719386,69073444.0,-0.3976,2.1483,-15.517254,3.983034
2023-06-05,sz.300290,5.03,5.1,5.0,5.06,5.01,10496336,53221734.8,0.998,1.6436,-15.672117,4.022785
2023-06-06,sz.300290,5.06,5.09,4.93,4.95,5.06,13887200,69762965.5,-2.1739,2.1745,-15.331419,3.935333
2023-06-07,sz.300290,4.94,5.13,4.91,5.1,4.95,19712465,99772098.05,3.0303,3.0867,-15.796007,4.054585
2023-06-08,sz.300290,5.09,5.1,4.99,5.07,5.1,12345600,62347138.0,-0.5882,1.9331,-15.70309,4.030735
2023-06-09,sz.300290,5.03,5.15,5.01,5.13,5.07,11885100,60476579.0,1.1834,1.861,-15.888925,4.078436
2023-06-12,sz.300290,5.11,5.15,5.07,5.13,5.13,10784850,55150996.0,0.0,1.6888,-15.888925,4.078436
2023-06-13,sz.300290,5.16,5.19,5.08,5.17,5.13,10757050,55455880.5,0.7797,1.6844,-16.012815,4.110236
2023-06-14,sz.300290,5.14,5.21,5.09,5.11,5.17,13303200,68410292.0,-1.1605,2.0831,-15.82698,4.062535
2023-06-15,sz.300290,5.12,5.13,5.0,5.02,5.11,11983050,60494110.5,-1.7613,1.8764,-15.548227,3.990984
2023-06-16,sz.300290,5.02,5.18,4.98,5.14,5.02,11846250,60589571.5,2.3904,1.855,-15.919898,4.086386
2023-06-19,sz.300290,5.15,5.2,5.07,5.14,5.14,12087600,62062529.0,0.0,1.8928,-15.919898,4.086386
2023-06-20,sz.300290,5.13,5.18,5.05,5.15,5.14,12224000,62511945.0,0.1946,1.9141,-15.95087,4.094336
2023-06-21,sz.300290,5.14,5.16,5.01,5.02,5.15,10693750,54049547.0,-2.5243,1.6745,-15.548227,3.990984
2023-06-26,sz.300290,4.95,4.99,4.72,4.75,5.02,13994350,67552991.0,-5.3785,2.1913,-14.711968,3.776329
2023-06-27,sz.300290,4.78,4.82,4.7,4.74,4.75,13058350,62067235.0,-0.2105,2.0448,-14.680995,3.768379
2023-06-28,sz.300290,4.72,4.75,4.52,4.69,4.74,14200845,65703183.5,-1.0549,2.2237,-14.526132,3.728628
2023-06-29,sz.300290,4.66,4.8,4.66,4.77,4.69,8833300,41777225.0,1.7058,1.3832,-14.773913,3.79223
2023-06-30,sz.300290,4.74,4.85,4.72,4.8,4.77,9408850,44945887.5,0.6289,1.4719,-14.866831,3.81608
2023-07-03,sz.300290,4.82,4.87,4.72,4.8,4.8,12378250,59296213.5,0.0,1.9383,-14.866831,3.81608
2023-07-04,sz.300290,4.8,4.92,4.77,4.87,4.8,10646950,51736769.0,1.4583,1.6672,-15.083638,3.871731
2023-07-05,sz.300290,4.87,4.97,4.79,4.8,4.87,12237050,59597605.0,-1.4374,1.9162,-14.866831,3.81608
2023-07-06,sz.300290,4.79,4.85,4.76,4.78,4.8,8613250,41343883.0,-0.4167,1.3487,-14.804885,3.80018
2023-07-07,sz.300290,4.75,4.75,4.62,4.69,4.78,10157400,47580296.0,-1.8828,1.5905,-14.526132,3.728628
2023-07-10,sz.300290,4.68,4.75,4.66,4.67,4.69,6881850,32241550.0,-0.4264,1.0776,-14.464187,3.712728
2023-07-11,sz.300290,4.69,4.74,4.65,4.71,4.67,7057050,33164206.5,0.8565,1.105,-14.588077,3.744529
2023-07-12,sz.300290,4.72,4.73,4.57,4.58,4.71,8524350,39534524.5,-2.7601,1.3348,-14.185434,3.641176
2023-07-13,sz.300290,4.59,4.68,4.56,4.63,4.58,8388003,38758550.21,1.0917,1.3134,-14.340297,3.680927
2023-07-14,sz.300290,4.67,4.8,4.63,4.75,4.63,11733253,55709905.72,2.5918,1.8373,-14.711968,3.776329
2023-07-17,sz.300290,4.85,5.05,4.75,5.02,4.75,27547553,134974752.23,5.6842,4.3136,-15.548227,3.990984
2023-07-18,sz.300290,5.0,5.01,4.76,4.8,5.02,23984300,116159071.0,-4.3825,3.7556,-14.866831,3.81608
2023-07-19,sz.300290,4.81,4.85,4.68,4.71,4.8,16654600,78997985.5,-1.875,2.6079,-14.588077,3.744529
2023-07-20,sz.300290,4.72,4.72,4.58,4.59,4.71,14096300,65388130.0,-2.5478,2.2073,-14.216407,3.649127
2023-07-21,sz.300290,4.57,4.65,4.55,4.59,4.59,10804600,49619598.0,0.0,1.6919,-14.216407,3.649127
2023-07-24,sz.300290,4.56,4.66,4.52,4.59,4.59,8668400,39919829.5,0.0,1.3574,-14.216407,3.649127
2023-07-25,sz.300290,4.63,4.68,4.6,4.67,4.59,11774050,54807242.0,1.7429,1.8437,-14.464187,3.712728
2023-07-26,sz.300290,4.66,4.69,4.58,4.61,4.67,9902600,45743583.5,-1.2848,1.5506,-14.278352,3.665027
2023-07-27,sz.300290,4.62,4.63,4.52,4.54,4.61,9186550,41963616.0,-1.5184,1.4385,-14.061544,3.609376
2023-07-28,sz.300290,4.53,4.63,4.47,4.63,4.54,10048400,45884972.0,1.9824,1.5734,-14.340297,3.680927
2023-07-31,sz.300290,4.63,4.7,4.6,4.69,4.63,9916600,46280762.0,1.2959,1.5528,-14.526132,3.728628
2023-08-01,sz.300290,4.68,4.72,4.62,4.69,4.69,8958100,41829660.0,0.0,1.4027,-14.526132,3.728628
2023-08-02,sz.300290,4.69,4.77,4.65,4.77,4.69,11936580,56486566.3,1.7058,1.8691,-14.773913,3.79223
2023-08-03,sz.300290,4.76,4.84,4.73,4.77,4.77,11504253,54939768.28,0.0,1.8014,-14.773913,3.79223
2023-08-04,sz.300290,4.8,4.94,4.78,4.89,4.77,17734300,86685502.0,2.5157,2.7769,-15.145584,3.887632
2023-08-07,sz.300290,4.9,4.94,4.83,4.85,4.89,10839653,52863662.99,-0.818,1.6973,-15.021693,3.855831
2023-08-08,sz.300290,4.91,4.91,4.81,4.83,4.85,8077350,39084819.5,-0.4124,1.2648,-14.959748,3.839931
2023-08-09,sz.300290,4.87,4.91,4.81,4.86,4.83,8153100,39671858.0,0.6211,1.2767,-15.052666,3.863781
2023-08-10,sz.300290,4.85,4.9,4.81,4.87,4.86,6437600,31278816.0,0.2058,1.008,-15.083638,3.871731
2023-08-11,sz.300290,4.87,4.89,4.74,4.76,4.87,9869453,47479692.05,-2.2587,1.5454,-14.74294,3.784279
2023-08-14,sz.300290,4.72,4.89,4.7,4.86,4.76,11022750,52852484.0,2.1008,1.726,-15.052666,3.863781
2023-08-15,sz.300290,4.88,5.18,4.82,5.01,4.86,56722601,284343089.92,3.0864,8.882,-15.517254,3.983034
2023-08-16,sz.300290,4.98,5.03,4.85,4.92,5.01,32505472,160576700.52,-1.7964,5.0899,-15.238501,3.911482
2023-08-17,sz.300290,4.9,5.01,4.78,4.95,4.92,21041400,103803569.0,0.6098,3.2948,-15.331419,3.935333
2023-08-18,sz.300290,5.0,5.02,4.77,4.77,4.95,18422650,89634641.0,-3.6364,2.8847,-14.773913,3.79223
2023-08-21,sz.300290,4.71,4.93,4.7,4.7,4.77,19818500,95587087.0,-1.4675,3.1033,-14.557105,3.736578
2023-08-22,sz.300290,4.77,4.92,4.76,4.91,4.7,24785450,120308621.0,4.4681,3.8811,-15.207529,3.903532
2023-08-23,sz.300290,4.89,4.9,4.73,4.74,4.91,17130850,82284621.0,-3.4623,2.6825,-14.680995,3.768379
2023-08-24,sz.300290,4.78,4.8,4.61,4.61,4.74,17199925,80538934.5,-2.7426,2.6933,-14.278352,3.665027
2023-08-25,sz.300290,4.59,4.59,4.33,4.36,4.61,20068600,89414555.0,-5.423,3.1395,-11.190029,3.459814
2023-08-28,sz.300290,4.62,4.63,4.33,4.34,4.36,16396950,72832274.0,-0.4587,2.5651,-11.138698,3.443943
2023-08-29,sz.300290,4.32,4.51,4.32,4.5,4.34,14493700,64492620.5,3.6866,2.2674,-11.549342,3.570908
2023-08-30,sz.300290,4.52,4.65,4.48,4.63,4.5,17191100,79049746.03,2.8889,2.6894,-11.882989,3.674068
2023-08-31,sz.300290,4.61,4.65,4.55,4.64,4.63,11436150,52742964.5,0.216,1.7891,-11.908654,3.682003
2023-09-01,sz.300290,4.66,4.68,4.53,4.55,4.64,8357800,38262590.0,-1.9397,1.3075,-11.677668,3.610585
2023-09-04,sz.300290,4.56,4.64,4.54,4.63,4.55,9261300,42494850.0,1.7582,1.4488,-11.882989,3.674068
2023-09-05,sz.300290,4.64,4.69,4.61,4.63,4.63,9214747,42831217.96,0.0,1.4415,-11.882989,3.674068
2023-09-06,sz.300290,4.62,4.78,4.56,4.76,4.63,12797500,60035612.0,2.8078,2.002,-12.216637,3.777228
2023-09-07,sz.300290,4.74,4.83,4.72,4.74,4.76,10952400,52139495.0,-0.4202,1.7134,-12.165307,3.761357
2023-09-08,sz.300290,4.73,4.84,4.63,4.81,4.74,13774300,65567465.0,1.4768,2.1548,-12.344963,3.816904
2023-09-11,sz.300290,4.81,4.95,4.72,4.89,4.81,24343800,118277950.0,1.6632,3.8083,-12.550285,3.880387
2023-09-12,sz.300290,4.87,4.88,4.77,4.81,4.89,14846800,71349883.0,-1.636,2.3226,-12.344963,3.816904
2023-09-13,sz.300290,4.8,4.81,4.63,4.69,4.81,11859000,55825288.0,-2.4948,1.8552,-12.03698,3.72168
2023-09-14,sz.300290,4.68,4.83,4.65,4.69,4.69,14558150,68744634.5,0.0,2.2775,-12.03698,3.72168
2023-09-15,sz.300290,4.72,4.73,4.56,4.57,4.69,11229705,51676829.9,-2.5586,1.7568,-11.728998,3.626456
2023-09-18,sz.300290,4.58,4.66,4.52,4.6,4.57,8908400,40877098.0,0.6565,1.3936,-11.805994,3.650262
2023-09-19,sz.300290,4.61,4.62,4.51,4.53,4.6,8248200,37375140.5,-1.5217,1.2903,-11.626337,3.594715
2023-09-20,sz.300290,4.5,4.6,4.5,4.51,4.53,7185100,32657820.0,-0.4415,1.124,-11.575007,3.578844
2023-09-21,sz.300290,4.48,4.6,4.47,4.53,4.51,7793900,35357866.0,0.4435,1.2193,-11.626337,3.594715
2023-09-22,sz.300290,4.5,4.61,4.47,4.61,4.53,9013498,41184373.8,1.766,1.4101,-11.831659,3.658197
2023-09-25,sz.300290,4.6,4.82,4.53,4.71,4.61,23052966,107779263.52,2.1692,3.6064,-12.088311,3.737551
2023-09-26,sz.300290,4.65,4.78,4.64,4.73,4.71,20428873,96552246.83,0.4246,3.1959,-12.139641,3.753422
2023-09-27,sz.300290,4.68,4.78,4.63,4.69,4.73,13044300,61364477.0,-0.8457,2.0406,-12.03698,3.72168
2023-09-28,sz.300290,4.72,4.79,4.68,4.78,4.69,12648550,60190572.0,1.919,1.9787,-12.267967,3.793098
2023-10-09,sz.300290,4.77,4.78,4.7,4.72,4.78,11896650,56252946.5,-1.2552,1.8611,-12.113976,3.745486
2023-10-10,sz.300290,4.77,5.01,4.75,4.94,4.72,35329921,173990239.02,4.661,5.527,-12.678611,3.920064
2023-10-11,sz.300290,4.99,5.12,4.89,5.04,4.94,38421048,193065072.5,2.0243,6.0106,-12.935263,3.999418
2023-10-12,sz.300290,4.99,5.01,4.9,4.94,5.04,23909013,118121762.01,-1.9841,3.7403,-12.678611,3.920064
2023-10-13,sz.300290,4.91,5.0,4.86,4.92,4.94,16997050,83753856.47,-0.4049,2.659,-12.62728,3.904193
2023-10-16,sz.300290,4.91,5.01,4.85,5.01,4.92,23388200,115386761.5,1.8293,3.6588,-12.858267,3.975611
2023-10-17,sz.300290,5.1,5.1,4.89,4.97,5.01,23890848,118056507.56,-0.7984,3.7375,-12.755606,3.94387
2023-10-18,sz.300290,4.94,5.96,4.87,5.96,4.97,120261416,655430655.5,19.9195,18.8136,-15.296461,4.72947
2023-10-19,sz.300290,6.38,7.15,6.25,6.93,5.96,236445119,1622360741.94,16.2752,36.9893,-17.785986,5.499199
2023-10-20,sz.300290,5.8,6.51,5.76,5.9,6.93,191747637,1151739071.94,-14.8629,29.9968,-15.14247,4.681858
2023-10-23,sz.300290,5.72,7.08,5.72,7.08,5.9,153105641,1038561147.09,20.0,23.9517,-18.170964,5.618229
2023-10-24,sz.300290,7.7,8.2,6.55,7.42,7.08,247917970,1792404512.16,4.8023,38.7841,-19.043581,5.888031
2023-10-25,sz.300290,7.01,8.84,7.01,8.52,7.42,222627598,1798641606.61,14.8248,34.8277,-21.866753,6.76092
2023-10-26,sz.300290,8.04,8.99,7.83,8.07,8.52,210963530,1747760764.03,-5.2817,33.0029,-20.946664,6.31352
2023-10-27,sz.300290,7.91,8.3,7.19,7.23,8.07,167199749,1257661601.68,-10.4089,26.1566,-18.766342,5.65635
2023-10-30,sz.300290,7.16,7.6,7.08,7.36,7.23,133751748,975500951.13,1.7981,20.924,-19.103772,5.758055
2023-10-31,sz.300290,7.22,7.29,6.55,6.61,7.36,126240761,859964529.19,-10.1902,19.749,-17.157056,5.171297
2023-11-01,sz.300290,6.51,6.72,6.42,6.48,6.61,77749698,508221921.37,-1.9667,12.1631,-16.819626,5.069592
2023-11-02,sz.300290,6.45,6.66,6.35,6.43,6.48,82074000,534028814.0,-0.7716,12.8396,-16.689845,5.030475
2023-11-03,sz.300290,6.34,6.54,6.32,6.42,6.43,62950116,404160859.38,-0.1555,9.8479,-16.663888,5.022651
2023-11-06,sz.300290,6.58,7.06,6.56,6.97,6.42,119285217,819267974.49,8.567,18.6609,-18.09148,5.452941
2023-11-07,sz.300290,6.91,7.08,6.85,6.96,6.97,94591890,657770502.82,-0.1435,14.7979,-18.065524,5.445117
2023-11-08,sz.300290,7.1,7.5,6.98,7.22,6.96,128213303,926731877.13,3.7356,20.0576,-18.740385,5.648527
2023-11-09,sz.300290,7.01,7.4,6.91,6.96,7.22,90615050,641598095.5,-3.6011,14.1757,-18.065524,5.445117
2023-11-10,sz.300290,6.82,6.94,6.74,6.82,6.96,57483300,392557602.5,-2.0115,8.9926,-17.702137,5.335589
2023-11-13,sz.300290,6.88,7.09,6.81,7.01,6.82,64741949,451424945.45,2.7859,10.1282,-18.195305,5.484235
2023-11-14,sz.300290,7.04,8.16,7.01,7.86,7.01,159458337,1231307370.6,12.1255,24.9455,-20.401583,6.149227
2023-11-15,sz.300290,7.72,8.4,7.72,7.9,7.86,146861337,1170310053.11,0.5089,22.9749,-20.505408,6.180521
2023-11-16,sz.300290,7.7,7.97,7.61,7.73,7.9,90149029,700375022.31,-2.1519,14.1028,-20.064152,6.047523
2023-11-17,sz.300290,7.88,8.5,7.85,7.91,7.73,121617199,985272818.94,2.3286,19.0257,-20.531364,6.188345
2023-11-20,sz.300290,7.93,8.2,7.7,7.74,7.91,104203200,819679237.0,-2.1492,16.3015,-20.090109,6.055346
2023-11-21,sz.300290,7.61,7.7,7.32,7.38,7.74,92991172,695976332.4,-4.6512,14.5475,-19.155685,5.773702
2023-11-22,sz.300290,7.38,7.55,7.24,7.24,7.38,58409440,431249462.35,-1.897,9.1375,-18.792298,5.664174
2023-11-23,sz.300290,7.21,7.33,7.11,7.26,7.24,47077310,340040182.3,0.2762,7.3647,-18.84421,5.679821
2023-11-24,sz.300290,7.27,7.28,6.95,7.01,7.26,50239800,355806393.0,-3.4435,7.8595,-18.195305,5.484235
2023-11-27,sz.300290,6.87,7.02,6.82,6.87,7.01,37750000,259850021.0,-1.9971,5.9056,-17.831918,5.374706
2023-11-28,sz.300290,6.84,6.93,6.75,6.83,6.87,33099372,225803898.24,-0.5822,5.178,-17.728093,5.343413
2023-11-29,sz.300290,6.8,6.92,6.77,6.85,6.83,32807161,224484978.24,0.2928,5.1323,-17.780006,5.359059
2023-11-30,sz.300290,6.84,6.84,6.51,6.64,6.85,41325161,274292424.72,-3.0657,6.4649,-17.234925,5.194767
2023-12-01,sz.300290,6.63,6.86,6.57,6.84,6.64,31134000,209938777.0,3.012,4.8706,-17.754049,5.351236
2023-12-04,sz.300290,6.89,7.06,6.82,6.99,6.84,45759700,318452797.0,2.193,7.1586,-18.143393,5.468588
2023-12-05,sz.300290,6.93,6.96,6.67,6.67,6.99,37952600,256724515.5,-4.578,5.9373,-17.312794,5.218237
2023-12-06,sz.300290,6.7,6.76,6.6,6.63,6.67,24535118,163394667.16,-0.5997,3.8383,-17.208969,5.186944
2023-12-07,sz.300290,6.59,6.75,6.59,6.7,6.63,22090000,147623542.0,1.0558,3.4557,-17.390662,5.241708
2023-12-08,sz.300290,6.7,6.72,6.5,6.52,6.7,29302400,192631088.0,-2.6866,4.584,-16.923451,5.100886
2023-12-11,sz.300290,6.49,6.65,6.45,6.55,6.52,22586106,147094647.76,0.4601,3.5334,-17.001319,5.124356
2023-12-12,sz.300290,6.57,6.66,6.53,6.65,6.55,22559600,148978434.0,1.5267,3.5292,-17.260881,5.202591
2023-12-13,sz.300290,6.62,6.68,6.5,6.5,6.65,19478000,127645264.0,-2.2556,3.0471,-16.871538,5.085239
2023-12-14,sz.300290,6.54,6.59,6.42,6.43,6.5,18101240,117242090.8,-1.0769,2.8317,-16.689845,5.030475
2023-12-15,sz.300290,6.43,6.48,6.35,6.38,6.43,16722400,107009179.0,-0.7776,2.616,-16.560064,4.991358
2023-12-18,sz.300290,6.4,6.44,6.21,6.24,6.38,19481600,122980729.0,-2.1944,3.0477,-16.196677,4.881829
2023-12-19,sz.300290,6.23,6.31,6.21,6.24,6.24,13164650,82327369.85,0.0,2.0595,-16.196677,4.881829
2023-12-20,sz.300290,6.27,6.28,6.12,6.12,6.24,16250110,100441818.3,-1.9231,2.5422,-15.885202,4.787948
2023-12-21,sz.300290,6.12,6.15,6.01,6.09,6.12,17189050,104377939.5,-0.4902,2.689,-15.807333,4.764478
2023-12-22,sz.300290,6.1,6.13,5.88,5.91,6.09,22456940,134301730.0,-2.9557,3.5131,-15.340122,4.623656
2023-12-25,sz.300290,5.96,5.96,5.79,5.84,5.91,15752290,92058251.8,-1.1844,2.4643,-15.158428,4.568892
2023-12-26,sz.300290,5.84,5.87,5.67,5.69,5.84,15801650,90620922.5,-2.5685,2.472,-14.769085,4.45154
2023-12-27,sz.300290,5.75,5.87,5.73,5.84,5.69,19969000,115879480.0,2.6362,3.1239,-15.158428,4.568892
2023-12-28,sz.300290,5.83,6.0,5.71,5.92,5.84,18783984,110510258.12,1.3699,2.9385,-15.366078,4.631479
2023-12-29,sz.300290,5.93,6.16,5.87,6.09,5.92,24771000,149714054.0,2.8716,3.8752,-15.807333,4.764478
2024-01-02,sz.300290,6.07,6.1,5.96,5.97,6.09,18058200,108361112.0,-1.9704,2.825,-15.495859,4.670596
2024-01-03,sz.300290,5.99,6.04,5.9,6.0,5.97,15423150,92037107.0,0.5025,2.4128,-15.573728,4.694067
2024-01-04,sz.300290,5.92,6.27,5.92,6.18,6.0,50907843,313162309.28,3.0,7.964,-16.040939,4.834889
2024-01-05,sz.300290,6.11,6.5,6.0,6.28,6.18,71852500,448743343.0,1.6181,11.2405,-16.300501,4.913123
2024-01-08,sz.300290,6.2,6.43,6.06,6.19,6.28,59771368,375991259.01,-1.4331,9.3506,-16.066896,4.842712
2024-01-09,sz.300290,6.08,6.25,5.85,5.89,6.19,53186043,317958164.42,-4.8465,8.3204,-15.288209,4.608009
2024-01-10,sz.300290,5.81,5.87,5.6,5.68,5.89,32276800,184888779.0,-3.5654,5.0494,-14.743129,4.443716
2024-01-11,sz.300290,5.71,6.07,5.68,6.0,5.68,44354652,263410115.04,5.6338,6.9388,-15.573728,4.694067
2024-01-12,sz.300290,5.94,5.98,5.72,5.73,6.0,34820501,201942671.73,-4.5,5.4473,-14.87291,4.482834
2024-01-15,sz.300290,5.71,5.78,5.62,5.68,5.73,19537000,110924946.01,-0.8726,3.0564,-14.743129,4.443716
2024-01-16,sz.300290,5.69,5.69,5.46,5.55,5.68,22834999,126172407.52,-2.2887,3.5723,-14.405698,4.342012
2024-01-17,sz.300290,5.55,5.63,5.47,5.47,5.55,18003300,99845226.0,-1.4414,2.8164,-14.198048,4.279424
2024-01-18,sz.300290,5.46,5.51,5.34,5.47,5.47,18317900,99070021.0,0.0,2.8656,-14.198048,4.279424
2024-01-19,sz.300290,5.46,5.49,5.32,5.34,5.47,15863061,85264492.74,-2.3766,2.4816,-13.860618,4.177719
2024-01-22,sz.300290,5.32,5.35,4.95,4.98,5.34,21925900,112849087.0,-6.7416,3.4301,-12.926194,3.896075
2024-01-23,sz.300290,5.01,5.05,4.92,4.97,4.98,16825650,83659342.0,-0.2008,2.6322,-12.883623,3.883244
2024-01-24,sz.300290,4.98,5.11,4.89,5.09,4.97,18617950,93559525.5,2.4145,2.9126,-13.194696,3.977005
2024-01-25,sz.300290,5.12,5.36,5.01,5.35,5.09,22931250,119689403.08,5.1081,3.5873,-13.868689,4.180152
2024-01-26,sz.300290,5.3,5.43,5.26,5.32,5.35,17744150,95027950.0,-0.5607,2.7759,-13.79092,4.156712
2024-01-29,sz.300290,5.3,5.36,5.0,5.01,5.32,18663950,95528175.54,-5.8271,2.9198,-12.987314,3.914498
2024-01-30,sz.300290,4.98,5.1,4.85,4.85,5.01,15774000,78414477.0,-3.1936,2.4677,-12.57255,3.789484
2024-01-31,sz.300290,4.87,5.05,4.67,4.67,4.85,22632200,109300305.0,-3.7113,3.5406,-12.105939,3.648843
2024-02-01,sz.300290,4.61,4.69,4.48,4.57,4.67,20321800,93053929.0,-2.1413,3.1791,-11.846712,3.570709
2024-02-02,sz.300290,4.59,4.73,4.16,4.34,4.57,24377100,108476805.0,-5.0328,3.8135,-11.250488,3.391002
2024-02-05,sz.300290,4.34,4.36,3.72,3.74,4.34,35212350,137880359.0,-13.8249,5.5086,-9.695121,2.9222
2024-02-06,sz.300290,3.66,3.98,3.5,3.81,3.74,31304200,116404348.06,1.8717,4.8972,-9.87658,2.976893
2024-02-07,sz.300290,3.85,3.85,3.5,3.58,3.81,41359472,152176272.33,-6.0367,6.4702,-9.280356,2.797186
2024-02-08,sz.300290,3.61,4.04,3.61,4.04,3.58,40115700,152394389.5,12.8492,6.2757,-10.472804,3.156601
2024-02-19,sz.300290,4.14,4.48,4.14,4.32,4.04,39692687,171118876.81,6.9307,6.2095,-11.198642,3.375375
2024-02-20,sz.300290,4.34,4.46,4.23,4.44,4.32,27690060,121492326.7,2.7778,4.3318,-11.509715,3.469136
2024-02-21,sz.300290,4.38,4.71,4.31,4.5,4.44,35225210,159496301.29,1.3514,5.5106,-11.665252,3.516016
2024-02-22,sz.300290,4.67,5.4,4.66,5.2,4.5,70916050,352607029.5,15.5556,11.094,-13.479847,4.062952
2024-02-23,sz.300290,5.3,6.15,5.0,5.99,5.2,102823932,568594262.81,15.1923,16.0857,-15.527747,4.680208
2024-02-26,sz.300290,5.88,6.38,5.58,5.9,5.99,105452159,626448747.36,-1.5025,16.4968,-15.294442,4.609887
2024-02-27,sz.300290,5.88,6.83,5.8,6.64,5.9,107813948,679297423.22,12.5424,16.8663,-17.212728,5.188077
2024-02-28,sz.300290,6.59,6.98,6.07,6.15,6.64,124860098,825493699.66,-7.3795,19.533,-15.942511,4.805222
2024-02-29,sz.300290,6.03,6.6,6.03,6.38,6.15,88937831,561797968.61,3.7398,13.9134,-16.538735,4.984929
2024-03-01,sz.300290,6.35,6.42,6.04,6.19,6.38,76359231,472684211.29,-2.9781,11.9456,-16.046202,4.836475
2024-03-04,sz.300290,6.33,7.43,6.33,7.43,6.19,140944281,985203987.09,20.0323,22.0492,-19.260627,5.805333
2024-03-05,sz.300290,7.88,8.92,7.66,8.37,7.43,239858080,2003541907.31,12.6514,37.5232,-21.697369,6.539789
2024-03-06,sz.300290,8.8,10.04,8.8,10.04,8.37,199223157,1895323951.67,19.9522,31.1663,-26.026474,7.844622
2024-03-07,sz.300290,10.04,10.04,8.5,8.72,10.04,237460069,2204746681.22,-13.1474,37.148,-22.604666,6.813257
2024-03-08,sz.300290,8.3,9.1,8.02,8.68,8.72,161348636,1388261439.69,-0.4587,25.2412,-22.500975,6.782004
2024-03-11,sz.300290,8.39,9.48,8.38,9.2,8.68,148909256,1352744285.57,5.9908,23.2952,-23.84896,7.188299
2024-03-12,sz.300290,9.22,9.65,8.8,8.89,9.2,126252311,1151115572.2,-3.3696,19.7508,-23.045354,6.946084
2024-03-13,sz.300290,9.0,9.27,8.53,8.73,8.89,107332006,961270303.26,-1.7998,16.7909,-22.630589,6.821071
2024-03-14,sz.300290,8.35,8.36,7.78,7.94,8.73,118263764,952915254.98,-9.0493,18.5011,-20.582689,6.203814
2024-03-15,sz.300290,8.0,8.43,7.6,8.38,7.94,106765189,857973759.37,5.5416,16.7023,-21.723292,6.547603
2024-03-18,sz.300290,8.29,9.05,8.19,8.93,8.38,116059516,1018786252.01,6.5632,18.1562,-23.149045,6.977338
2024-03-19,sz.300290,8.85,10.5,8.7,9.63,8.93,153669550,1473647699.48,7.8387,24.0399,-24.96364,7.524274
2024-03-20,sz.300290,9.6,10.43,9.5,9.84,9.63,126574388,1255752215.83,2.1807,19.8012,-25.508018,7.688354
2024-03-21,sz.300290,9.82,11.33,9.82,10.95,9.84,152828854,1635417403.95,11.2805,23.9084,-28.385447,8.555638
2024-03-22,sz.300290,10.7,11.42,10.2,10.32,10.95,135639275,1451535228.35,-5.7534,21.2193,-26.752312,8.063396
2024-03-25,sz.300290,10.18,10.92,9.72,9.86,10.32,119672600,1234619491.65,-4.4574,18.7215,-25.559864,7.703981
2024-03-26,sz.300290,9.86,10.18,9.55,10.0,9.86,84412288,836988266.16,1.4199,13.2054,-25.922782,7.813368
2024-03-27,sz.300290,9.74,10.3,9.01,9.8,10.0,110948079,1061780178.16,-2.0,17.3566,-25.404327,7.657101
2024-03-28,sz.300290,9.75,10.47,9.71,10.15,9.8,97877469,986755255.15,3.5714,15.3119,-26.311624,7.930569
2024-03-29,sz.300290,10.0,10.24,9.54,9.58,10.15,78606052,767034523.4,-5.6158,12.2971,-24.834026,7.485207
2024-04-01,sz.300290,9.47,9.75,9.11,9.27,9.58,80953891,755099577.69,-3.2359,12.6644,-24.030419,7.242992
2024-04-02,sz.300290,9.63,11.08,9.63,10.76,9.27,161154135,1668097284.7,16.0734,25.2108,-27.892914,8.407184
2024-04-03,sz.300290,10.3,10.88,10.0,10.0,10.76,105056710,1088588364.45,-7.0632,16.435,-25.922782,7.813368
2024-04-08,sz.300290,10.2,11.07,10.09,10.47,10.0,100733558,1070749969.67,4.7,15.7587,-27.141153,8.180597
2024-04-09,sz.300290,9.2,9.65,8.8,9.13,10.47,123010101,1131046253.53,-12.7985,19.2436,-23.6675,7.133605
2024-04-10,sz.300290,9.02,9.02,8.07,8.48,9.13,99977515,838124934.14,-7.1194,15.6404,-21.98252,6.625736
2024-04-11,sz.300290,8.36,8.9,8.28,8.5,8.48,68771406,594942214.07,0.2358,10.7585,-22.034365,6.641363
2024-04-12,sz.300290,8.45,8.62,8.22,8.23,8.5,48203070,404137536.39,-3.1765,7.5408,-21.33445,6.430402
2024-04-15,sz.300290,8.09,8.42,7.63,7.83,8.23,63514646,506028560.03,-4.8603,9.9362,-20.297539,6.117867
2024-04-16,sz.300290,7.82,7.94,7.08,7.26,7.83,59313601,438414936.63,-7.2797,9.279,-18.81994,5.672505
2024-04-17,sz.300290,7.5,8.03,7.5,7.9,7.26,66599151,520233694.93,8.8154,10.4187,-20.478998,6.172561
2024-04-18,sz.300290,7.76,8.01,7.56,7.78,7.9,55880627,435155872.45,-1.519,8.7419,-20.167925,6.078801
2024-04-19,sz.300290,7.73,7.85,7.46,7.54,7.78,46422400,353097848.0,-3.0848,7.2623,-19.545778,5.89128
2024-04-22,sz.300290,7.33,7.38,6.9,7.1,7.54,45462499,323143808.51,-5.8355,7.1121,-18.405176,5.547492
2024-04-23,sz.300290,7.08,7.42,7.08,7.37,7.1,41599800,302055691.0,3.8028,6.5078,-19.105091,5.758452
2024-04-24,sz.300290,7.48,8.82,7.4,8.45,7.37,99488974,802518986.2,14.654,15.5517,203.687969,6.544849
2024-04-25,sz.300290,8.05,8.38,8.05,8.2,8.45,75491850,619658846.76,-2.9586,11.8005,299.448346,6.45871
2024-04-26,sz.300290,8.4,8.92,8.28,8.64,8.2,85862950,741552539.06,5.3659,13.4217,315.516306,6.805275
2024-04-29,sz.300290,8.64,8.94,8.62,8.67,8.64,77067240,673374745.68,0.3472,12.0468,316.611849,6.828904
2024-04-30,sz.300290,8.68,9.18,8.68,8.77,8.67,75350383,669897230.57,1.1534,11.7784,320.263658,6.907669
2024-05-06,sz.300290,8.89,9.03,8.68,8.78,8.77,53802680,474298831.66,0.114,8.4102,320.628839,6.915545
2024-05-07,sz.300290,8.72,8.8,8.4,8.45,8.78,67389650,577352762.67,-3.7585,10.534,308.577869,6.655622
2024-05-08,sz.300290,8.38,8.56,8.13,8.19,8.45,39287173,325841846.83,-3.0769,6.1412,299.083165,6.450833
2024-05-09,sz.300290,8.19,8.32,8.08,8.14,8.19,37241210,304967300.6,-0.6105,5.8214,297.257261,6.411451
2024-05-10,sz.300290,8.26,8.47,8.1,8.15,8.14,44511799,366880639.11,0.1229,6.9579,297.622442,6.419327
2024-05-13,sz.300290,7.95,7.98,7.53,7.61,8.15,47945765,368849803.5,-6.6258,7.4947,277.902673,5.993998
2024-05-14,sz.300290,7.63,8.01,7.36,7.83,7.61,52462651,402892647.15,2.8909,8.2007,285.936653,6.16728
2024-05-15,sz.300290,7.7,7.74,7.55,7.61,7.83,31441400,239705611.0,-2.8097,4.9148,277.902673,5.993998
2024-05-16,sz.300290,7.66,7.76,7.48,7.5,7.61,28521500,217170505.0,-1.4455,4.4583,273.885683,5.907357
2024-05-17,sz.300290,7.45,7.79,7.36,7.74,7.5,40050822,304537657.46,3.2,6.2606,282.650024,6.096392
2024-05-20,sz.300290,7.73,7.79,7.56,7.68,7.74,32464800,249453957.0,-0.7752,5.0747,280.458939,6.049133
2024-05-21,sz.300290,7.95,9.11,7.91,8.72,7.68,107340389,915455197.24,13.5417,16.7789,318.437754,6.868287
2024-05-22,sz.300290,8.87,10.46,8.75,10.46,8.72,148877701,1448576124.3,19.9541,23.2719,381.979232,8.238793
2024-05-23,sz.300290,10.55,11.05,10.08,10.78,10.46,174508422,1852205431.17,3.0593,27.2783,393.665021,8.490841
2024-05-24,sz.300290,10.74,11.07,10.0,10.04,10.78,120530549,1252774592.72,-6.8646,18.8408,366.641634,7.907981
2024-05-27,sz.300290,10.29,10.41,9.18,9.56,10.04,101282297,972683795.16,-4.7809,15.832,349.11295,7.529911
2024-05-28,sz.300290,9.41,11.47,9.27,11.47,9.56,173915930,1827526334.08,19.9791,27.1857,418.862504,9.034317
2024-05-29,sz.300290,11.03,11.88,10.89,11.42,11.47,148287924,1699322033.53,-0.4359,23.1797,417.036599,8.994935
2024-05-30,sz.300290,11.36,11.69,10.78,10.8,11.42,109854300,1225215270.12,-5.4291,17.1719,394.395383,8.506593
2024-05-31,sz.300290,10.71,12.96,10.71,12.93,10.8,148362296,1835678926.32,19.7222,23.1913,472.178917,10.184283
2024-06-03,sz.300290,12.42,12.7,11.48,11.67,12.93,123532712,1470526213.91,-9.7448,19.3101,426.166122,9.191847
2024-06-04,sz.300290,10.5,11.35,9.96,10.91,11.67,126716495,1331981894.05,-6.5124,19.8077,398.412373,8.593235
2024-06-05,sz.300290,10.89,11.83,10.7,10.86,10.91,100965646,1132597255.72,-0.4583,15.7825,396.586468,8.553852
2024-06-06,sz.300290,11.07,11.28,10.39,10.55,10.86,76783139,822489402.7,-2.8545,12.0024,385.26586,8.309682
2024-06-07,sz.300290,10.75,10.84,10.14,10.39,10.55,58858852,610732354.26,-1.5166,9.2005,379.422966,8.183658
2024-06-11,sz.300290,10.21,10.9,10.01,10.65,10.39,64300046,676677173.7,2.5024,10.0511,388.917669,8.388446
2024-06-12,sz.300290,10.5,10.8,10.43,10.66,10.65,53664296,569417565.66,0.0939,8.3886,389.28285,8.396323
2024-06-13,sz.300290,10.76,11.87,10.75,11.49,10.66,110570340,1266238141.81,7.7861,17.2838,419.592866,9.05007
2024-06-14,sz.300290,11.3,11.93,11.04,11.46,11.49,80308650,916115990.5,-0.2611,12.5535,418.497323,9.026441
2024-06-17,sz.300290,11.18,11.26,10.78,11.1,11.46,54563250,603092146.0,-3.1414,8.5291,405.35081,8.742888
2024-06-18,sz.300290,11.06,11.58,10.95,11.31,11.1,65347928,738265019.1,1.8919,10.2149,413.019609,8.908294
2024-06-19,sz.300290,11.32,12.1,11.02,11.7,11.31,85385571,995702660.19,3.4483,13.3471,427.261665,9.215476
2024-06-20,sz.300290,11.52,11.76,10.19,10.47,11.7,68394024,765499518.42,-10.5128,10.691,382.344413,8.24667
2024-06-21,sz.300290,10.5,10.77,10.13,10.36,10.47,47681916,498337075.54,-1.0506,7.4534,378.327423,8.160029
2024-06-24,sz.300290,10.21,10.41,9.77,9.78,10.36,51828449,517626870.52,-5.5985,8.1016,357.14693,7.703193
2024-06-25,sz.300290,9.95,10.3,9.7,9.85,9.78,45463421,451709880.12,0.7157,7.1066,359.703196,7.758328
2024-06-26,sz.300290,9.88,10.1,9.43,9.99,9.85,48362450,472045447.0,1.4213,7.5598,364.815729,7.868599
2024-06-27,sz.300290,9.95,9.96,9.16,9.21,9.99,58661700,556407815.0,-7.8078,9.1697,336.331618,7.254234
2024-06-28,sz.300290,9.04,9.56,9.03,9.31,9.21,47849956,448030326.27,1.0858,7.4797,339.983427,7.332999
2024-07-01,sz.300290,9.41,9.45,8.93,9.13,9.31,39630100,361272342.0,-1.9334,6.1948,333.410171,7.191222
2024-07-02,sz.300290,9.14,9.59,9.1,9.27,9.13,49520087,464180474.45,1.5334,7.7407,338.522704,7.301493
2024-07-03,sz.300290,9.15,9.16,8.91,8.95,9.27,35640775,321103460.05,-3.452,5.5712,326.836914,7.049446
2024-07-04,sz.300290,8.9,9.11,8.62,8.66,8.95,34876305,307620021.8,-3.2402,5.4517,316.246668,6.821028
2024-07-05,sz.300290,8.68,9.83,8.41,9.36,8.66,68823900,625899027.9,8.0831,10.7582,341.809332,7.372381
2024-07-08,sz.300290,9.3,9.31,8.95,9.04,9.36,39265900,358682965.0,-3.4188,6.1379,330.123543,7.120334
2024-07-09,sz.300290,9.0,9.42,8.8,9.31,9.04,52022056,475403034.34,2.9867,8.1318,339.983427,7.332999
2024-07-10,sz.300290,9.22,9.42,9.2,9.24,9.31,33318906,308902727.0,-0.7519,5.2083,337.427161,7.277863
2024-07-11,sz.300290,9.43,9.7,9.29,9.54,9.24,46703600,444538225.0,3.2468,7.3005,348.382588,7.514158
2024-07-12,sz.300290,9.57,10.96,9.49,10.33,9.54,90594410,930584333.68,8.2809,14.1613,377.23188,8.136399
2024-07-15,sz.300290,10.27,10.57,10.01,10.19,10.33,57441372,589287568.72,-1.3553,8.979,372.119347,8.026128
2024-07-16,sz.300290,10.16,10.7,10.15,10.38,10.19,56234453,585315895.99,1.8646,8.7903,379.057785,8.175782
2024-07-17,sz.300290,10.27,10.3,9.85,9.86,10.38,45366250,455128359.5,-5.0096,7.0914,360.068377,7.766205
2024-07-18,sz.300290,9.75,10.34,9.58,10.19,9.86,54023500,542410604.5,3.3469,8.4447,372.119347,8.026128
2024-07-19,sz.300290,10.15,10.79,10.06,10.3,10.19,61472650,640430325.0,1.0795,9.6091,376.136337,8.11277
2024-07-22,sz.300290,10.27,10.48,10.09,10.18,10.3,43440500,444954290.5,-1.165,6.7904,371.754166,8.018252
2024-07-23,sz.300290,10.11,11.96,9.93,11.22,10.18,117595791,1299270233.06,10.2161,18.382,409.732981,8.837405
2024-07-24,sz.300290,10.81,11.12,10.42,10.55,11.22,80773433,866680378.35,-5.9715,12.6261,385.26586,8.309682
2024-07-25,sz.300290,10.33,10.81,10.23,10.29,10.55,53166330,559439980.63,-2.4645,8.3107,375.771156,8.104893
2024-07-26,sz.300290,10.29,10.62,10.18,10.41,10.29,41899300,434534999.0,1.1662,6.5495,380.153327,8.199411
2024-07-29,sz.300290,10.32,10.59,10.13,10.3,10.41,38324633,397322348.1,-1.0567,5.9907,376.136337,8.11277
2024-07-30,sz.300290,10.2,10.48,10.04,10.1,10.3,38603480,395601099.08,-1.9417,6.0343,368.832719,7.95524
2024-07-31,sz.300290,10.07,10.37,10.03,10.33,10.1,49800806,508704532.15,2.2772,7.7846,377.23188,8.136399
2024-08-01,sz.300290,10.45,10.66,10.31,10.34,10.33,45523260,476130574.66,0.0968,7.116,377.597061,8.144276
2024-08-02,sz.300290,10.2,10.54,10.16,10.17,10.34,42079807,433532970.69,-1.6441,6.5777,371.388986,8.010376
2024-08-05,sz.300290,10.0,10.07,9.1,9.1,10.17,63041132,599132688.63,-10.5211,9.8543,332.314628,7.167593
2024-08-06,sz.300290,9.25,9.39,9.05,9.23,9.1,30054957,275676099.69,1.4286,4.6981,337.06198,7.269987
2024-08-07,sz.300290,9.16,9.54,9.12,9.26,9.23,29973300,279577658.0,0.325,4.6853,338.157523,7.293616
2024-08-08,sz.300290,9.15,9.19,8.85,8.96,9.26,33686600,303108971.0,-3.2397,5.2657,327.202095,7.057322
2024-08-09,sz.300290,9.02,9.2,8.98,9.05,8.96,25628178,232615141.12,1.0045,4.0061,330.488724,7.12821
2024-08-12,sz.300290,8.98,9.19,8.92,8.96,9.05,19767228,178357531.16,-0.9945,3.0899,327.202095,7.057322
2024-08-13,sz.300290,8.99,9.11,8.7,9.1,8.96,21812581,195285844.52,1.5625,3.4096,332.314628,7.167593
2024-08-14,sz.300290,9.09,9.38,9.08,9.27,9.1,31112050,287545901.0,1.8681,4.8633,338.522704,7.301493
2024-08-15,sz.300290,9.18,9.34,9.08,9.32,9.27,29184800,269743552.0,0.5394,4.562,340.348608,7.340875
2024-08-16,sz.300290,9.26,9.78,9.25,9.53,9.32,41555100,399471126.0,2.2532,6.4957,348.017407,7.506281
2024-08-19,sz.300290,9.37,9.5,9.04,9.07,9.53,34030798,314715458.4,-4.8269,5.3195,331.219085,7.143963
2024-08-20,sz.300290,9.01,9.31,8.82,9.11,9.07,31010350,280512870.0,0.441,4.8474,332.679809,7.175469
2024-08-21,sz.300290,9.02,9.04,8.81,8.82,9.11,20699200,184352293.26,-3.1833,3.2356,322.089563,6.947051
2024-08-22,sz.300290,8.8,8.92,8.24,8.25,8.82,41112050,348741204.0,-6.4626,6.4264,301.274251,6.498092
2024-08-23,sz.300290,8.29,8.57,8.15,8.34,8.25,28611159,238407370.02,1.0909,4.4724,304.560879,6.568981
2024-08-26,sz.300290,8.3,8.3,7.98,8.1,8.34,30406750,246850970.44,-2.8777,4.753,295.796537,6.379945
2024-08-27,sz.300290,8.03,8.22,7.94,7.95,8.1,21203832,170406081.4,-1.8519,3.3145,290.318823,6.261798
2024-08-28,sz.300290,7.86,8.13,7.86,8.07,7.95,21193650,169763945.5,1.5094,3.3129,294.700994,6.356316
2024-08-29,sz.300290,8.15,8.88,8.09,8.49,8.07,51394350,442854178.24,5.2045,8.0401,209.723865,6.605456
2024-08-30,sz.300290,8.4,8.96,8.35,8.76,8.49,46772800,409347647.0,3.1802,7.3171,216.393528,6.815523
2024-09-02,sz.300290,8.67,8.88,8.49,8.51,8.76,28457650,246723587.5,-2.8539,4.4519,210.217914,6.621016
2024-09-03,sz.300290,8.46,9.28,8.41,9.17,8.51,63247520,564416754.56,7.7556,9.8944,226.521536,7.134515
2024-09-04,sz.300290,8.9,9.07,8.84,8.93,9.17,38262672,341931184.42,-2.6172,5.9858,220.592946,6.947788
2024-09-05,sz.300290,9.0,9.11,8.88,8.93,8.93,25854103,231808962.47,0.0,4.0446,220.592946,6.947788
2024-09-06,sz.300290,8.9,9.18,8.78,8.91,8.93,30585100,274126294.0,-0.224,4.7847,220.098897,6.932227
2024-09-09,sz.300290,8.77,9.59,8.7,9.27,8.91,52399400,481343924.0,4.0404,8.1974,228.991782,7.212317
2024-09-10,sz.300290,9.16,9.38,9.16,9.2,9.27,31516512,291458745.28,-0.7551,4.9304,227.26261,7.157856
2024-09-11,sz.300290,9.17,9.35,8.97,9.08,9.2,29867953,273066403.42,-1.3043,4.6725,224.298315,7.064492
2024-09-12,sz.300290,9.21,9.87,9.21,9.22,9.08,48662400,460032500.5,1.5419,7.6128,227.756659,7.173416
2024-09-13,sz.300290,9.68,9.86,9.32,9.59,9.22,64122549,616955128.51,4.013,10.0313,236.896568,7.461286
2024-09-18,sz.300290,9.25,9.27,8.8,8.83,9.59,49364249,443214351.92,-7.9249,7.7225,218.1227,6.869985
2024-09-19,sz.300290,9.07,9.49,8.92,9.37,8.83,50684849,468717623.76,6.1155,7.9291,231.462027,7.29012
2024-09-20,sz.300290,9.44,9.54,9.25,9.49,9.37,45106700,425145008.0,1.2807,7.0565,234.426322,7.383484
2024-09-23,sz.300290,9.43,9.69,9.35,9.46,9.49,37613802,357263002.65,-0.3161,5.8843,233.685249,7.360143
2024-09-24,sz.300290,9.51,10.28,9.42,10.08,9.46,69897569,694242720.45,6.5539,10.9348,249.000772,7.84252
2024-09-25,sz.300290,10.14,10.96,10.14,10.75,10.08,87898018,925329978.2,6.6468,13.7508,265.551419,8.363799
2024-09-26,sz.300290,10.53,10.93,10.42,10.77,10.75,66825355,713652120.4,0.186,10.4542,266.045468,8.379359
2024-09-27,sz.300290,10.79,11.51,10.63,11.2,10.77,81586500,901766451.5,3.9926,12.7634,276.667525,8.713911
2024-09-30,sz.300290,11.77,13.44,11.7,13.44,11.2,112518447,1448651087.22,20.0,17.6024,332.00103,10.456693
2024-10-08,sz.300290,16.13,16.13,15.3,16.13,13.44,83820659,1341600963.1,20.0149,13.1129,398.45064,12.549588
2024-10-09,sz.300290,16.0,19.35,15.23,16.8,16.13,141036426,2461249525.42,4.1538,22.0638,415.001287,13.070867
2024-10-10,sz.300290,16.8,19.5,15.21,18.4,16.8,136072063,2439767298.87,9.5238,21.2871,454.525219,14.315711
2024-10-11,sz.300290,17.55,19.0,17.0,17.41,18.4,113261579,2039817229.98,-5.3804,17.7187,430.069786,13.545464
2024-10-14,sz.300290,18.24,20.89,18.19,20.89,17.41,107776925,2115484820.94,19.9885,16.8606,516.034338,16.253
2024-10-15,sz.300290,22.22,25.07,21.92,22.54,20.89,205141303,4866517196.37,7.8985,32.0923,556.793393,17.536746
2024-10-16,sz.300290,22.68,25.57,22.68,25.0,22.54,177894977,4276441179.56,10.9139,27.8299,617.561439,19.450694
2024-10-17,sz.300290,20.5,24.61,20.5,22.4,25.0,178222530,3973694883.07,-10.4,27.8811,553.335049,17.427822
2024-10-18,sz.300290,21.7,23.0,20.53,22.14,22.4,144809937,3143374243.1,-1.1607,22.6541,546.91241,17.225535
2024-10-21,sz.300290,21.74,25.27,21.15,24.02,22.14,132349912,3115564752.67,8.4914,20.7048,593.353031,18.688227
2024-10-22,sz.300290,23.4,23.67,21.28,21.86,24.02,97257671,2185363419.33,-8.9925,15.215,539.995722,17.007687
2024-10-23,sz.300290,21.09,23.0,21.09,21.41,21.86,72598591,1597842874.51,-2.0586,11.3573,528.879616,16.657575
2024-10-24,sz.300290,21.18,22.66,21.14,22.27,21.41,68092737,1496469792.79,4.0168,10.6524,550.12373,17.326679
2024-10-25,sz.300290,22.6,24.5,21.4,23.94,22.27,112609557,2611364800.6,7.4989,17.6166,1302.770204,18.698701
2024-10-28,sz.300290,22.87,28.68,22.3,26.96,23.94,132907192,3342897375.79,12.6149,20.792,1467.112978,21.057518
2024-10-29,sz.300290,26.5,29.64,25.68,25.99,26.96,124627215,3431076064.79,-3.5979,19.4967,1414.327385,20.299884
2024-10-30,sz.300290,25.45,27.5,25.4,26.77,25.99,84140977,2236311800.21,3.0012,13.163,1456.773532,20.909115
2024-10-31,sz.300290,26.6,27.44,25.5,26.14,26.77,93892407,2487325284.5,-2.3534,14.6885,1422.490105,20.417044
2024-11-01,sz.300290,25.7,26.05,20.91,20.91,26.14,115588597,2638346970.67,-20.0077,18.0827,1137.883248,16.332073
2024-11-04,sz.300290,22.24,25.09,22.24,25.09,20.91,129701562,3173480005.84,19.9904,20.2905,1365.351061,19.596926
2024-11-05,sz.300290,24.72,27.45,24.0,26.46,25.09,120929154,3081033844.93,5.4603,18.9182,1439.903909,20.666985
2024-11-06,sz.300290,26.34,28.42,25.31,26.51,26.46,104800281,2817834901.67,0.189,16.395,1442.624816,20.706038
2024-11-07,sz.300290,25.7,29.1,25.56,28.46,26.51,111664933,3100266897.05,7.3557,17.4689,1548.740184,22.229116
2024-11-08,sz.300290,28.49,29.0,27.3,28.75,28.46,97884880,2755386918.0,1.019,15.3131,1564.521443,22.455624
2024-11-11,sz.300290,28.02,28.3,26.42,27.25,28.75,78062538,2140639484.46,-5.2174,12.2121,1482.894238,21.284027
2024-11-12,sz.300290,27.0,28.17,26.56,27.44,27.25,51750948,1412062545.37,0.6972,8.0959,1493.233684,21.432429
2024-11-13,sz.300290,27.08,28.3,26.9,28.08,27.44,56791572,1580857484.58,2.3324,8.8845,1528.061292,21.932311
2024-11-14,sz.300290,28.13,28.7,25.82,26.63,28.08,61198878,1657835341.12,-5.1638,9.574,1449.154993,20.799766
2024-11-15,sz.300290,26.15,27.09,24.5,25.01,26.63,57008397,1472269130.96,-6.0834,8.9184,1360.99761,19.534441
2024-11-18,sz.300290,25.01,25.01,22.38,22.78,25.01,63029887,1466427931.07,-8.9164,9.8604,1239.645165,17.792665
2024-11-19,sz.300290,23.28,23.5,22.3,23.49,22.78,49214304,1130187885.25,3.1168,7.6991,1278.282042,18.347221
2024-11-20,sz.300290,23.0,23.91,22.95,23.5,23.49,45007870,1057385999.41,0.0426,7.041,1278.826223,18.355032
2024-11-21,sz.300290,23.01,23.68,22.8,23.15,23.5,43695923,1014756354.46,-1.4894,6.8358,1259.779875,18.081659
2024-11-22,sz.300290,23.15,27.03,22.83,25.5,23.15,95072099,2339589088.54,10.1512,14.8731,1387.662498,19.917163
2024-11-25,sz.300290,24.29,24.97,23.18,23.91,25.5,52866042,1266268548.37,-6.2353,8.2704,1301.13766,18.675269
2024-11-26,sz.300290,23.61,24.84,23.25,23.65,23.91,41965053,1013959342.39,-1.0874,6.565,1286.988944,18.472192
2024-11-27,sz.300290,23.23,23.88,22.0,23.58,23.65,48105150,1098130718.58,-0.296,7.5256,1283.179674,18.417517
2024-11-28,sz.300290,23.69,25.21,23.69,24.4,23.58,58836093,1448266953.88,3.4775,9.2043,1327.802547,19.057991
2024-11-29,sz.300290,24.06,25.12,24.0,24.81,24.4,52078708,1285482815.14,1.6803,8.1472,1350.113983,19.378228
2024-12-02,sz.300290,24.7,24.7,23.66,24.07,24.81,47919129,1150761982.86,-2.9827,7.4965,1309.844562,18.800239
2024-12-03,sz.300290,23.99,24.28,23.22,23.38,24.07,41209133,973565013.86,-2.8666,6.4468,1272.296047,18.261304
2024-12-04,sz.300290,23.08,23.58,22.65,22.77,23.38,35690732,823804824.04,-2.6091,5.5835,1239.100983,17.784855
2024-12-05,sz.300290,22.33,22.96,22.22,22.71,22.77,30990211,701183741.91,-0.2635,4.8481,1235.835895,17.737991
2024-12-06,sz.300290,22.71,23.78,22.7,23.04,22.71,40011012,933815472.68,1.4531,6.2593,1253.79388,17.995742
2024-12-09,sz.300290,22.48,22.86,21.4,21.45,23.04,51408077,1125069675.22,-6.901,8.0423,1167.269042,16.753849
2024-12-10,sz.300290,22.39,22.5,21.41,21.49,21.45,39173550,851394971.52,0.1865,6.1283,1169.445768,16.785091
2024-12-11,sz.300290,21.22,22.26,21.21,21.97,21.49,33198200,724110239.5,2.2336,5.1935,1195.566474,17.160002
2024-12-12,sz.300290,22.05,22.87,21.62,22.55,21.97,41235650,915008026.44,2.64,6.4509,1227.128993,17.61302
2024-12-13,sz.300290,22.5,22.5,21.5,21.53,22.55,33470783,729759882.27,-4.5233,5.2362,1171.622493,16.816334
2024-12-16,sz.300290,22.2,22.96,21.63,21.8,21.53,41722466,930141649.43,1.2541,6.5271,1186.31539,17.027221
2024-12-17,sz.300290,21.42,21.45,20.0,20.11,21.8,44087653,901819731.06,-7.7523,6.8971,1094.348738,15.707221
2024-12-18,sz.300290,20.0,20.48,19.63,20.29,20.11,27980549,562904797.62,0.8951,4.3773,1104.144003,15.847813
2024-12-19,sz.300290,19.89,21.29,19.79,20.71,20.29,31720301,655016327.93,2.07,4.9623,1126.999621,16.17586
2024-12-20,sz.300290,20.66,21.72,20.47,21.32,20.71,30296628,643350189.68,2.9454,4.7396,1160.194684,16.65231
2024-12-23,sz.300290,21.19,21.6,20.18,20.3,21.32,27489533,571249792.35,-4.7842,4.3005,1104.688184,15.855624
2024-12-24,sz.300290,20.38,20.49,19.59,20.3,20.3,26300785,525438232.81,0.0,4.1145,1104.688184,15.855624
2024-12-25,sz.300290,20.2,20.29,19.14,19.31,20.3,25839080,504020974.1,-4.8768,4.0423,1050.814229,15.082369
2024-12-26,sz.300290,19.32,19.61,19.17,19.34,19.31,18491650,357873868.0,0.1554,2.8928,1052.446773,15.105801
2024-12-27,sz.300290,19.39,20.79,19.21,19.93,19.34,39729034,801251982.08,3.0507,6.2152,1084.553474,15.566629
2024-12-30,sz.300290,19.74,19.88,18.9,19.62,19.93,22974450,448347390.0,-1.5554,3.5941,1067.683851,15.324499
2024-12-31,sz.300290,20.1,21.4,19.7,20.35,19.62,53542571,1097281054.66,3.7207,8.3762,1107.409091,15.894677
2025-01-02,sz.300290,20.0,20.59,18.95,19.28,20.35,35465213,702064022.37,-5.258,5.5482,1049.181685,15.058937
2025-01-03,sz.300290,19.4,19.44,17.69,17.78,19.28,38284089,698909876.7,-7.7801,5.9892,967.554479,13.887339
2025-01-06,sz.300290,17.34,17.54,16.83,17.05,17.78,33022050,566542276.01,-4.1057,5.166,927.829239,13.317162
2025-01-07,sz.300290,17.24,17.5,16.77,17.5,17.05,27894746,478993801.58,2.6393,4.3639,952.3174,13.668641
2025-01-08,sz.300290,17.4,17.69,16.7,17.46,17.5,28940050,499236390.5,-0.2286,4.5274,950.140675,13.637398
2025-01-09,sz.300290,17.22,17.74,17.22,17.52,17.46,21603969,379153793.19,0.3436,3.3797,953.405763,13.684262
2025-01-10,sz.300290,17.55,17.72,16.75,16.78,17.52,22715770,391738207.91,-4.2237,3.5537,913.136342,13.106274
2025-01-13,sz.300290,17.89,19.16,17.7,18.72,16.78,72833012,1343856462.48,11.5614,11.394,1018.707528,14.621541
2025-01-14,sz.300290,18.89,19.39,18.5,19.39,18.72,55268215,1052426364.99,3.5791,8.6462,1055.16768,15.144854
2025-01-15,sz.300290,19.3,19.45,18.59,18.8,19.39,37678054,713528901.88,-3.0428,5.8944,1023.060979,14.684026
2025-01-16,sz.300290,18.91,19.22,18.55,18.9,18.8,30200738,571719689.8,0.5319,4.7246,1028.502792,14.762132
2025-01-17,sz.300290,18.7,19.08,18.53,18.9,18.9,23034562,434555740.06,0.0,3.6035,1028.502792,14.762132
2025-01-20,sz.300290,19.1,19.14,18.45,18.54,18.9,23124130,432150099.66,-1.9048,3.6175,1008.912263,14.480949
2025-01-21,sz.300290,18.75,18.83,18.1,18.47,18.54,21245438,391538865.42,-0.3776,3.3236,1005.102993,14.426274
2025-01-22,sz.300290,18.25,18.5,17.83,17.87,18.47,20553758,371735078.88,-3.2485,3.2154,972.452111,13.957635
2025-01-23,sz.300290,18.15,19.19,18.15,18.43,17.87,43861004,819993621.32,3.1337,6.8616,1002.926268,14.395032
2025-01-24,sz.300290,18.29,18.85,18.1,18.76,18.43,28466426,525796786.98,1.7906,4.4533,1020.884253,14.652783
2025-01-27,sz.300290,19.0,19.09,17.5,17.5,18.76,25978006,468425103.38,-6.7164,4.064,952.3174,13.668641
2025-02-05,sz.300290,17.9,18.76,17.9,18.57,17.5,33790950,625076271.42,6.1143,5.2863,1010.544807,14.504381
2025-02-06,sz.300290,18.57,19.81,18.33,19.53,18.57,44507054,850180877.96,5.1696,6.9627,1062.786219,15.254203
2025-02-07,sz.300290,19.48,21.25,19.31,20.72,19.53,65881658,1340565860.48,6.0932,10.3065,1127.543802,16.183671
2025-02-10,sz.300290,21.2,22.15,20.77,22.0,20.72,72370323,1556545527.58,6.1776,11.3216,1197.199018,17.183434
2025-02-11,sz.300290,21.57,21.58,20.8,20.84,22.0,49792741,1051372642.03,-5.2727,7.7896,1134.073979,16.277399
2025-02-12,sz.300290,20.66,21.34,20.6,21.04,20.84,33581971,707078669.57,0.9597,5.2536,1144.957606,16.433612
2025-02-13,sz.300290,21.01,21.9,20.55,21.07,21.04,41313819,873236475.84,0.1426,6.4631,1146.59015,16.457044
2025-02-14,sz.300290,21.21,22.99,21.14,22.99,21.07,77604130,1726702202.86,9.1125,12.1404,1251.072973,17.956689
2025-02-17,sz.300290,23.0,23.2,21.66,22.32,22.99,63962935,1423747378.42,-2.9143,10.0064,1214.612822,17.433375
2025-02-18,sz.300290,21.98,21.98,20.64,20.73,22.32,42760470,906753394.71,-7.1237,6.6895,1128.087983,16.191482
2025-02-19,sz.300290,21.2,21.71,20.9,21.14,20.73,33872208,720508904.98,1.9778,5.299,1150.39942,16.511718
2025-02-20,sz.300290,20.8,21.57,20.6,20.87,21.14,31718289,666505490.79,-1.2772,4.962,1135.706523,16.300831
2025-02-21,sz.300290,20.83,21.36,20.18,21.18,20.87,42872918,892159811.37,1.4854,6.707,1152.576145,16.542961
2025-02-24,sz.300290,20.8,20.88,20.15,20.49,21.18,37638881,767464876.22,-3.2578,5.8882,1115.02763,16.004026
2025-02-25,sz.300290,19.99,21.18,19.7,20.43,20.49,37400150,769499873.5,-0.2928,5.8509,1111.762542,15.957162
2025-02-26,sz.300290,20.26,20.63,19.88,20.44,20.43,30890767,624847919.48,0.0489,4.8326,1112.306724,15.964973
2025-02-27,sz.300290,20.41,22.5,20.13,22.09,20.44,73629056,1576730890.2,8.0724,11.5185,1202.09665,17.25373
2025-02-28,sz.300290,21.6,21.85,20.01,20.17,22.09,45664365,954325628.15,-8.6917,7.1437,1097.613827,15.754085
2025-03-03,sz.300290,20.17,21.29,19.71,20.59,20.17,35319468,728405330.99,2.0823,5.5254,1120.469444,16.082132
2025-03-04,sz.300290,20.2,20.87,20.03,20.48,20.59,25214908,518065658.42,-0.5342,3.9446,1114.483449,15.996215
2025-03-05,sz.300290,20.45,20.63,19.87,20.14,20.48,23579626,475216253.76,-1.6602,3.6888,1095.981282,15.730653
2025-03-06,sz.300290,20.26,20.85,20.16,20.67,20.14,30955923,635618005.25,2.6316,4.8427,1124.822895,16.144618
2025-03-07,sz.300290,20.5,21.09,20.16,20.3,20.67,29341779,605600625.54,-1.79,4.5902,1104.688184,15.855624
2025-03-10,sz.300290,21.05,21.32,20.4,20.5,20.3,28450164,592044772.54,0.9852,4.4507,1115.571812,16.011837
2025-03-11,sz.300290,19.8,20.3,19.68,19.99,20.5,24329993,486089643.96,-2.4878,3.8062,1087.818562,15.613493
2025-03-12,sz.300290,20.22,21.2,20.09,20.72,19.99,47194800,983350296.0,3.6518,7.3832,1127.543802,16.183671
2025-03-13,sz.300290,20.54,20.77,19.98,20.15,20.72,30609760,620693267.92,-2.751,4.7886,1096.525464,15.738464
2025-03-14,sz.300290,20.1,20.4,19.68,20.32,20.15,23548942,473111440.3,0.8437,3.684,1105.776547,15.871245
2025-03-17,sz.300290,20.23,20.42,19.73,19.84,20.32,27657314,550578361.62,-2.3622,4.3267,1079.655841,15.496334
2025-03-18,sz.300290,19.69,19.97,18.18,18.94,19.84,46801275,891247514.53,-4.5363,7.3216,1030.679518,14.793375
2025-03-19,sz.300290,18.88,19.3,18.61,18.97,18.94,20605100,392642314.5,0.1584,3.2235,1032.312062,14.816807
2025-03-20,sz.300290,18.61,19.45,18.23,18.5,18.97,27814299,523496444.43,-2.4776,4.3513,1006.735538,14.449706
2025-03-21,sz.300290,18.23,19.16,17.92,18.9,18.5,31126650,578762791.0,2.1622,4.8695,1028.502792,14.762132
2025-03-24,sz.300290,18.68,18.79,17.88,18.12,18.9,21106674,383815132.8,-4.127,3.3019,986.056645,14.152901
2025-03-25,sz.300290,18.01,18.52,17.62,17.91,18.12,18460502,333707675.5,-1.1589,2.888,974.628837,13.988878
2025-03-26,sz.300290,17.73,17.97,17.6,17.63,17.91,14195200,252067871.0,-1.5634,2.2207,959.391758,13.770179
2025-03-27,sz.300290,18.0,18.65,17.82,18.35,17.63,27702050,510545054.5,4.0839,4.3337,998.572817,14.332546
2025-03-28,sz.300290,18.35,18.4,17.73,17.81,18.35,16798827,302114879.91,-2.9428,2.628,969.187023,13.910771
2025-03-31,sz.300290,17.61,17.63,16.86,17.07,17.81,19741454,337408829.55,-4.155,3.0884,928.917601,13.332783
2025-04-01,sz.300290,17.08,17.47,16.85,17.19,17.07,16170050,277399820.0,0.703,2.5296,935.447778,13.426511
2025-04-02,sz.300290,17.09,17.26,16.97,17.05,17.19,9563597,163388832.94,-0.8144,1.4961,927.829239,13.317162
2025-04-03,sz.300290,16.81,17.56,16.81,17.23,17.05,15425154,265593512.18,1.0557,2.4131,937.624503,13.457753
2025-04-07,sz.300290,16.0,16.35,13.78,13.78,17.23,36439750,535399514.29,-20.0232,5.7006,749.88193,10.763078
2025-04-08,sz.300290,13.87,15.06,13.87,14.8,13.78,36828650,540966080.5,7.402,5.7615,805.38843,11.559765
2025-04-09,sz.300290,14.65,16.3,13.82,15.94,14.8,40729155,619520435.76,7.7027,6.3717,867.425106,12.450179
2025-04-10,sz.300290,16.45,16.84,16.22,16.38,15.94,26913459,445325122.64,2.7604,4.2103,891.369087,12.793848
2025-04-11,sz.300290,16.38,17.15,16.08,16.73,16.38,22752380,379894093.1,2.1368,3.5594,910.415435,13.067221
2025-04-14,sz.300290,17.02,17.15,16.52,16.68,16.73,21014800,353337712.0,-0.2989,3.2876,907.694528,13.028168
2025-04-15,sz.300290,16.68,16.78,16.38,16.5,16.68,13290650,219429283.0,-1.0791,2.0792,897.899263,12.887576
2025-04-16,sz.300290,16.5,16.86,15.89,16.21,16.5,17716200,289478377.0,-1.7576,2.7715,882.118003,12.661067
2025-04-17,sz.300290,16.14,16.33,16.0,16.06,16.21,11011797,178167823.4,-0.9254,1.7227,873.955283,12.543907
2025-04-18,sz.300290,16.19,16.73,15.96,16.35,16.06,17376350,283594805.29,1.8057,2.7184,889.736543,12.770416
2025-04-21,sz.300290,16.14,16.4,16.05,16.3,16.35,14220900,230976581.0,-0.3058,2.2247,887.015636,12.731363
2025-04-22,sz.300290,16.35,16.97,16.27,16.44,16.3,24516900,408932584.0,0.8589,3.8354,-3602.384707,12.80204
2025-04-23,sz.300290,16.51,16.77,16.13,16.28,16.44,18401200,300942389.5,-0.9732,2.8787,-3567.325001,12.677446
2025-04-24,sz.300290,16.22,16.32,15.78,15.97,16.28,14188600,227311914.5,-1.9042,2.2197,-3499.396823,12.436045
2025-04-25,sz.300290,16.01,16.29,15.98,16.19,15.97,11971750,193405183.0,1.3776,1.8729,-3547.603917,12.607362
2025-04-28,sz.300290,16.13,16.94,16.13,16.16,16.19,30253221,498978819.33,-0.1853,4.7328,-702.018727,12.994984
2025-04-29,sz.300290,16.16,16.35,15.86,15.89,16.16,16844500,268584068.0,-1.6708,2.6352,-690.289454,12.777865
2025-04-30,sz.300290,15.93,16.35,15.88,16.3,15.89,18243628,295797011.54,2.5802,2.854,-708.100573,13.107565
2025-05-06,sz.300290,16.61,17.58,16.58,17.43,16.3,36664048,632034728.05,6.9325,5.7357,-757.189754,14.016248
2025-05-07,sz.300290,17.6,17.74,16.96,17.26,17.43,24120600,417452289.15,-0.9753,3.7734,-749.804656,13.879544
2025-05-08,sz.300290,17.13,17.43,17.03,17.4,17.26,14570950,252621414.5,0.8111,2.2795,-755.886501,13.992124
2025-05-09,sz.300290,17.5,17.53,16.9,17.02,17.4,17561800,300251448.0,-2.1839,2.7474,-739.378635,13.686549
2025-05-12,sz.300290,17.12,17.8,17.09,17.35,17.02,21637300,377508540.0,1.9389,3.3849,-753.714413,13.951917
2025-05-13,sz.300290,17.66,17.66,17.1,17.12,17.35,14797300,256091133.89,-1.3256,2.3149,-743.72281,13.766964
2025-05-14,sz.300290,17.12,17.47,16.99,17.36,17.12,17178280,296815091.66,1.4019,2.6874,-754.148831,13.959958
2025-05-15,sz.300290,17.28,17.37,16.72,16.83,17.36,16625900,281144649.0,-3.053,2.601,-731.124702,13.533761
2025-05-16,sz.300290,16.67,17.63,16.6,17.28,16.83,25359397,436970230.29,2.6738,3.9672,-750.673491,13.895627
2025-05-19,sz.300290,18.53,19.68,17.85,18.89,17.28,69692599,1308079991.72,9.3171,10.9027,-820.614713,15.1903
2025-05-20,sz.300290,19.21,19.23,18.51,18.86,18.89,43527530,820575277.0,-0.1588,6.8095,-819.31146,15.166176
2025-05-21,sz.300290,18.72,18.99,18.1,18.11,18.86,25072889,458082983.67,-3.9767,3.9224,-786.730146,14.563067
2025-05-22,sz.300290,17.92,18.23,17.69,17.7,18.11,21101825,377249992.25,-2.2639,3.3012,-768.919027,14.233368
2025-05-23,sz.300290,17.66,18.05,17.34,17.5,17.7,21093192,372626163.0,-1.1299,3.2998,-760.230676,14.072539
2025-05-26,sz.300290,17.71,18.44,17.38,18.08,17.5,30616842,552952980.02,3.3143,4.7897,-785.426893,14.538943
2025-05-27,sz.300290,17.71,17.8,17.21,17.32,18.08,23089850,401360221.5,-4.2035,3.6122,-752.411161,13.927793
2025-05-28,sz.300290,17.25,17.54,16.88,16.99,17.32,16924451,289557675.08,-1.9053,2.6477,-738.075382,13.662425
2025-05-29,sz.300290,16.88,17.35,16.88,17.32,16.99,15794254,271114500.74,1.9423,2.4709,-752.411161,13.927793
2025-05-30,sz.300290,17.27,18.7,17.27,17.88,17.32,39631153,719394507.11,3.2333,6.1999,-776.738543,14.378114
2025-06-03,sz.300290,17.32,18.18,17.32,17.82,17.88,28186827,496781734.22,-0.3356,4.4096,-774.132037,14.329865
2025-06-04,sz.300290,17.64,17.88,17.39,17.58,17.82,17810105,313421377.75,-1.3468,2.7862,-763.706017,14.13687
2025-06-05,sz.300290,17.69,17.79,17.4,17.66,17.58,15550150,273595662.0,0.4551,2.4327,-767.181357,14.201202
2025-06-06,sz.300290,17.66,17.97,17.47,17.87,17.66,19617951,348172401.6,1.1891,3.069,-776.304125,14.370072
2025-06-09,sz.300290,17.61,18.17,17.47,17.81,17.87,19358130,343544788.03,-0.3358,3.0284,-773.69762,14.321824
2025-06-10,sz.300290,17.88,17.91,17.01,17.29,17.81,19272879,335728987.88,-2.9197,3.0151,-751.107908,13.903668
2025-06-11,sz.300290,17.26,17.44,17.19,17.29,17.29,9790624,169393908.58,0.0,1.5316,-751.107908,13.903668
2025-06-12,sz.300290,17.29,17.41,17.05,17.2,17.29,10091601,173758640.1,-0.5205,1.5787,-747.198151,13.831295
2025-06-13,sz.300290,17.08,17.51,16.81,17.05,17.2,17274825,295689488.0,-0.8721,2.7025,-740.681888,13.710673
2025-06-16,sz.300290,16.72,17.02,16.71,16.92,17.05,11531229,194597708.55,-0.7625,1.8039,-735.03446,13.606134
2025-06-17,sz.300290,16.9,17.28,16.87,16.93,16.92,10655125,181660927.0,0.0591,1.6669,-735.468877,13.614176
2025-06-18,sz.300290,16.82,17.17,16.61,17.0,16.93,11139085,188082727.92,0.4135,1.7426,-738.5098,13.670466
2025-06-19,sz.300290,16.88,17.45,16.85,17.0,17.0,14794600,253321414.45,0.0,2.3145,-738.5098,13.670466
2025-06-20,sz.300290,17.0,17.8,16.7,17.58,17.0,29867731,519142804.13,3.4118,4.6725,-763.706017,14.13687
2025-06-23,sz.300290,17.22,17.32,17.0,17.27,17.58,17970800,308770228.52,-1.7634,2.8114,-750.239073,13.887585
2025-06-24,sz.300290,17.2,17.47,17.2,17.43,17.27,16656844,289460508.58,0.9265,2.6058,-757.189754,14.016248
2025-06-25,sz.300290,17.42,17.72,17.31,17.72,17.43,21233631,372114186.73,1.6638,3.3218,-769.787862,14.249451
2025-06-26,sz.300290,17.65,18.08,17.42,17.58,17.72,21999900,389834396.96,-0.7901,3.4417,-763.706017,14.13687
2025-06-27,sz.300290,17.53,17.88,17.46,17.53,17.58,14519200,255490798.0,-0.2844,2.2714,-761.533929,14.096663
2025-06-30,sz.300290,17.51,17.6,17.34,17.48,17.53,14618199,255398902.52,-0.2852,2.2869,-759.361841,14.056456
2025-07-01,sz.300290,17.36,17.62,17.23,17.32,17.48,14435549,250674082.17,-0.9153,2.2583,-752.411161,13.927793
2025-07-02,sz.300290,17.28,17.54,17.03,17.14,17.32,13806750,237423676.5,-1.0393,2.1599,-744.591645,13.783046
2025-07-03,sz.300290,17.08,17.48,17.07,17.48,17.14,14966904,258710770.67,1.9837,2.3414,-759.361841,14.056456
2025-07-04,sz.300290,17.4,17.51,17.2,17.21,17.48,11498450,198918250.0,-1.5446,1.7988,-747.632568,13.839337
2025-07-07,sz.300290,17.05,17.2,16.77,16.86,17.21,12780006,215886754.24,-2.0337,1.9993,-732.427955,13.557886
2025-07-08,sz.300290,16.8,17.45,16.8,17.38,16.86,18700206,322296460.98,3.0842,2.9255,-755.017666,13.976041
2025-07-09,sz.300290,17.35,17.43,17.07,17.09,17.38,11655200,200903127.0,-1.6686,1.8233,-742.419558,13.742839
2025-07-10,sz.300290,17.05,17.23,16.97,17.07,17.09,9202578,157181663.74,-0.117,1.4397,-741.550723,13.726756
2025-07-11,sz.300290,17.01,17.39,16.91,17.32,17.07,18232782,313966636.34,1.4646,2.8523,-752.411161,13.927793
2025-07-14,sz.300290,17.28,17.32,17.02,17.07,17.32,12705800,217287352.0,-1.4434,1.9877,-741.550723,13.726756
2025-07-15,sz.300290,17.12,17.18,16.75,16.98,17.07,15319650,258785298.0,-0.5272,2.3966,-737.640965,13.654383
2025-07-16,sz.300290,16.88,17.35,16.88,17.05,16.98,15428600,264470978.0,0.4122,2.4137,-740.681888,13.710673
2025-07-17,sz.300290,17.22,17.77,17.16,17.47,17.05,27203105,476872217.77,2.4633,4.2557,-758.927424,14.048414
2025-07-18,sz.300290,17.43,17.8,17.43,17.73,17.47,23776550,418717946.5,1.4883,3.7196,-770.22228,14.257492
2025-07-21,sz.300290,17.56,17.66,17.41,17.57,17.73,14997864,262979477.02,-0.9024,2.3463,-763.271599,14.128829
2025-07-22,sz.300290,17.47,18.09,17.47,17.78,17.57,29712138,530082075.14,1.1952,4.6482,-772.394367,14.297699
2025-07-23,sz.300290,17.63,17.7,17.3,17.33,17.78,17594210,307212226.0,-2.5309,2.7524,-752.845578,13.935834
2025-07-24,sz.300290,17.29,17.68,17.19,17.66,17.33,15334799,268323662.6,1.9042,2.399,-767.181357,14.201202
2025-07-25,sz.300290,17.63,18.54,17.63,18.38,17.66,41458072,754680135.17,4.077,6.4857,-798.459419,14.780186
2025-07-28,sz.300290,18.39,18.47,18.0,18.06,18.38,21699861,392700416.13,-1.741,3.3947,-784.558058,14.52286
2025-07-29,sz.300290,18.01,18.07,17.72,17.93,18.06,16113419,287506691.66,-0.7198,2.5208,-778.91063,14.418321
2025-07-30,sz.300290,18.0,19.44,17.74,18.75,17.93,53491092,1003872638.26,4.5733,8.3682,-814.532868,15.07772
2025-07-31,sz.300290,19.13,19.3,18.55,18.59,18.75,33049208,621659421.73,-0.8533,5.1702,-807.582187,14.949057
2025-08-01,sz.300290,18.7,19.07,18.34,19.02,18.59,28209353,527353618.46,2.3131,4.4131,-826.262141,15.294839
2025-08-04,sz.300290,19.04,19.4,18.81,19.23,19.02,32259050,616991591.6,1.1041,5.0466,-835.384909,15.46371
2025-08-05,sz.300290,19.0,19.9,18.92,19.5,19.23,32482383,633981874.69,1.4041,5.0815,-847.114182,15.680829
2025-08-06,sz.300290,19.3,19.4,18.98,19.15,19.5,27322057,522590108.16,-1.7949,4.2743,-831.909569,15.399378
2025-08-07,sz.300290,18.99,19.51,18.98,19.17,19.15,22208205,427450804.46,0.1044,3.4743,-832.778404,15.415461
2025-08-08,sz.300290,19.1,19.19,18.39,18.46,19.17,24793786,461670547.57,-3.7037,3.8787,-801.934759,14.844518
2025-08-11,sz.300290,18.28,19.51,18.27,19.18,18.46,29152092,555026158.56,3.9003,4.5606,-833.212821,15.423502
2025-08-12,sz.300290,19.15,19.31,19.02,19.1,19.18,16049388,307057482.52,-0.4171,2.5108,-829.737481,15.359171
2025-08-13,sz.300290,19.12,22.92,19.02,22.92,19.1,81034956,1734817562.49,20.0,12.6771,-995.684977,18.431005
2025-08-14,sz.300290,24.0,24.0,22.3,22.41,22.92,95829907,2210744786.47,-2.2251,14.9916,-973.529683,18.020891
2025-08-15,sz.300290,22.8,23.6,22.41,23.21,22.41,61402110,1422831756.98,3.5698,9.6058,-1008.283086,18.664207
2025-08-18,sz.300290,23.0,24.38,23.0,23.31,23.21,63760019,1506806822.51,0.4308,9.9746,-1012.627261,18.744621
2025-08-19,sz.300290,23.23,24.1,22.97,23.1,23.31,49412333,1160567277.63,-0.9009,7.7301,-1003.504493,18.575751
2025-08-20,sz.300290,23.12,23.88,22.82,23.8,23.1,42064364,983054962.52,3.0303,6.5806,-1033.91372,19.138653
2025-08-21,sz.300290,23.46,25.8,23.33,24.76,23.8,60893660,1492851758.87,4.0336,9.5262,-1075.617803,19.910632
2025-08-22,sz.300290,24.3,26.0,24.3,25.07,24.76,63820862,1616667337.25,1.252,9.9791,-613.893812,20.53186
2025-08-25,sz.300290,25.56,26.96,24.69,25.7,25.07,57321034,1472791391.81,2.513,8.9628,-629.320741,21.047819
2025-08-26,sz.300290,25.42,25.95,24.8,24.87,25.7,44010189,1107452446.07,-3.2296,6.8815,-608.996375,20.368064
2025-08-27,sz.300290,24.88,25.85,23.91,23.93,24.87,49633409,1237354810.86,-3.7797,7.7608,-585.978418,19.598222
2025-08-28,sz.300290,23.93,26.3,23.45,25.78,23.93,65851930,1629018411.65,7.7309,10.2967,-631.279716,21.113337
2025-08-29,sz.300290,25.68,26.35,25.3,25.89,25.78,44480919,1146247962.56,0.4267,6.9551,-633.973307,21.203425
2025-09-01,sz.300290,25.55,25.78,24.49,24.57,25.89,42424553,1056138954.19,-5.0985,6.6336,-601.650218,20.12237
2025-09-02,sz.300290,24.5,24.96,23.93,24.08,24.57,29888750,730756896.27,-1.9943,4.6735,-589.651496,19.721069
2025-09-03,sz.300290,24.34,24.8,23.48,23.64,24.08,23838861,575387076.15,-1.8272,3.7275,-578.877133,19.360717
2025-09-04,sz.300290,23.88,24.42,22.7,23.92,23.64,30917082,733843645.97,1.1844,4.8343,-585.733546,19.590032
2025-09-05,sz.300290,23.92,25.08,23.41,24.83,23.92,31128612,760309325.1,3.8043,4.8673,-608.016887,20.335305
2025-09-08,sz.300290,24.33,24.7,23.49,23.8,24.83,29227311,698582668.44,-4.1482,4.57,-582.795083,19.491754
2025-09-09,sz.300290,24.91,28.56,24.47,26.22,23.8,67708365,1803682298.0,10.1681,10.587,-642.054079,21.473689
2025-09-10,sz.300290,26.2,26.35,25.35,25.83,26.22,36440279,943020371.74,-1.4874,5.6979,-632.504076,21.154286
2025-09-11,sz.300290,25.45,27.07,24.88,26.62,25.83,44402263,1155931083.67,3.0585,6.9428,-651.848954,21.801281
2025-09-12,sz.300290,26.8,27.54,26.69,26.84,26.62,35748692,965989123.71,0.8264,5.5897,-657.236136,21.981457
2025-09-15,sz.300290,27.0,31.99,26.5,31.33,26.84,72176118,2121691605.01,16.7288,11.2856,-767.183612,25.658683
2025-09-16,sz.300290,31.26,32.29,30.8,31.85,31.33,54939753,1733148285.64,1.6598,8.5905,-779.91695,26.084553
2025-09-17,sz.300290,31.85,32.28,31.34,31.46,31.85,41472589,1312978743.6,-1.2245,6.4847,-770.366946,25.765151
2025-09-18,sz.300290,31.23,31.44,26.8,27.9,31.46,88673934,2574883377.89,-11.316,13.8652,-683.192556,22.849577
2025-09-19,sz.300290,29.01,29.61,27.91,28.06,27.9,50094991,1438064422.94,0.5735,7.8329,-687.110506,22.980614
2025-09-22,sz.300290,27.69,28.24,27.17,27.6,28.06,30502011,841789105.07,-1.6393,4.7693,-675.846399,22.603883
2025-09-23,sz.300290,28.41,28.59,26.1,27.28,27.6,38166174,1034467802.68,-1.1594,5.9677,-668.010499,22.341809
2025-09-24,sz.300290,26.92,27.85,26.57,27.45,27.28,27036030,739999703.75,0.6232,4.2274,-672.173321,22.481036
2025-09-25,sz.300290,27.45,28.17,27.27,27.63,27.45,29513551,818215120.12,0.6557,4.6148,-676.581015,22.628452
2025-09-26,sz.300290,27.55,28.1,27.0,27.0,27.63,26057237,715170419.51,-2.2801,4.0744,-661.154086,22.112494
2025-09-29,sz.300290,26.8,27.75,26.1,27.46,27.0,25028531,678401595.54,1.7037,3.9135,-672.418193,22.489226
2025-09-30,sz.300290,27.6,28.78,27.47,28.21,27.46,30718261,863105480.87,2.7312,4.8032,-690.783584,23.103461
2025-10-09,sz.300290,27.5,27.7,24.3,25.8,28.21,52052533,1342110836.74,-8.5431,8.139,-631.76946,21.129717
2025-10-10,sz.300290,25.2,25.4,23.91,23.94,25.8,32127452,783400531.84,-7.2093,5.0235,-586.22329,19.606411
2025-10-13,sz.300290,22.55,24.35,22.31,24.0,23.94,21695691,515405889.25,0.2506,3.3924,-587.692521,19.65555
2025-10-14,sz.300290,24.18,24.66,23.38,24.06,24.0,25974360,627006641.69,0.25,4.0614,-589.161752,19.704689
2025-10-15,sz.300290,23.98,24.27,23.46,24.23,24.06,14260464,340871847.95,0.7066,2.2298,-593.324574,19.843916
2025-10-16,sz.300290,24.02,24.18,21.62,22.16,24.23,43571692,975893211.26,-8.5431,6.8129,-542.636094,18.148625
2025-10-17,sz.300290,22.06,22.8,21.5,22.19,22.16,29175133,647989372.4,0.1354,4.5619,-543.37071,18.173194
2025-10-20,sz.300290,22.19,22.45,21.55,21.85,22.19,21694176,475137585.76,-1.5322,3.3921,-535.045066,17.894741
2025-10-21,sz.300290,22.0,23.1,21.88,22.86,21.85,27216808,614362157.74,4.6224,4.2557,-559.777126,18.721912
2025-10-22,sz.300290,22.6,23.39,22.44,23.08,22.86,21918534,502478429.97,0.9624,3.4272,-565.164308,18.902088
2025-10-23,sz.300290,23.03,23.19,22.46,22.88,23.08,16976076,385901363.7,-0.8666,2.6544,-560.26687,18.738291
2025-10-24,sz.300290,22.91,23.05,22.66,22.92,22.88,14975751,342588043.64,0.1748,2.3416,-561.246357,18.771051
2025-10-27,sz.300290,22.75,23.17,22.5,22.51,22.92,20552771,467990194.95,-1.7888,3.2137,-551.20661,18.435268
2025-10-28,sz.300290,22.34,23.76,22.25,22.99,22.51,29653593,688433808.61,2.1324,4.6367,-525.430817,18.951108
2025-10-29,sz.300290,23.0,23.5,22.51,22.73,22.99,17896672,409072119.01,-1.1309,2.7984,-519.48858,18.736785
2025-10-30,sz.300290,22.73,25.66,22.4,24.41,22.73,52365168,1263763139.43,7.3911,8.1879,-557.884569,20.121642
2025-10-31,sz.300290,24.44,27.27,24.06,26.5,24.41,60771200,1562840796.7,8.5621,9.5023,-605.651006,21.84447
2025-11-03,sz.300290,27.36,31.0,27.36,29.69,26.5,70978817,2071923223.5,12.0377,11.0984,-678.557675,24.47405
2025-11-04,sz.300290,28.3,29.39,27.95,28.11,29.69,47606117,1359752515.2,-5.3217,7.4438,-642.447162,23.171625
2025-11-05,sz.300290,27.46,30.42,27.46,29.16,28.11,52389951,1526002364.9,3.7353,8.1918,-666.444655,24.03716
2025-11-06,sz.300290,28.52,30.5,27.16,29.27,29.16,62447260,1803267171.71,0.3772,9.7644,-668.958678,24.127835
2025-11-07,sz.300290,29.6,29.64,28.5,28.73,29.27,26982322,777329833.71,-1.8449,4.219,-656.61711,23.682703
2025-11-10,sz.300290,28.98,29.0,27.87,28.6,28.73,31969959,906944005.84,-0.4525,4.9989,-653.645992,23.575541
2025-11-11,sz.300290,28.67,29.66,28.52,28.6,28.6,25771482,745344778.71,0.0,4.0297,-653.645992,23.575541
2025-11-12,sz.300290,28.44,29.17,27.79,28.48,28.6,26107637,740096089.44,-0.4196,4.0822,-650.903421,23.476623
2025-11-13,sz.300290,28.5,28.51,27.4,27.64,28.48,26197385,725080981.32,-2.9494,4.0963,-631.705427,22.784194
2025-11-14,sz.300290,27.32,28.88,27.14,28.08,27.64,29826332,838497660.18,1.5919,4.6637,-641.761519,23.146895
2025-11-17,sz.300290,27.5,28.12,27.5,27.82,28.08,20238392,561848434.86,-0.9259,3.1645,-635.819283,22.932572
2025-11-18,sz.300290,27.79,27.99,27.24,27.43,27.82,18524354,509467585.78,-1.4019,2.8965,-626.905929,22.611087
2025-11-19,sz.300290,27.55,27.55,25.86,26.39,27.43,28271808,749989869.05,-3.7915,4.4206,-603.136983,21.753795
2025-11-20,sz.300290,26.4,26.65,25.95,26.38,26.39,17846174,469489616.62,-0.0379,2.7905,-602.908436,21.745552
2025-11-21,sz.300290,25.99,26.25,24.68,24.68,26.38,23027447,581814844.56,-6.4443,3.6006,-564.055352,20.344208
2025-11-24,sz.300290,24.96,25.5,24.65,25.38,24.68,19347227,487055041.76,2.8363,3.0252,-580.053681,20.921232
2025-11-25,sz.300290,25.26,27.94,25.26,27.17,25.38,38638430,1035041950.1,7.0528,6.0416,-620.963692,22.396764
2025-11-26,sz.300290,26.84,27.27,26.53,26.77,27.17,22911256,616026919.01,-1.4722,3.5824,-611.82179,22.067036
2025-11-27,sz.300290,26.68,27.3,26.52,26.53,26.77,16471005,442856741.89,-0.8965,2.5754,-606.336649,21.8692
2025-11-28,sz.300290,27.2,27.2,26.21,26.8,26.53,14934028,397739608.66,1.0177,2.3351,-612.507433,22.091766
2025-12-01,sz.300290,26.41,26.86,25.76,26.13,26.8,18966895,498846720.02,-2.5,2.9657,-597.194747,21.539472
2025-12-02,sz.300290,25.81,25.89,24.91,25.19,26.13,17042245,429098752.26,-3.5974,2.6648,-575.711277,20.764611
2025-12-03,sz.300290,25.3,25.48,24.8,24.94,25.19,13719250,343545543.98,-0.9925,2.1452,-569.997589,20.558531
2025-12-04,sz.300290,25.55,26.35,25.19,25.27,24.94,24591857,634683690.41,1.3232,3.8452,-577.539658,20.830557
2025-12-05,sz.300290,25.23,26.35,25.23,26.25,25.27,23370379,607092189.36,3.8781,3.6542,-599.937318,21.63839
2025-12-08,sz.300290,27.0,31.5,27.0,31.5,26.25,56265076,1695954116.02,20.0,8.7977,-719.924781,25.966068
2025-12-09,sz.300290,32.13,33.33,31.54,32.01,31.5,68743842,2217060254.15,1.619,10.7489,-731.580706,26.386471
2025-12-10,sz.300290,31.61,31.95,29.71,30.23,32.01,52577136,1607640295.81,-5.5608,8.2211,-690.899242,24.919182
2025-12-11,sz.300290,30.24,30.6,29.43,29.45,30.23,28929192,862699564.95,-2.5802,4.5234,-673.072534,24.276213
2025-12-12,sz.300290,29.3,31.25,29.27,30.09,29.45,37823343,1137389661.86,2.1732,5.9141,-687.699577,24.803778
2025-12-15,sz.300290,29.7,30.11,29.1,29.53,30.09,20925148,621330012.74,-1.8611,3.2719,-674.900914,24.342159
2025-12-16,sz.300290,29.5,29.99,28.25,28.6,29.53,23391869,678921857.6,-3.1493,3.6576,-653.645992,23.575541
2025-12-17,sz.300290,28.61,29.13,28.5,29.0,28.6,18368553,530140234.77,1.3986,2.8721,-662.787894,23.905269
2025-12-18,sz.300290,28.71,30.08,28.56,29.26,29.0,26518457,783747068.96,0.8966,4.1465,-668.73013,24.119592
2025-12-19,sz.300290,29.34,30.9,26.66,30.21,29.26,43936699,1292559973.02,3.2468,6.87,-690.442147,24.902696
2025-12-22,sz.300290,29.7,30.41,28.61,30.33,30.21,32790223,971883648.74,0.3972,5.1271,-693.184718,25.001614
2025-12-23,sz.300290,30.04,30.32,28.8,28.86,30.33,26946699,788937985.41,-4.8467,4.2134,-659.588228,23.789864
2025-12-24,sz.300290,29.89,32.32,29.89,31.72,28.86,49556472,1553393597.14,9.9099,7.7487,-724.952827,26.147419
2025-12-25,sz.300290,31.6,32.0,30.8,31.79,31.72,30701907,962877557.16,0.2207,4.8006,-726.55266,26.205121
2025-12-26,sz.300290,32.11,32.8,27.72,28.78,31.79,74628246,2227168983.15,-9.4684,11.669,-657.759848,23.723919
2025-12-29,sz.300290,28.05,28.2,27.2,27.63,28.78,34840857,962341177.68,-3.9958,5.4478,-631.47688,22.775951
2025-12-30,sz.300290,27.46,27.98,27.27,27.32,27.63,22243872,612735004.82,-1.122,3.4781,-624.391906,22.520412
2025-12-31,sz.300290,27.5,27.99,25.9,27.53,27.32,26228186,715922643.92,0.7687,4.1011,-629.191404,22.693519
2026-01-05,sz.300290,27.53,27.75,27.27,27.44,27.53,20817782,572348691.96,-0.3269,3.2551,-627.134476,22.619331
2026-01-06,sz.300290,27.54,29.5,27.54,28.75,27.44,39466939,1138955404.84,4.7741,6.1711,-657.074205,23.699189
2026-01-07,sz.300290,23.0,24.99,23.0,23.0,28.75,93849486,2189797520.01,-20.0,14.6745,-525.659364,18.959351
2026-01-08,sz.300290,21.03,22.77,20.55,21.89,23.0,71209575,1534222429.66,-4.8261,11.1345,-500.290586,18.044357
2026-01-09,sz.300290,20.02,20.95,20.0,20.21,21.89,87484318,1774887017.16,-7.6747,13.6792,-461.894598,16.6595
2026-01-12,sz.300290,20.2,21.2,20.04,21.02,20.21,77487144,1599138115.19,4.0079,12.116,-480.406949,17.327199
2026-01-13,sz.300290,21.0,21.15,19.9,20.02,21.02,65857313,1340520954.46,-4.7574,10.2976,-457.552194,16.502879
2026-01-14,sz.300290,19.78,20.65,19.66,20.19,20.02,61745021,1245389357.44,0.8492,9.6546,-461.437503,16.643013
2026-01-15,sz.300290,20.0,20.15,19.08,19.36,20.19,52805239,1032467800.25,-4.1109,8.2567,-442.468056,15.958828
2026-01-16,sz.300290,19.26,19.47,18.77,18.83,19.36,41230362,782528988.71,-2.7376,6.4469,-430.355036,15.521939
2026-01-19,sz.300290,18.7,18.95,18.51,18.88,18.83,26123400,490894071.4,0.2655,4.0847,-431.497774,15.563155
2026-01-20,sz.300290,18.83,19.08,18.25,18.37,18.88,33893842,630758103.3,-2.7013,5.2997,-419.841849,15.142752
2026-01-21,sz.300290,18.25,18.39,18.03,18.11,18.37,26482886,481987866.11,-1.4154,4.1409,-413.899612,14.928428
2026-01-22,sz.300290,18.18,18.76,18.18,18.68,18.11,32772920,608315348.04,3.1474,5.1244,-426.926823,15.398291
2026-01-23,sz.300290,18.68,18.96,18.52,18.87,18.68,29405188,551665245.03,1.0171,4.5978,-431.269226,15.554911
2026-01-26,sz.300290,18.91,18.93,18.12,18.3,18.87,30579280,563532263.53,-3.0207,4.7814,-418.242016,15.085049
2026-01-27,sz.300290,18.21,18.35,17.55,18.0,18.3,25617350,457898789.94,-1.6393,4.0056,-411.385589,14.837753
2026-01-28,sz.300290,18.03,18.6,17.8,18.3,18.0,29658809,539966691.62,1.6667,4.6375,-418.242016,15.085049
2026-01-29,sz.300290,18.17,18.23,17.65,17.8,18.3,26435213,473572287.33,-2.7322,4.1335,-406.814638,14.672889
2026-01-30,sz.300290,17.7,17.85,17.3,17.4,17.8,22667540,396429546.01,-2.2472,3.5443,-397.672736,14.343161
2026-02-02,sz.300290,17.25,17.52,16.98,16.99,17.4,17707425,305330527.57,-2.3563,2.7688,-388.302287,14.00519
2026-02-03,sz.300290,17.18,17.59,17.14,17.58,16.99,22848695,396844479.56,3.4726,3.5727,-401.786592,14.491539
2026-02-04,sz.300290,17.45,17.66,17.33,17.52,17.58,15454309,270073648.98,-0.3413,2.4165,-400.415307,14.44208
2026-02-05,sz.300290,17.48,17.83,17.37,17.56,17.52,19655557,346663081.31,0.2283,3.0734,-401.329497,14.475053
2026-02-06,sz.300290,17.46,17.69,17.3,17.53,17.56,15059185,263448508.82,-0.1708,2.3547,-400.643854,14.450323
2026-02-09,sz.300290,17.69,17.98,17.63,17.89,17.53,19725852,352521529.37,2.0536,3.0844,-408.871566,14.747078
2026-02-10,sz.300290,17.89,18.46,17.8,18.08,17.89,27987141,508509678.17,1.062,4.3761,-413.21397,14.903699
2026-02-11,sz.300290,18.09,18.09,17.66,17.67,18.08,19424672,346181041.56,-2.2677,3.0373,-403.84352,14.565728
2026-02-12,sz.300290,17.6,17.77,17.45,17.48,17.67,15962329,280485971.23,-1.0753,2.4959,-399.501117,14.409107
2026-02-13,sz.300290,17.55,17.82,17.39,17.4,17.48,14356117,252415256.79,-0.4577,2.2447,-397.672736,14.343161
2026-02-24,sz.300290,17.55,17.63,17.26,17.27,17.4,15308488,265559476.49,-0.7471,2.3937,-394.701618,14.236
2026-02-25,sz.300290,17.28,17.79,17.21,17.65,17.27,19903603,349788748.62,2.2003,3.1122,-403.386425,14.549241
2026-02-26,sz.300290,17.65,17.65,17.25,17.29,17.65,18491487,320540924.09,-2.0397,2.8914,-395.158713,14.252486
2026-02-27,sz.300290,17.28,17.59,17.18,17.44,17.29,15597326,271380236.78,0.8676,2.4388,-398.586927,14.376134
2026-03-02,sz.300290,17.08,17.28,16.36,16.61,17.44,34579250,577910928.42,-4.7592,5.4069,-379.61748,13.691949
2026-03-03,sz.300290,16.65,16.75,15.77,15.79,16.61,25777733,417058886.0,-4.9368,4.0307,-360.876581,13.016007
2026-03-04,sz.300290,15.64,16.09,15.55,15.78,15.79,16065893,254774105.56,-0.0633,2.5121,-360.648033,13.007764
2026-03-05,sz.300290,16.05,16.26,15.97,16.06,15.78,16274339,261993481.55,1.7744,2.5447,-367.047365,13.238573
2026-03-06,sz.300290,15.92,16.29,15.89,16.29,16.06,13754308,221694109.37,1.4321,2.1506,-372.303958,13.428167
2026-03-09,sz.300290,15.98,16.28,15.81,16.24,16.29,16510621,264710136.02,-0.3069,2.5816,-371.161221,13.386951
2026-03-10,sz.300290,16.3,16.57,16.19,16.33,16.24,14318114,234004560.31,0.5542,2.2388,-373.218149,13.461139
2026-03-11,sz.300290,16.34,16.48,16.2,16.23,16.33,13841419,226082687.52,-0.6124,2.1643,-370.932673,13.378708
2026-03-12,sz.300290,16.13,16.3,15.89,15.93,16.23,13103878,210214473.76,-1.8484,2.0489,-364.076247,13.131412
2026-03-13,sz.300290,15.86,15.92,15.53,15.57,15.93,14082940,220961994.5,-2.2599,2.202,-355.848535,12.834657
2026-03-16,sz.300290,15.6,15.78,15.46,15.69,15.57,12596570,196732482.46,0.7707,1.9696,-358.591105,12.933575
